setor;Interessado;Paginas;Data;Arquivo
SEFAZ - RECEITA;SIMPLES NACIONAL - A. P. R. MENEZES;6;2026-07-10;
SEFAZ - RECEITA;OFICIO Nº 127-2017;206;2026-07-10;
SEFAZ - RECEITA;DOCUMENTOS DIVERSOS - COFIS-SEFAZ;22;2026-07-10;
SEFAZ - RECEITA;PROCESSO Nº 0091922020-7;26;2026-07-10;
SEFAZ - RECEITA;PROCESSO Nº 0007492020-0;4;2026-07-10;
SEFAZ - RECEITA;PMZ DISTRIBUIDORA S.A-NOTA FISCAL;2;2026-07-10;
SEFAZ - RECEITA;PROCESSO Nº 0007672020-9;11;2026-07-10;
SEFAZ - RECEITA;PROCESSO Nº 0113402020-1;59;2026-07-10;
SEFAZ - RECEITA;PROCESSO Nº 0003992020-8;6;2026-07-10;
SEFAZ - RECEITA;PROCESSO Nº 0035762020-8;10;2026-07-10;
SEFAZ - RECEITA;PROCESSO Nº 5600302025-3;10;2026-07-10;
SEFAZ - RECEITA;PROCESSO Nº 5601722025-0;20;2026-07-10;
SEFAZ - RECEITA;INFORMAÇAO FISCAL Nº 2022 NUFES 0455;243;2026-07-10;
SEFAZ - RECEITA;PROCESSO Nº 5638212025-1;13;2026-07-10;
SEFAZ - RECEITA;PROCESSO Nº 0079682019-8;838;2026-07-10;
SEFAZ - RECEITA;PROCESSO Nº 5638202025-7;12;2026-07-10;
SEFAZ - RECEITA;PROCESSO Nº 5181032025-9;9;2026-07-10;
SEFAZ - RECEITA;PROCESSO Nº 0091832022-4;39;2026-07-10;
SEFAZ - RECEITA;PROCESSO Nº 0096432022-3;14;2026-07-10;
SEFAZ - RECEITA;DOCUMENTOS DIVERSOS 2019-2020;35;2026-07-10;
SEFAZ - RECEITA;PROCESSO Nº 0153482018-3;59;2026-07-10;
SEFAZ - RECEITA;PROCESSO Nº 0132382019-1;35;2026-07-10;
SEFAZ - RECEITA;PROCESSO Nº 3030402025-7;27;2026-07-10;
SEFAZ - RECEITA;6872022025-1#CONQUISTA MOTOS E MOTORES LTDA#AUTORIZAÇÃO PARA SAIDA DE VEICULO#PROCESSO;34;2026-07-10;
SEFAZ - RECEITA;28730000542-2013#TELEMAR NORTE LESTA SA#FISCALIZAÇÃO#PROCESSO;358;2026-07-10;
SEFAZ - RECEITA;0006132018-8#LIQUIGAS DISTRIBUIDORA S.A#RESSARCIMENTO DO ICMS#PROCESSO;161;2026-07-10;
SEFAZ - RECEITA;0006152018-7#LIQUIGAS DISTRIBUIDORA S.A#RESSARCIMENTO DO ICMS#PROCESSO;192;2026-07-10;
SEFAZ - RECEITA;0069662019-7#NESTLE BRASIL LTDA#RESTITUIÇAO DO ICMS#PROCESSO;403;2026-07-10;
SEFAZ - RECEITA;PROCESSO Nº 0067852018-6;38;2026-07-10;
SEFAZ - RECEITA;PROCESSO Nº 0023402021-0;25;2026-07-10;
SEFAZ - RECEITA;PROCESSO Nº 0023372021-9;13;2026-07-10;
SEFAZ - RECEITA;PROCESSO Nº 0051392021-8;8;2026-07-10;
SEFAZ - RECEITA;PROCESSO Nº 0038302018-2;59;2026-07-10;
SEFAZ - RECEITA;PROCESSO Nº 0053452017-0;80;2026-07-10;
SEFAZ - RECEITA;PROCESSO Nº 0060242017-2;9;2026-07-10;
SEFAZ - RECEITA;PROCESSO Nº 0061012017-4;22;2026-07-10;
SEFAZ - RECEITA;IDENTIFICAÇAO DE ATUALIZAÇAO MAIO DE 2020;21;2026-07-10;
SEFAZ - RECEITA;EDSON MACIEL MENDONÇA;7;2026-07-10;
SEFAZ - RECEITA;PROCESSO Nº 0171172019-4;8;2026-07-10;
SEFAZ - RECEITA;PROCESSO Nº 0012532017-5;16;2026-07-10;
SEFAZ - RECEITA;PROCESSO Nº 0080432020-9;12;2026-07-10;
SEFAZ - RECEITA;PROCESSO Nº 0072672017-8;7;2026-07-10;
SEFAZ - RECEITA;PROCESSO Nº 0072662017-3;11;2026-07-10;
SEFAZ - RECEITA;PROCESSO Nº 0058852017-9;13;2026-07-10;
SEFAZ - RECEITA;PROCESSO Nº 0185122017-8;12;2026-07-10;
SEFAZ - RECEITA;PROCESSO Nº 0185092017-6;11;2026-07-10;
SEFAZ - RECEITA;PROCESSO Nº 0177012017-3;9;2026-07-10;
SEFAZ - RECEITA;PROCESSO Nº 0176992017-0;7;2026-07-10;
SEFAZ - RECEITA;PROCESSO Nº 0176952017-1;7;2026-07-10;
SEFAZ - RECEITA;PROCESSO Nº 0176972017-0;7;2026-07-10;
SEFAZ - RECEITA;PROCESSO Nº 0176932017-2;18;2026-07-10;
SEFAZ - RECEITA;PROCESSO Nº 0176912017-3;10;2026-07-10;
SEFAZ - RECEITA;PROCESSO Nº 0012522017-0;13;2026-07-10;
SEFAZ - RECEITA;PROCESSO Nº 0061022017-9;26;2026-07-10;
SEFAZ - RECEITA;PROCESSO Nº 0097742017-5;8;2026-07-10;
SEFAZ - RECEITA;PROCESSO Nº 0013142017-8;9;2026-07-10;
SEFAZ - RECEITA;PROCESSO Nº 0052002017-0;11;2026-07-10;
SEFAZ - RECEITA;PROCESSO Nº 0056732017-0;7;2026-07-10;
SEFAZ - RECEITA;PROCESSO Nº 0004712017-7;10;2026-07-10;
SEFAZ - RECEITA;PROCESSO Nº 0185082017-1;11;2026-07-10;
SEFAZ - RECEITA;PROCESSO Nº 0099202021-2;7;2026-07-10;
SEFAZ - RECEITA;PROCESSO Nº 0099042021-3;7;2026-07-10;
SEFAZ - RECEITA;PROCESSO Nº 0096412021-6;7;2026-07-10;
SEFAZ - RECEITA;PROCESSO Nº 0096442021-0;7;2026-07-10;
SEFAZ - RECEITA;PROCESSO Nº 0096882021-3;6;2026-07-10;
SEFAZ - RECEITA;PROCESSO Nº 0120772020-8;11;2026-07-10;
SEFAZ - RECEITA;PROCESSO Nº 0195632017-2;16;2026-07-10;
SEFAZ - RECEITA;PROCESSO Nº 0195502017-5;18;2026-07-10;
SEFAZ - RECEITA;PROCESSO Nº 0195492017-2;18;2026-07-10;
SEFAZ - RECEITA;PROCESSO Nº 0195482017-8;12;2026-07-10;
SEFAZ - RECEITA;PROCESSO Nº 0195472017-3;13;2026-07-10;
SEFAZ - RECEITA;PROCESSO Nº 0195462017-9;15;2026-07-10;
SEFAZ - RECEITA;PROCESSO Nº 0195452017-4;10;2026-07-10;
SEFAZ - RECEITA;PROCESSO Nº 0105182021-9;7;2026-07-10;
SEFAZ - RECEITA;CESBE S. A ENGENHARIA E EMPREENDIMENTOS- NOTAS FISCAIS 2012;60;2026-07-10;
SEFAZ - RECEITA;PROCESSO Nº 0132822020-6;453;2026-07-10;
SEFAZ - RECEITA;PROCESSO Nº 0046752018-6;113;2026-07-10;
SEFAZ - RECEITA;PROCESSO Nº 0163042022-0;10;2026-07-10;
SEFAZ - RECEITA;PROCESSO Nº 0163052022-5;10;2026-07-10;
SEFAZ - RECEITA;PROCESSO Nº 0163062022-0;10;2026-07-10;
SEFAZ - RECEITA;PROCESSO Nº 0163072022-4;11;2026-07-10;
SEFAZ - RECEITA;PROCESSO Nº 0163082022-9;10;2026-07-10;
SEFAZ - RECEITA;PROCESSO Nº 0163092022-3;11;2026-07-10;
SEFAZ - RECEITA;PROCESSO Nº 0163102022-6;10;2026-07-10;
SEFAZ - RECEITA;PROCESSO Nº 0163112022-0;11;2026-07-10;
SEFAZ - RECEITA;PROCESSO Nº 0163122022-5;11;2026-07-10;
SEFAZ - RECEITA;PROCESSO Nº 0166042022-9;7;2026-07-10;
SEFAZ - RECEITA;PROCESSO Nº 0165842022-5;9;2026-07-10;
SEFAZ - RECEITA;PROCESSO Nº 0165262022-2;11;2026-07-10;
SEFAZ - RECEITA;PROCESSO Nº 0165182022-8;11;2026-07-10;
SEFAZ - RECEITA;PROCESSO Nº 0165222022-4;16;2026-07-10;
SEFAZ - RECEITA;PROCESSO Nº 0166442022-3;11;2026-07-10;
SEFAZ - RECEITA;PROCESSO Nº 0166452022-8;11;2026-07-10;
SEFAZ - RECEITA;PROCESSO Nº 0165922022-0;10;2026-07-10;
SEFAZ - RECEITA;PROCESSO Nº 0166592022-0;7;2026-07-10;
SEFAZ - RECEITA;PROCESSO Nº 0163742022-6;9;2026-07-10;
SEFAZ - RECEITA;PROCESSO Nº 0168622022-7;9;2026-07-10;
SEFAZ - RECEITA;PROCESSO Nº 0168302022-7;11;2026-07-10;
SEFAZ - RECEITA;PROCESSO Nº 0171692022-1;13;2026-07-10;
SEFAZ - RECEITA;PROCESSO Nº 0163562022-8;14;2026-07-10;
SEFAZ - RECEITA;PROCESSO Nº 0164912022-2;12;2026-07-10;
SEFAZ - RECEITA;PROCESSO Nº 0165992022-1;6;2026-07-10;
SEFAZ - RECEITA;PROCESSO Nº 0168972022-0;8;2026-07-10;
SEFAZ - RECEITA;PROCESSO Nº 0168942022-7;8;2026-07-10;
SEFAZ - RECEITA;PROCESSO Nº 0168702022-1;14;2026-07-10;
SEFAZ - RECEITA;PROCESSO Nº 0164722022-0;11;2026-07-10;
SEFAZ - RECEITA;PROCESSO Nº 0170972022-0;9;2026-07-10;
SEFAZ - RECEITA;PROCESSO Nº 0163422022-6;8;2026-07-10;
SEFAZ - RECEITA;PROCESSO Nº 0164212022-7;6;2026-07-10;
SEFAZ - RECEITA;PROCESSO Nº 0163552022-3;8;2026-07-10;
SEFAZ - RECEITA;PROCESSO Nº 0164182022-5;8;2026-07-10;
SEFAZ - RECEITA;PROCESSO Nº 0164452022-2;8;2026-07-10;
SEFAZ - RECEITA;PROCESSO Nº 0164482022-6;8;2026-07-10;
SEFAZ - RECEITA;PROCESSO Nº 0164462022-7;8;2026-07-10;
SEFAZ - RECEITA;PROCESSO Nº 0164432022-3;17;2026-07-10;
SEFAZ - RECEITA;PROCESSO Nº 0164762022-8;11;2026-07-10;
SEFAZ - RECEITA;PROCESSO Nº 0164742022-9;16;2026-07-10;
SEFAZ - RECEITA;PROCESSO Nº 0170652022-0;11;2026-07-10;
SEFAZ - RECEITA;PROCESSO Nº 0168282022-0;17;2026-07-10;
SEFAZ - RECEITA;PROCESSO Nº 0164752022-3;15;2026-07-10;
SEFAZ - RECEITA;PROCESSO Nº 0170582022-0;10;2026-07-10;
SEFAZ - RECEITA;PROCESSO Nº 0170022022-5;18;2026-07-10;
SEFAZ - RECEITA;PROCESSO Nº 0165252022-8;6;2026-07-10;
SEFAZ - RECEITA;PROCESSO Nº 0169442022-1;15;2026-07-10;
SEFAZ - RECEITA;PROCESSO Nº 0166332022-5;7;2026-07-10;
SEFAZ - RECEITA;PROCESSO Nº 0208022021-7;20;2026-07-10;
SEFAZ - RECEITA;PROCESSO Nº 0171182022-9;9;2026-07-10;
SEFAZ - RECEITA;PROCESSO Nº 0169812022-2;8;2026-07-10;
SEFAZ - RECEITA;PROCESSO Nº 0168992022-0;13;2026-07-10;
SEFAZ - RECEITA;PROCESSO Nº 0167352022-7;9;2026-07-10;
SEFAZ - RECEITA;PROCESSO Nº 0163712022-2;12;2026-07-10;
SEFAZ - RECEITA;002-2017#SEFAZ-AP#ENCAMINHAMENTO DO MEMORANDO Nº 001-2017#MEMORANDO;96;2026-07-10;
SEFAZ - RECEITA;0000-2018#CAPITAL MORENA TRANSPORTE-EIRELI#CONCESSAO DE ISENÇAO DE ICMS#DIVERSOS;3;2026-07-10;
SEFAZ - RECEITA;0200-2018#J.J RABELO LTDA-ME#REFERENTE AO PROCESSO Nº 0148262015-4#INFORMAÇAO FISCAL;3;2026-07-10;
SEFAZ - RECEITA;017-2018#NUFES#MONITORAMENTO DE EMPRESAS PELO CANAL CINZA#MEMORANDO;2;2026-07-10;
SEFAZ - RECEITA;0000-2018#M.A PINHEIRO CASTRO-ME#FICHA DE INSCRIÇAO DO CONTRIBUINTE#DIVERSOS;16;2026-07-10;
SEFAZ - RECEITA;003-2018#SEFAZ-AP#REUNIAO PARA ORIENTAÇAO TECNICA#MEMORANDO;3;2026-07-10;
SEFAZ - RECEITA;04-2018#AFEAP#SOLICITAÇAO DE PARTICIPAÇAO DE EVENTO#OFICIO;15;2026-07-10;
SEFAZ - RECEITA;003-2018#SEFAZ-AP#ENCAMINHAR COPIAS DE PARECER E INFORMAÇAO FISCAL#MEMORANDO;17;2026-07-10;
SEFAZ - RECEITA;020-2018#SEFAZ-AP#ANALISE DE SITUAÇAO TRIBUTARIA#MEMORANDO;12;2026-07-10;
SEFAZ - RECEITA;011-2018#SEFAZ-AP#SOLICITA MANIFESTAÇAO QUANTO AOS IMPACTOS TRIBUTARIOS#MEMORANDO;4;2026-07-10;
SEFAZ - RECEITA;330-2018#GAB-AGENCIA AMAPA#PALESTRA SOBRE DESONERACAO#OFICIO;6;2026-07-10;
SEFAZ - RECEITA;002-2018#CRC-AP#ORIENTAÇÃO SOBRE ICMS-ST#DIVERSOS;3;2026-07-10;
SEFAZ - RECEITA;384-2018#GAB-SEFAZ#ENCAMINHAMENTO DE OFICIO Nº 0217-2018#OFICIO;5;2026-07-10;
SEFAZ - RECEITA;208-2017#COFIS-SET-RN#PEDIDO DE VERIFICAÇÃO FISCAL#OFICIO;9;2026-07-10;
SEFAZ - RECEITA;030-2009#FECOMERCIO#PEDIDO DE PRORROGAÇÃO DO DECRETO Nº 1738-2009#DIVERSOS;4;2026-07-10;
SEFAZ - RECEITA;0061872016-2#PROG-AP#OFICIO PARA SECRETARIO DA SEFAZ#PROCESSO;25;2026-07-10;
SEFAZ - RECEITA;1644-2017#GCG-SEFAZ#INFORMAÇÃO REF. OFICIO Nº 1220-2017#OFICIO;3;2026-07-10;
SEFAZ - RECEITA;0015102017-5#DOMESTILAR LTDA#REVISÃO DE FATURA#PROCESSO;27;2026-07-10;
SEFAZ - RECEITA;PROCESSO Nº 0083092014-5;262;2026-07-10;
SEFAZ - RECEITA;PROCESSO Nº 0057702014-5;216;2026-07-10;
SEFAZ - RECEITA;PROCESSO Nº 0083072014-6;218;2026-07-10;
SEFAZ - RECEITA;PROCESSO Nº 28730005652-2014;215;2026-07-10;
SEFAZ - RECEITA;PROCESSO Nº 0022392014;210;2026-07-10;
SEFAZ - RECEITA;PROCESSO Nº 0022402014;184;2026-07-10;
SEFAZ - RECEITA;PROCESSO Nº 0056602014;209;2026-07-10;
SEFAZ - RECEITA;PROCESSO Nº 0078802014;221;2026-07-10;
SEFAZ - RECEITA;PROCESSO Nº 0078862014;279;2026-07-10;
SEFAZ - RECEITA;PROCESSO Nº 3199402025-3;12;2026-07-10;
SEFAZ - RECEITA;PROCESSO Nº 3228092025-5;9;2026-07-10;
SEFAZ - RECEITA;PROCESSO Nº 3231392025-9;13;2026-07-10;
SEFAZ - RECEITA;PROCESSO Nº 3230762025-7;13;2026-07-10;
SEFAZ - RECEITA;PROCESSO Nº 3458422025-5;12;2026-07-10;
SEFAZ - RECEITA;PROCESSO Nº 3456682025-4;15;2026-07-10;
SEFAZ - RECEITA;PROCESSO Nº 3491072025-1;11;2026-07-10;
SEFAZ - RECEITA;PROCESSO Nº 3491932025-6;11;2026-07-10;
SEFAZ - RECEITA;PROCESSO Nº 3493552025-6;10;2026-07-10;
SEFAZ - RECEITA;PROCESSO Nº 3491862025-6;21;2026-07-10;
SEFAZ - RECEITA;PROCESSO Nº 3492092025-3;15;2026-07-10;
SEFAZ - RECEITA;PROCESSO Nº 3490242025-2;10;2026-07-10;
SEFAZ - RECEITA;PROCESSO Nº 3491052025-2;12;2026-07-10;
SEFAZ - RECEITA;PROCESSO Nº 3692342025-3;10;2026-07-10;
SEFAZ - RECEITA;PROCESSO Nº 3660352025-7;10;2026-07-10;
SEFAZ - RECEITA;PROCESSO Nº 3658672025-7;14;2026-07-10;
SEFAZ - RECEITA;PROCESSO Nº 3655992025-9;11;2026-07-10;
SEFAZ - RECEITA;PROCESSO Nº 3162632025-0;14;2026-07-10;
SEFAZ - RECEITA;PROCESSO Nº 3162622025-5;12;2026-07-10;
SEFAZ - RECEITA;PROCESSO Nº 3162652025-9;11;2026-07-10;
SEFAZ - RECEITA;PROCESSO Nº 3130242025-9;7;2026-07-10;
SEFAZ - RECEITA;PROCESSO Nº 3128282025-7;12;2026-07-10;
SEFAZ - RECEITA;PROCESSO Nº 3128882025-9;26;2026-07-10;
SEFAZ - RECEITA;PROCESSO Nº 3129102025-0;10;2026-07-10;
SEFAZ - RECEITA;PROCESSO Nº 3128392025-5;27;2026-07-10;
SEFAZ - RECEITA;PROCESSO Nº 3128362025-1;20;2026-07-10;
SEFAZ - RECEITA;PROCESSO Nº 3129912025-3;13;2026-07-10;
SEFAZ - RECEITA;PROCESSO Nº 3035362025-4;5;2026-07-10;
SEFAZ - RECEITA;PROCESSO Nº 3033572025-0;12;2026-07-10;
SEFAZ - RECEITA;PROCESSO Nº 3031272025-4;12;2026-07-10;
SEFAZ - RECEITA;PROCESSO Nº 3198512025-9;12;2026-07-10;
SEFAZ - RECEITA;PROCESSO Nº 3198542025-2;19;2026-07-10;
SEFAZ - RECEITA;PROCESSO Nº 3199372025-1;13;2026-07-10;
SEFAZ - RECEITA;PROCESSO Nº 3401682025-1;8;2026-07-10;
SEFAZ - RECEITA;PROCESSO Nº 3454422025-4;7;2026-07-10;
SEFAZ - RECEITA;PROCESSO Nº 3623732025-3;10;2026-07-10;
SEFAZ - RECEITA;PROCESSO Nº 3621982025-8;13;2026-07-10;
SEFAZ - RECEITA;PROCESSO Nº 3653582025-4;13;2026-07-10;
SEFAZ - RECEITA;PROCESSO Nº 3653652025-4;14;2026-07-10;
SEFAZ - RECEITA;PROCESSO Nº 3625302025-0;10;2026-07-10;
SEFAZ - RECEITA;PROCESSO Nº 3162692025-7;52;2026-07-10;
SEFAZ - RECEITA;PROCESSO Nº 3162742025-8;14;2026-07-10;
SEFAZ - RECEITA;PROCESSO Nº 3166642025-5;10;2026-07-10;
SEFAZ - RECEITA;PROCESSO Nº 3230652025-9;21;2026-07-10;
SEFAZ - RECEITA;PROCESSO Nº 3261992025-6;11;2026-07-10;
SEFAZ - RECEITA;PROCESSO Nº 3228812025-8;9;2026-07-10;
SEFAZ - RECEITA;PROCESSO Nº 3228782025-6;13;2026-07-10;
SEFAZ - RECEITA;PROCESSO Nº 3228832025-7;12;2026-07-10;
SEFAZ - RECEITA;PROCESSO Nº 3228862025-0;10;2026-07-10;
SEFAZ - RECEITA;PROCESSO Nº 3228872025-5;9;2026-07-10;
SEFAZ - RECEITA;PROCESSO Nº 3228772025-1;11;2026-07-10;
SEFAZ - RECEITA;PROCESSO Nº 3355082025-9;11;2026-07-10;
SEFAZ - RECEITA;PROCESSO Nº 3265442025-6;12;2026-07-10;
SEFAZ - RECEITA;PROCESSO Nº 3265412025-2;11;2026-07-10;
SEFAZ - RECEITA;PROCESSO Nº 3265452025-0;12;2026-07-10;
SEFAZ - RECEITA;PROCESSO Nº 3264712025-0;12;2026-07-10;
SEFAZ - RECEITA;PROCESSO Nº 3264722025-5;12;2026-07-10;
SEFAZ - RECEITA;PROCESSO Nº 3944732025-2;24;2026-07-10;
SEFAZ - RECEITA;PROCESSO Nº 3946382025-6;13;2026-07-10;
SEFAZ - RECEITA;PROCESSO Nº 3948052025-7;13;2026-07-10;
SEFAZ - RECEITA;PROCESSO Nº 9968412025-7;20;2026-07-10;
SEFAZ - RECEITA;PROCESSO Nº 9966932025-9;20;2026-07-10;
SEFAZ - RECEITA;PROCESSO Nº 9962532025-3;5;2026-07-10;
SEFAZ - RECEITA;PROCESSO Nº 9965382025-7;11;2026-07-10;
SEFAZ - RECEITA;PROCESSO Nº 9969852025-2;9;2026-07-10;
SEFAZ - RECEITA;PROCESSO Nº 9859392025-0;17;2026-07-10;
SEFAZ - RECEITA;PROCESSO Nº 9859422025-1;9;2026-07-10;
SEFAZ - RECEITA;PROCESSO Nº 9832542025-1;11;2026-07-10;
SEFAZ - RECEITA;PROCESSO Nº 9832082025-1;7;2026-07-10;
SEFAZ - RECEITA;PROCESSO Nº 9869272025-9;16;2026-07-10;
SEFAZ - RECEITA;PROCESSO Nº 9869282025-3;15;2026-07-10;
SEFAZ - RECEITA;PROCESSO Nº 9869292025-8;22;2026-07-10;
SEFAZ - RECEITA;PROCESSO Nº 9871052025-2;8;2026-07-10;
SEFAZ - RECEITA;PROCESSO Nº 9899332025-0;8;2026-07-10;
SEFAZ - RECEITA;PROCESSO Nº 9899362025-3;32;2026-07-10;
SEFAZ - RECEITA;PROCESSO Nº 9899292025-3;17;2026-07-10;
SEFAZ - RECEITA;PROCESSO Nº 9899282025-9;8;2026-07-10;
SEFAZ - RECEITA;PROCESSO Nº 9717272025-3;21;2026-07-10;
SEFAZ - RECEITA;PROCESSO Nº 9717102025-8;8;2026-07-10;
SEFAZ - RECEITA;PROCESSO Nº 9907582025-9;10;2026-07-10;
SEFAZ - RECEITA;PROCESSO Nº 9909782025-1;11;2026-07-10;
SEFAZ - RECEITA;PROCESSO Nº 9968172025-3;9;2026-07-10;
SEFAZ - RECEITA;PROCESSO Nº 9967172025-0;20;2026-07-10;
SEFAZ - RECEITA;PROCESSO Nº 9968012025-2;21;2026-07-10;
SEFAZ - RECEITA;PROCESSO Nº 9968352025-1;20;2026-07-10;
SEFAZ - RECEITA;PROCESSO Nº 9863602025-5;13;2026-07-10;
SEFAZ - RECEITA;PROCESSO Nº 9899312025-0;12;2026-07-10;
SEFAZ - RECEITA;PROCESSO Nº 5676272025-0;57;2026-07-10;
SEFAZ - RECEITA;PROCESSO Nº 0352872026-3;8;2026-07-10;
SEFAZ - RECEITA;PROCESSO Nº 0351542026-6;10;2026-07-10;
SEFAZ - RECEITA;PROCESSO Nº 0168342022-5;13;2026-07-10;
SEFAZ - RECEITA;PROCESSO Nº 0168332022-0;14;2026-07-10;
SEFAZ - RECEITA;PROCESSO Nº 0168372022-9;14;2026-07-10;
SEFAZ - RECEITA;PROCESSO Nº 0168382022-3;13;2026-07-10;
SEFAZ - RECEITA;PROCESSO Nº 0083112023-1;26;2026-07-10;
SEFAZ - RECEITA;PROCESSO Nº 0145532015-3;60;2026-07-10;
SEFAZ - RECEITA;PROCESSO Nº 0007172022-7;14;2026-07-10;
SEFAZ - RECEITA;PROCESSO Nº 0168352022-0;10;2026-07-10;
SEFAZ - RECEITA;PROCESSO Nº 0022452022-9;8;2026-07-10;
SEFAZ - RECEITA;PROCESSO Nº 0115332017-7;8;2026-07-10;
SEFAZ - RECEITA;PROCESSO Nº 0059942022-7;7;2026-07-10;
SEFAZ - RECEITA;PROCESSO Nº 0083652017-3;15;2026-07-10;
SEFAZ - RECEITA;DADOS BASICOS - 2025;23;2026-07-10;
SEFAZ - RECEITA;PROCESSO Nº 0084482022-4;12;2026-07-10;
SEFAZ - RECEITA;PROCESSO Nº 0084892022-8;12;2026-07-10;
SEFAZ - RECEITA;PROCESSO Nº 0084922022-0;12;2026-07-10;
SEFAZ - RECEITA;PROCESSO Nº 0084932022-4;12;2026-07-10;
SEFAZ - RECEITA;PROCESSO Nº 0084942022-9;12;2026-07-10;
SEFAZ - RECEITA;PROCESSO Nº 0044042022-9;62;2026-07-10;
SEFAZ - RECEITA;PROCESSO Nº 0084892022-8 -SEFAZ AP;12;2026-07-10;
SEFAZ - RECEITA;PROCESSO Nº 0084862022-4;12;2026-07-10;
SEFAZ - RECEITA;PROCESSO Nº 0067292022-0;134;2026-07-10;
SEFAZ - RECEITA;PROCESSO Nº 0044092022-1;61;2026-07-10;
SEFAZ - RECEITA;PROCESSO Nº 0044022022-0;60;2026-07-10;
SEFAZ - RECEITA;PROCESSO Nº 0088752022-7;38;2026-07-10;
SEFAZ - RECEITA;PROCESSO Nº 0107342022-1;33;2026-07-10;
SEFAZ - RECEITA;PROCESSO Nº 0099042015-9;39;2026-07-10;
SEFAZ - RECEITA;INFORMAÇÃO FISCAL Nº 0257-2022;2;2026-07-10;
SEFAZ - RECEITA;PROCESSO Nº 0196972021-2;22;2026-07-10;
SEFAZ - RECEITA;PROCESSO Nº 0109682016-1;13;2026-07-10;
SEFAZ - RECEITA;PROCESSO Nº 0091882016-2;8;2026-07-10;
SEFAZ - RECEITA;PROCESSO Nº 0045402016-3;28;2026-07-10;
SEFAZ - RECEITA;PROCESSO Nº 0089192022-6;26;2026-07-10;
SEFAZ - RECEITA;PROCESSO Nº 0013172023-6;28;2026-07-10;
SEFAZ - RECEITA;PROCESSO Nº 9288612025-1;47;2026-07-10;
SEFAZ - RECEITA;PROCESSO Nº 9288312025-0;43;2026-07-10;
SEFAZ - RECEITA;PROCESSO Nº 9288342025-4;35;2026-07-10;
SEFAZ - RECEITA;PROCESSO Nº 2057762025-8;23;2026-07-10;
SEFAZ - RECEITA;MAPA ANUAL DE FERIAS POR PERIODO - SEFAZ-AP - 2025;14;2026-07-10;
SEFAZ - RECEITA;PROCESSO Nº 0057482017-5;4;2026-07-10;
SEFAZ - RECEITA;EMISSÃO DE NOTA FISCAL - CARLOS JOSE GATO DA COSTA;10;2026-07-10;
SEFAZ - RECEITA;PROCESSO Nº 0131812017-9;7;2026-07-10;
SEFAZ - RECEITA;PROCESSO Nº 0131862017-1;7;2026-07-10;
SEFAZ - RECEITA;PROCESSO Nº 0028002018-0;9;2026-07-10;
SEFAZ - RECEITA;PROCESSO Nº 0171812017-6;10;2026-07-10;
SEFAZ - RECEITA;PROCESSO Nº 0171832017-5;7;2026-07-10;
SEFAZ - RECEITA;PROCESSO Nº 0125902017-7;7;2026-07-10;
SEFAZ - RECEITA;PROCESSO Nº 0013602018-6;9;2026-07-10;
SEFAZ - RECEITA;PROCESSO Nº 0013682018-2;16;2026-07-10;
SEFAZ - RECEITA;PROCESSO Nº 0013712018-4;13;2026-07-10;
SEFAZ - RECEITA;PROCESSO Nº 0013492018-0;7;2026-07-10;
SEFAZ - RECEITA;PROCESSO Nº 0013742018-8;9;2026-07-10;
SEFAZ - RECEITA;PROCESSO Nº 0134412017-2;6;2026-07-10;
SEFAZ - RECEITA;PROCESSO Nº 0115802017-1;7;2026-07-10;
SEFAZ - RECEITA;PROCESSO Nº 0069742018-3;17;2026-07-10;
SEFAZ - RECEITA;PROCESSO Nº 0142912017-7;9;2026-07-10;
SEFAZ - RECEITA;PROCESSO Nº 0195652017-1;4;2026-07-10;
SEFAZ - RECEITA;PROCESSO Nº 0195642017-7;7;2026-07-10;
SEFAZ - RECEITA;PROCESSO Nº 0116572017-5;13;2026-07-10;
SEFAZ - RECEITA;PROCESSO Nº 0078862017-7;13;2026-07-10;
SEFAZ - RECEITA;PROCESSO Nº 0083612017-5;14;2026-07-10;
SEFAZ - RECEITA;PROCESSO Nº 0083002017-9;8;2026-07-10;
SEFAZ - RECEITA;PROCESSO Nº 0127772017-7;4;2026-07-10;
SEFAZ - RECEITA;PROCESSO Nº 0127762017-2;4;2026-07-10;
SEFAZ - RECEITA;PROCESSO Nº 0050152018-0;7;2026-07-10;
SEFAZ - RECEITA;PROCESSO Nº 0102772017-0;78;2026-07-10;
SEFAZ - RECEITA;PROCESSO Nº 0160102017-1;6;2026-07-10;
SEFAZ - RECEITA;PROCESSO Nº 0160092017-9;5;2026-07-10;
SEFAZ - RECEITA;PROCESSO Nº 0141792017-3;31;2026-07-10;
SEFAZ - RECEITA;PROCESSO Nº 0128932017-9;11;2026-07-10;
SEFAZ - RECEITA;PROCESSO Nº 0128942017-3;7;2026-07-10;
SEFAZ - RECEITA;PROCESSO Nº 0154232017-8;11;2026-07-10;
SEFAZ - RECEITA;PROCESSO Nº 0111722017-6;7;2026-07-10;
SEFAZ - RECEITA;PROCESSO Nº 0128222017-9;5;2026-07-10;
SEFAZ - RECEITA;PROCESSO Nº 0192722017-3;5;2026-07-10;
SEFAZ - RECEITA;PROCESSO Nº 0125012017-9;6;2026-07-10;
SEFAZ - RECEITA;PROCESSO Nº 0137752017-0;9;2026-07-10;
SEFAZ - RECEITA;PROCESSO Nº 0156782017-4;7;2026-07-10;
SEFAZ - RECEITA;PROCESSO Nº 0171122017-5;7;2026-07-10;
SEFAZ - RECEITA;PROCESSO Nº 0156772017-0;5;2026-07-10;
SEFAZ - RECEITA;PROCESSO Nº 0017142018-7;7;2026-07-10;
SEFAZ - RECEITA;PROCESSO Nº 0017092018-6;9;2026-07-10;
SEFAZ - RECEITA;PROCESSO Nº 0017152018-1;8;2026-07-10;
SEFAZ - RECEITA;PROCESSO Nº 0017172018-0;8;2026-07-10;
SEFAZ - RECEITA;PROCESSO Nº 0017102018-9;8;2026-07-10;
SEFAZ - RECEITA;PROCESSO Nº 0017132018-2;7;2026-07-10;
SEFAZ - RECEITA;PROCESSO Nº 0017282018-9;4;2026-07-10;
SEFAZ - RECEITA;PROCESSO Nº 0123662017-8;9;2026-07-10;
SEFAZ - RECEITA;PROCESSO Nº 0123682017-7;8;2026-07-10;
SEFAZ - RECEITA;PROCESSO Nº 0007562018-9;6;2026-07-10;
SEFAZ - RECEITA;PROCESSO Nº 0007502018-1;5;2026-07-10;
SEFAZ - RECEITA;PROCESSO Nº 0012642018-1;5;2026-07-10;
SEFAZ - RECEITA;PROCESSO Nº 0102742017-6;34;2026-07-10;
SEFAZ - RECEITA;PROCESSO Nº 0005412018-7;10;2026-07-10;
SEFAZ - RECEITA;PROCESSO Nº 0123432017-7;10;2026-07-10;
SEFAZ - RECEITA;PROCESSO Nº 0146462017-2;8;2026-07-10;
SEFAZ - RECEITA;PROCESSO Nº 0117072018-8;14;2026-07-10;
SEFAZ - RECEITA;PROCESSO Nº 0122702017-1;6;2026-07-10;
SEFAZ - RECEITA;PROCESSO Nº 0014132018-4;8;2026-07-10;
SEFAZ - RECEITA;PROCESSO Nº 0195732017-6;8;2026-07-10;
SEFAZ - RECEITA;PROCESSO Nº 0158852017-0;7;2026-07-10;
SEFAZ - RECEITA;PROCESSO Nº 0069872018-0;16;2026-07-10;
SEFAZ - RECEITA;PROCESSO Nº 0069702018-5;22;2026-07-10;
SEFAZ - RECEITA;PROCESSO Nº 0155412017-9;38;2026-07-10;
SEFAZ - RECEITA;PROCESSO Nº 0155402017-4;37;2026-07-10;
SEFAZ - RECEITA;PROCESSO Nº 0155392017-1;40;2026-07-10;
SEFAZ - RECEITA;PROCESSO Nº 0123442017-1;19;2026-07-10;
SEFAZ - RECEITA;PROCESSO Nº 0137442017-4;52;2026-07-10;
SEFAZ - RECEITA;PROCESSO Nº 0155432017-8;39;2026-07-10;
SEFAZ - RECEITA;ICON INDUSTRIA DA CONSTRUÇAO CIVIL LTDA;22;2026-07-10;
SEFAZ - RECEITA;PROCESSO Nº 0011122021-1;6;2026-07-10;
SEFAZ - RECEITA;PROCESSO Nº 0125932020-0;8;2026-07-10;
SEFAZ - RECEITA;PROCESSO Nº 0128532020-4;4;2026-07-10;
SEFAZ - RECEITA;PROCESSO Nº 0124192020-6;5;2026-07-10;
SEFAZ - RECEITA;PROCESSO Nº 0124112020-0;5;2026-07-10;
SEFAZ - RECEITA;PROCESSO Nº 0124022020-0;9;2026-07-10;
SEFAZ - RECEITA;PROCESSO Nº 0123752020-7;12;2026-07-10;
SEFAZ - RECEITA;PROCESSO Nº 0123782020-0;23;2026-07-10;
SEFAZ - RECEITA;PROCESSO Nº 0119152020-0;3;2026-07-10;
SEFAZ - RECEITA;PROCESSO Nº 0103212020-7;2;2026-07-10;
SEFAZ - RECEITA;PROCESSO Nº 0011112021-7;24;2026-07-10;
SEFAZ - RECEITA;PROCESSO Nº 0114202020-7;40;2026-07-10;
SEFAZ - RECEITA;PROCESSO Nº 0124632020-7;43;2026-07-10;
SEFAZ - RECEITA;PROCESSO Nº 0024522020-8;16;2026-07-10;
SEFAZ - RECEITA;PROCESSO Nº 0038252020-3;5;2026-07-10;
SEFAZ - RECEITA;PROCESSO Nº 0042102020-2;16;2026-07-10;
SEFAZ - RECEITA;PROCESSO Nº 0043842020-9;21;2026-07-10;
SEFAZ - RECEITA;PROCESSO Nº 0043862020-8;8;2026-07-10;
SEFAZ - RECEITA;PROCESSO Nº 0043852020-3;16;2026-07-10;
SEFAZ - RECEITA;PROCESSO Nº 0035132020-2;12;2026-07-10;
SEFAZ - RECEITA;PROCESSO Nº 0035122020-8;9;2026-07-10;
SEFAZ - RECEITA;PROCESSO Nº 0131622020-6;5;2026-07-10;
SEFAZ - RECEITA;PROCESSO Nº 0125672020-8;29;2026-07-10;
SEFAZ - RECEITA;PROCESSO Nº 0118152020-7;12;2026-07-10;
SEFAZ - RECEITA;DEMONSTRATIVO DE CONTRA CHEQUE - ELIAS DIAS DA SILVA SOARES;6;2026-07-10;
SEFAZ - RECEITA;INTIMAÇÃO Nº 002-2014;22;2026-07-10;
SEFAZ - RECEITA;INSTRUMENTO PARTICUÇAR DE MANDATO;36;2026-07-10;
SEFAZ - RECEITA;CONTRATO DE SERVIÇOS E HONORARIO ADVOCATICIOS - VICENTE GOMES ADVOGADOS ASSOCIADOS;37;2026-07-10;
SEFAZ - RECEITA;AUTO DE INFRAÇÃO Nº 01391-2014;10;2026-07-10;
SEFAZ - RECEITA;GRUPO TRIBUTAÇÃO E FISCALIZAÇÃO - CAMARA DOS DEPUTADOS;8;2026-07-10;
SEFAZ - RECEITA;PROCESSO Nº 0174142019-9;71;2026-07-10;
SEFAZ - RECEITA;PROCESSO Nº 0174082019-3;25;2026-07-10;
SEFAZ - RECEITA;PROCESSO Nº 0174132019-4;18;2026-07-10;
SEFAZ - RECEITA;RECURSO VOLUNTARIO Nº 0000-2010;8;2026-07-10;
SEFAZ - RECEITA;PARECER E VOTO REF, PROCESSO Nº 28730.002114-98-7 - INDUSTRIA COMERCIO DE MINERIOS SA;7;2026-07-10;
SEFAZ - RECEITA;PARECER Nº 006-2006;4;2026-07-10;
SEFAZ - RECEITA;PARECER Nº 004-2008;22;2026-07-10;
SEFAZ - RECEITA;PROCESSO Nº 0164662018-6;41;2026-07-10;
SEFAZ - RECEITA;PROCESSO Nº 0164692018-0;14;2026-07-10;
SEFAZ - RECEITA;PROCESSO Nº 0120992018-2;11;2026-07-10;
SEFAZ - RECEITA;PROCESSO Nº 0191992019-6;35;2026-07-10;
SEFAZ - RECEITA;PROCESSO Nº 0174022019-6;25;2026-07-10;
SEFAZ - RECEITA;DOCUMENTOS DIVERSOS SUFRAMA;192;2026-07-10;
SEFAZ - RECEITA;PROCESSO Nº 0190982016-4;8;2026-07-10;
SEFAZ - RECEITA;PROCESSO Nº 0190992016-9;8;2026-07-10;
SEFAZ - RECEITA;PROCESSO Nº 0205082016-0;9;2026-07-10;
SEFAZ - RECEITA;PROCESSO Nº 0244852014;9;2026-07-10;
SEFAZ - RECEITA;PROCESSO Nº 0222982014-1;33;2026-07-10;
SEFAZ - RECEITA;PROCESSO Nº 0104712013;117;2026-07-10;
SEFAZ - RECEITA;PROCESSO Nº 0063162016-8;3;2026-07-10;
SEFAZ - RECEITA;PROCESSO Nº 0080002016-2;6;2026-07-10;
SEFAZ - RECEITA;PROCESSO Nº 0082802016-7;17;2026-07-10;
SEFAZ - RECEITA;PROCESSO Nº 0082852016-0;40;2026-07-10;
SEFAZ - RECEITA;PROCESSO Nº 0096212016-2;2;2026-07-10;
SEFAZ - RECEITA;PROCESSO Nº 0110242016-6;18;2026-07-10;
SEFAZ - RECEITA;PROCESSO Nº 0203022016-7;9;2026-07-10;
SEFAZ - RECEITA;PROCESSO Nº 0122072016-0;14;2026-07-10;
SEFAZ - RECEITA;PROCESSO Nº 0108342016-0;24;2026-07-10;
SEFAZ - RECEITA;PROCESSO Nº 0129842016-4;15;2026-07-10;
SEFAZ - RECEITA;PROCESSO Nº 0190962016-5;13;2026-07-10;
SEFAZ - RECEITA;PROCESSO Nº 0111092016-4;10;2026-07-10;
SEFAZ - RECEITA;PROCESSO Nº 0115942016-5;26;2026-07-10;
SEFAZ - RECEITA;PROCESSO Nº 0115902016-7;12;2026-07-10;
SEFAZ - RECEITA;PROCESSO Nº 0115892016-4;13;2026-07-10;
SEFAZ - RECEITA;PROCESSO Nº 0179382016-3;8;2026-07-10;
SEFAZ - RECEITA;PROCESSO Nº 0115922016-6;12;2026-07-10;
SEFAZ - RECEITA;PROCESSO Nº 0104692013;98;2026-07-10;
SEFAZ - RECEITA;PROCESSO Nº 0114272016-0;37;2026-07-10;
SEFAZ - RECEITA;PROCESSO Nº 0164252016-0;11;2026-07-10;
SEFAZ - RECEITA;PROCESSO Nº 0164262016-5;13;2026-07-10;
SEFAZ - RECEITA;PROCESSO Nº 0164372016-3;10;2026-07-10;
SEFAZ - RECEITA;PROCESSO Nº 0002162017-2;14;2026-07-10;
SEFAZ - RECEITA;PROCESSO Nº 0069072017-3;5;2026-07-10;
SEFAZ - RECEITA;PROCESSO Nº 0094102016-9;14;2026-07-10;
SEFAZ - RECEITA;PROCESSO Nº 0016672017-8;7;2026-07-10;
SEFAZ - RECEITA;PROCESSO Nº 0093372016-5;7;2026-07-10;
SEFAZ - RECEITA;PROCESSO Nº 0052982017-0;22;2026-07-10;
SEFAZ - RECEITA;PROCESSO Nº 0076492016-2;12;2026-07-10;
SEFAZ - RECEITA;PROCESSO Nº 0036612016-6;15;2026-07-10;
SEFAZ - RECEITA;PROCESSO Nº 0036602016-1;11;2026-07-10;
SEFAZ - RECEITA;PROCESSO Nº 0054912017-3;12;2026-07-10;
SEFAZ - RECEITA;PROCESSO Nº 0180432016-1;11;2026-07-10;
SEFAZ - RECEITA;PROCESSO Nº 0181922016-8;6;2026-07-10;
SEFAZ - RECEITA;PROCESSO Nº 0163222016-4;7;2026-07-10;
SEFAZ - RECEITA;PROCESSO Nº 0163212016-0;13;2026-07-10;
SEFAZ - RECEITA;PROCESSO Nº 0163232016-9;11;2026-07-10;
SEFAZ - RECEITA;PROCESSO Nº 0093592016-1;10;2026-07-10;
SEFAZ - RECEITA;PROCESSO Nº 0176202016-5;6;2026-07-10;
SEFAZ - RECEITA;PROCESSO Nº 0107602016-0;19;2026-07-10;
SEFAZ - RECEITA;PROCESSO Nº 0090072016-6;4;2026-07-10;
SEFAZ - RECEITA;PROCESSO Nº 0090032016-8;7;2026-07-10;
SEFAZ - RECEITA;PROCESSO Nº 0066092017-4;6;2026-07-10;
SEFAZ - RECEITA;PROCESSO Nº 0164392016-2;8;2026-07-10;
SEFAZ - RECEITA;PROCESSO Nº 0164332016-5;8;2026-07-10;
SEFAZ - RECEITA;PROCESSO Nº 0127852016-3;8;2026-07-10;
SEFAZ - RECEITA;PROCESSO Nº 0111462016-5;22;2026-07-10;
SEFAZ - RECEITA;PROCESSO Nº 0111472016-0;8;2026-07-10;
SEFAZ - RECEITA;PROCESSO Nº 0111492016-9;7;2026-07-10;
SEFAZ - RECEITA;PROCESSO Nº 0058222016-5;37;2026-07-10;
SEFAZ - RECEITA;PROCESSO Nº 0143572016-4;13;2026-07-10;
SEFAZ - RECEITA;PROCESSO Nº 0180442016-6;16;2026-07-10;
SEFAZ - RECEITA;PROCESSO Nº 0181862016-2;14;2026-07-10;
SEFAZ - RECEITA;PROCESSO Nº 0057482017-5;10;2026-07-10;
SEFAZ - RECEITA;PROCESSO Nº 0128612016-0;7;2026-07-10;
SEFAZ - RECEITA;PROCESSO Nº 0028272017-0;10;2026-07-10;
SEFAZ - RECEITA;PROCESSO Nº 0160022016-9;6;2026-07-10;
SEFAZ - RECEITA;PROCESSO Nº 0107292016-6;11;2026-07-10;
SEFAZ - RECEITA;PROCESSO Nº 0107322016-8;10;2026-07-10;
SEFAZ - RECEITA;PROCESSO Nº 0178652016-8;5;2026-07-10;
SEFAZ - RECEITA;PROCESSO Nº 0085942016-7;14;2026-07-10;
SEFAZ - RECEITA;PROCESSO Nº 0127932016-8;29;2026-07-10;
SEFAZ - RECEITA;PROCESSO Nº 0080822016-0;12;2026-07-10;
SEFAZ - RECEITA;PROCESSO Nº 0080842016-0;13;2026-07-10;
SEFAZ - RECEITA;PROCESSO Nº 0192352016-4;10;2026-07-10;
SEFAZ - RECEITA;PROCESSO Nº 0116552016-8;11;2026-07-10;
SEFAZ - RECEITA;PROCESSO Nº 0116542016-3;10;2026-07-10;
SEFAZ - RECEITA;PROCESSO Nº 0097622016-4;11;2026-07-10;
SEFAZ - RECEITA;PROCESSO Nº 0097632016-9;11;2026-07-10;
SEFAZ - RECEITA;PROCESSO Nº 0116532016-9;11;2026-07-10;
SEFAZ - RECEITA;PROCESSO Nº 0192382016-8;8;2026-07-10;
SEFAZ - RECEITA;PROCESSO Nº 0143562016-0;7;2026-07-10;
SEFAZ - RECEITA;PROCESSO Nº 0113292016-7;7;2026-07-10;
SEFAZ - RECEITA;PROCESSO Nº 0113312016-4;7;2026-07-10;
SEFAZ - RECEITA;PROCESSO Nº 0168142016-3;15;2026-07-10;
SEFAZ - RECEITA;PROCESSO Nº 0111482016-4;17;2026-07-10;
SEFAZ - RECEITA;A R FILHO & CIA LTDA-NOTA FISCAL;3;2026-07-10;
SEFAZ - RECEITA;PROCESSO Nº 0031952017-0;18;2026-07-10;
SEFAZ - RECEITA;PROCESSO Nº 0026732017-5;12;2026-07-10;
SEFAZ - RECEITA;PROCESSO Nº 0196352016-5;240;2026-07-10;
SEFAZ - RECEITA;012951-2014#TITO GUIMARAES NETO#ISENÇAO DE IPVA#PROCESSO;11;2026-07-10;
SEFAZ - RECEITA;009472-2014#JOSE JANIO COSTA TAVARES#ISENÇAO DE IPVA#PROCESSO;28;2026-07-10;
SEFAZ - RECEITA;0000-2026#COFIS-SEFAZ#DADOS BASICOS DE PROCESSOS#DIVERSOS;192;2026-07-10;
SEFAZ - RECEITA;DADOS DE CONTRIBUINTES - DIVERSOS;96;2026-07-10;
SEFAZ - RECEITA;MAPAS DE CONTROLE DIARIO DE VEICULOS 2016, 2018 E 2019;185;2026-07-10;
SEFAZ - RECEITA;DOCUMENTOS DIVERSOS;178;2026-07-10;
SEFAZ - RECEITA;0021872019-0#NESTLE BRASIL LTDA#RESTITUIÇÃO DO ICMS#PROCESSO;82;2026-07-10;
SEFAZ - RECEITA;6872082025-9#CONQUISTA MOTOS E MOTORES LTDA#AUTORIZAÇÃO PARA SAIDA DE VEICULO#PROCESSO;32;2026-07-10;
SEFAZ - RECEITA;0147352015-0#RAIMUNFO R. DE ALMEIDA ME#OFCIO PARA SECRETARIO DA SEFAZ#PROCESSO;18;2026-07-10;
SEFAZ - RECEITA;0000-0000#SEFAZ-AP#DOCUMENTOS DIVERSOS#DIVERSOS;400;2026-07-10;
SEFAZ - RECEITA;PROCESSO Nº 0031962017-4;7;2026-07-10;
SEFAZ - RECEITA;PROCESSO Nº 0031612017-0;13;2026-07-10;
SEFAZ - RECEITA;PROCESSO Nº 0031232017-5;13;2026-07-10;
SEFAZ - RECEITA;PROCESSO Nº 0023012017-2;9;2026-07-10;
SEFAZ - RECEITA;PROCESSO Nº 0021682017-0;16;2026-07-10;
SEFAZ - RECEITA;PROCESSO Nº 0020422017-3;8;2026-07-10;
SEFAZ - RECEITA;PROCESSO Nº 0019062017-0;9;2026-07-10;
SEFAZ - RECEITA;PROCESSO Nº 0014842017-6;13;2026-07-10;
SEFAZ - RECEITA;PROCESSO Nº 0013092017-7;7;2026-07-10;
SEFAZ - RECEITA;PROCESSO Nº 0013082017-2;6;2026-07-10;
SEFAZ - RECEITA;PROCESSO Nº 0005362017-8;12;2026-07-10;
SEFAZ - RECEITA;PROCESSO Nº 0002382017-9;9;2026-07-10;
SEFAZ - RECEITA;PROCESSO Nº 0001582017-3;12;2026-07-10;
SEFAZ - RECEITA;PROCESSO Nº 0001562017-4;5;2026-07-10;
SEFAZ - RECEITA;PROCESSO Nº 0001542017-5;12;2026-07-10;
SEFAZ - RECEITA;PROCESSO Nº 0001402017-3;15;2026-07-10;
SEFAZ - RECEITA;PROCESSO Nº 0001192017-3;12;2026-07-10;
SEFAZ - RECEITA;28730011004-2011#-#EMISSOR DE CUPOM FISCAL#PROCESSO;8;2026-07-10;
SEFAZ - RECEITA;28730019409-2011#-#EMISSOR DE CUPOM FISCAL#PROCESSO;9;2026-07-10;
SEFAZ - RECEITA;28730010397-2011#-#EMISSOR DE CUPOM FISCAL#PROCESSO;14;2026-07-10;
SEFAZ - RECEITA;28730014182-2011#-#EMISSOR DE CUPOM FISCAL#PROCESSO;7;2026-07-10;
SEFAZ - RECEITA;28730020954-2011#-#EMISSOR DE CUPOM FISCAL#PROCESSO;9;2026-07-10;
SEFAZ - RECEITA;28730015943-2011#-#EMISSOR DE CUPOM FISCAL#PROCESSO;7;2026-07-10;
SEFAZ - RECEITA;28730020485-2011#-#EMISSOR DE CUPOM FISCAL#PROCESSO;8;2026-07-10;
SEFAZ - RECEITA;28730020396-2011#-#EMISSOR DE CUPOM FISCAL#PROCESSO;13;2026-07-10;
SEFAZ - RECEITA;28730007190-2011#EZIR OLIVEIRA DAS CHAGAS#EMISSOR DE CUPOM FISCAL#PROCESSO;8;2026-07-10;
SEFAZ - RECEITA;28730002537-2011#EZIR OLIVEIRA DAS CHAGAS#EMISSOR DE CUPOM FISCAL#PROCESSO;8;2026-07-10;
SEFAZ - RECEITA;28730002544-2011#TANIA CRISTINA AMANAJAS DA SILVA#EMISSOR DE CUPOM FISCAL#PROCESSO;9;2026-07-10;
SEFAZ - RECEITA;28730002185-2011#COMPANHIA DE INFORMATICA LTDA ME#EMISSOR DE CUPOM FISCAL#PROCESSO;7;2026-07-10;
SEFAZ - RECEITA;28730022301-2011#-#EMISSOR DE CUPOM FISCAL#PROCESSO;10;2026-07-10;
SEFAZ - RECEITA;2873020476-2011#LIDER COMERCIO LTDA#EMISSOR DE CUPOM FISCAL#PROCESSO;19;2026-07-10;
SEFAZ - RECEITA;28730025878-2011#J. L. S. TENORIO#EMISSOR DE CUPOM FISCAL#PROCESSO;8;2026-07-10;
SEFAZ - RECEITA;0017656-89.2012.8.0.0001#P. A. VARIEDADES LTDA#MANDADO DE NOTIFICAÇÃO E INTIMAÇÃO#PROCESSO;74;2026-07-10;
SEFAZ - RECEITA;0145722024-5#MONACO MOTOCENTER LAGOA COMERCIAL LTDA#AUTORIZAÇAO SAIDA VEICULO#PROCESSO;8;2026-07-10;
SEFAZ - RECEITA;28730012045-2014#JOSE JORGE FERREIRA RECIO#ARRECADAÇÃO#PROCESSO;82;2026-07-10;
SEFAZ - RECEITA;0113752014-0#ISAIAS SANTANA FEREIRA#NOTIFICAÇÃO DE LANÇAMENTO#OFCIO PARA SECRETARIO DA SEFAZ#PROCESSO;19;2026-07-10;
SEFAZ - RECEITA;28730005348-2015#RACHEL LOIOLA & CIA LTDA#OFCIO PARA SECRETARIO DA SEFAZ#PROCESSO;13;2026-07-10;
SEFAZ - RECEITA;28730015784-2014#CESAR AVILA SOUSA#OFCIO PARA SECRETARIA#PROCESSO;14;2026-07-10;
SEFAZ - RECEITA;28730005127-2015#N. PESENTI IMPORTAÇÃO E EXPORTAÇÃO LTDA;35;2026-07-10;
SEFAZ - RECEITA;0245182012-2#R. NASCIMENTO DUARTE ME#RELATORIO DE COLETA DE DADOS#PROCESSO;95;2026-07-10;
SEFAZ - RECEITA;0100652015-5#LIDER COMERCIO LTDA-EPP#PEDIDO DE USO DE CREDITO TRIBUTARIO#PROCESSO;12;2026-07-10;
SEFAZ - RECEITA;9170152025-7#BRASIL NORTE BEBIDAS SA#COPIA REPROG. OU SEMELHANTE DE PROCESSO#PROCESSO;20;2026-07-10;
SEFAZ - RECEITA;0000-2025#ARNILTON ALVES DA SILVA#DECLARAÇÃO DE RESIDENCIA#DIVERSOS;4;2026-07-10;
SEFAZ - RECEITA;0000-2025#COFIS-SEFAZ-AP#DADOS BASICOS DE PROCESSOS ANO 2025#DIVERSOS;20;2026-07-10;
SEFAZ - RECEITA;7482512025-3#MONACO MOTOCENTER LAGOA COMERCIAL LTDA#AUTORIZAÇAO SAIDA VEICULO#PROCESSO;7;2026-07-10;
SEFAZ - RECEITA;0290412025-4#EQUINOCIO HOSPITALAR LTDA#RELATORIO EMITIDOS;110;2026-07-10;
SEFAZ - RECEITA;7764552025-6#EQUINOCIO HOSPITALAR LTDA#RELATORIO#PROCESSO;137;2026-07-10;
SEFAZ - RECEITA;2798482026-0#MONACO MOTOCENTER LAGOA COMERCIAL LTDA#AUTORIZAÇÃO PARA SAIDA DE VEICULO#PROCESSO;7;2026-07-10;
SEFAZ - RECEITA;2798032026-3#LUIS OLIVEIRA DA COSTA#AUTORIZAÇÃO PARA SAIDA DE VEICULO#PROCESSO;6;2026-07-10;
SEFAZ - RECEITA;2728352026-0#ELDORADO VEICULOS E PEÇAS LTDA#AUTORIZAÇÃO PARA SAIDA DE VEICULO#PROCESSO;9;2026-07-10;
SEFAZ - RECEITA;007-2017#JOSENILDO SANTOS ABRANTES#ANALISE TECNICA DE ACOMPANHAMENTO#DISVEROS;15;2026-07-10;
SEFAZ - RECEITA;013-2018#CEPAF-GAB-SEFAZ#REF. MEMORANDO Nº 041-2018#MEMORANDO;3;2026-07-10;
SEFAZ - RECEITA;016-2018#SEFAZ-COATE#INFORMAÇÕES SOBRE PROCESSO#MEMORANDO;4;2026-07-10;
SEFAZ - RECEITA;2265502026-0#ITAU UNIBANCO S.A#AUTORIZAÇÃO SAIDA VEICULO#PROCESSO;23;2026-07-10;
SEFAZ - RECEITA;2265452026-9#BANCO VOLKSWAGEM S.A#AUTORIZAÇAO SAIDA VEICULO#DADOS BASICOS;2;2026-07-10;
SEFAZ - RECEITA;0000-2026#SEFAZ-AP#DADOS BASICOS DE PROCESSO 2026#DIVERSOS;3;2026-07-10;
SEFAZ - RECEITA;PROTOCOLOS DE DESLOCAMENTO DE URGENCIA E EMERGENCIA 2017 E 2018;41;2026-07-10;
SEFAZ - RECEITA;PROCESSO Nº 7530582025-1;21;2026-07-10;
SEFAZ - RECEITA;013810-2014#ARI DA SILVA FERREIRA#ISENÇAO DE IPVA#PROCESSO;5;2026-07-10;
SEFAZ - RECEITA;013968-2014#JOAO ARMINDO SOUZA DA SILVA#ISENÇAO DE IPVA#PROCESSO;16;2026-07-10;
SEFAZ - RECEITA;0000-2014#GAB-SEFAZ#BAIXA DE TRIBUTO REF. PROCESSO Nº 28730008626-2014#DIVERSOS;7;2026-07-10;
SEFAZ - RECEITA;PROCESSO Nº 0125282016-0;6;2026-07-10;
SEFAZ - RECEITA;PROCESSO Nº 0111112016-1;7;2026-07-10;
SEFAZ - RECEITA;PROCESSO Nº 0117312016-5;6;2026-07-10;
SEFAZ - RECEITA;PROCESSO Nº 0194842016-3;5;2026-07-10;
SEFAZ - RECEITA;PROCESSO Nº 0127882016-7;5;2026-07-10;
SEFAZ - RECEITA;PROCESSO Nº 0127902016-4;6;2026-07-10;
SEFAZ - RECEITA;PROCESSO Nº 0127922016-3;9;2026-07-10;
SEFAZ - RECEITA;PROCESSO Nº 0068902016-3;6;2026-07-10;
SEFAZ - RECEITA;PROCESSO Nº 0051982016-9;6;2026-07-10;
SEFAZ - RECEITA;PROCESSO Nº 0058282016-2;7;2026-07-10;
SEFAZ - RECEITA;PROCESSO Nº 0073922016-0;9;2026-07-10;
SEFAZ - RECEITA;PROCESSO Nº 0138862016-2;6;2026-07-10;
SEFAZ - RECEITA;PROCESSO Nº 0105222016-9;22;2026-07-10;
SEFAZ - RECEITA;PROCESSO Nº 0113462016-0;7;2026-07-10;
SEFAZ - RECEITA;PROCESSO Nº 0144112016-5;5;2026-07-10;
SEFAZ - RECEITA;PROCESSO Nº 0147142016-7;6;2026-07-10;
SEFAZ - RECEITA;PROCESSO Nº 0058342016-8;10;2026-07-10;
SEFAZ - RECEITA;PROCESSO Nº 0070062017-6;6;2026-07-10;
SEFAZ - RECEITA;PROCESSO Nº 0069082017-8;5;2026-07-10;
SEFAZ - RECEITA;PROCESSO Nº 0020372017-2;8;2026-07-10;
SEFAZ - RECEITA;PROCESSO Nº 0020382017-7;13;2026-07-10;
SEFAZ - RECEITA;PROCESSO Nº 0164312016-6;9;2026-07-10;
SEFAZ - RECEITA;PROCESSO Nº 0114852016-3;16;2026-07-10;
SEFAZ - RECEITA;PROCESSO Nº 0054782018-6;2;2026-07-10;
SEFAZ - RECEITA;PROCESSO Nº 0004382016-6;32;2026-07-10;
SEFAZ - RECEITA;PROCESSO Nº 0125172016-1;12;2026-07-10;
SEFAZ - RECEITA;PROCESSO Nº 0108572016-0;15;2026-07-10;
SEFAZ - RECEITA;PROCESSO Nº 0058352016-2;4;2026-07-10;
SEFAZ - RECEITA;PROCESSO Nº 0024542015;14;2026-07-10;
SEFAZ - RECEITA;PROCESSO ADMINISTRATIVO Nº 28730.001425-99;4;2026-07-10;
SEFAZ - RECEITA;PROCESSO ADMINISTRATIVO Nº 28730.036082-2006;4;2026-07-10;
SEFAZ - RECEITA;RECURSO VOLUMTARIO Nº 021-2009-1;12;2026-07-10;
SEFAZ - RECEITA;MOVIMENTAÇÕES DE CONTRIBUINTE - P Q COSTA ME;6;2026-07-10;
SEFAZ - RECEITA;LEI Nº 1838 DE 23 DE SETEMBRO DE 2014;1;2026-07-10;
SEFAZ - RECEITA;MEMORANDO Nº 031-2014;13;2026-07-10;
SEFAZ - RECEITA;PROCESSO Nº 28730026041-2014;2;2026-07-10;
SEFAZ - RECEITA;PROCESSO Nº 0112572020-4;19;2026-07-10;
SEFAZ - RECEITA;PROCESSO Nº 0121472020-0;4;2026-07-10;
SEFAZ - RECEITA;PROCESSO Nº 0123942020-0;6;2026-07-10;
SEFAZ - RECEITA;PROCESSO Nº 0123952020-4;5;2026-07-10;
SEFAZ - RECEITA;PROCESSO Nº 0124682017-0;6;2026-07-10;
SEFAZ - RECEITA;PROCESSO Nº 0069832018-2;14;2026-07-10;
SEFAZ - RECEITA;PROCESSO Nº 0069902018-2;11;2026-07-10;
SEFAZ - RECEITA;PROCESSO Nº 0117102018-0;8;2026-07-10;
SEFAZ - RECEITA;PROCESSO Nº 0168852018-0;6;2026-07-10;
SEFAZ - RECEITA;PROCESSO Nº 0168862018-4;6;2026-07-10;
SEFAZ - RECEITA;PROCESSO Nº 0170782017-1;8;2026-07-10;
SEFAZ - RECEITA;PROCESSO Nº 0069922018-1;9;2026-07-10;
SEFAZ - RECEITA;PROCESSO Nº 0115832017-5;36;2026-07-10;
SEFAZ - RECEITA;PROCESSO Nº 0007602018-5;5;2026-07-10;
SEFAZ - RECEITA;PROCESSO Nº 0007582018-8;5;2026-07-10;
SEFAZ - RECEITA;PROCESSO Nº 0007512018-6;5;2026-07-10;
SEFAZ - RECEITA;PROCESSO Nº 0007522018-0;5;2026-07-10;
SEFAZ - RECEITA;PROCESSO Nº 0007532018-5;5;2026-07-10;
SEFAZ - RECEITA;PROCESSO Nº 0007542018-0;7;2026-07-10;
SEFAZ - RECEITA;PROCESSO Nº 0001422018-0;5;2026-07-10;
SEFAZ - RECEITA;PROCESSO Nº 0186792017-4;5;2026-07-10;
SEFAZ - RECEITA;PROCESSO Nº 0128542017-9;6;2026-07-10;
SEFAZ - RECEITA;PROCESSO Nº 0128502017-0;5;2026-07-10;
SEFAZ - RECEITA;PROCESSO Nº 0137732017-0;12;2026-07-10;
SEFAZ - RECEITA;PROCESSO Nº 0192602017-0;5;2026-07-10;
SEFAZ - RECEITA;PROCESSO Nº 0186822017-6;20;2026-07-10;
SEFAZ - RECEITA;PROCESSO Nº 0000822017-4;6;2026-07-10;
SEFAZ - RECEITA;PROCESSO Nº 0056112016-1;5;2026-07-10;
SEFAZ - RECEITA;PROCESSO Nº 0188712017-3;7;2026-07-10;
SEFAZ - RECEITA;PROCESSO Nº 0123912017-6;7;2026-07-10;
SEFAZ - RECEITA;PROCESSO Nº 0183592017-9;5;2026-07-10;
SEFAZ - RECEITA;PROCESSO Nº 0172262017-0;6;2026-07-10;
SEFAZ - RECEITA;PROCESSO Nº 0186782017-0;6;2026-07-10;
SEFAZ - RECEITA;PROCESSO Nº 0143502017-0;17;2026-07-10;
SEFAZ - RECEITA;PROCESSO Nº 0125462017-6;10;2026-07-10;
SEFAZ - RECEITA;PROCESSO Nº 0079872017-4;4;2026-07-10;
SEFAZ - RECEITA;PROCESSO Nº 0069662018-9;6;2026-07-10;
SEFAZ - RECEITA;PROCESSO Nº 0030.0746.1634.0001-2022;10;2026-07-10;
SEFAZ - RECEITA;MEMORANDO Nº 027-2021;25;2026-07-10;
SEFAZ - RECEITA;MEMORANDO Nº 025-2021;5;2026-07-10;
SEFAZ - RECEITA;OFICIO Nº 028-2022;3;2026-07-10;
SEFAZ - RECEITA;DESPACHO REF, PORTARIAO Nº 012-2019;2;2026-07-10;
SEFAZ - RECEITA;RELAÇÃO DE SERVIDORES EM USURFRUTO DE FERIAS - JULHO 2022;1;2026-07-10;
SEFAZ - RECEITA;PORTARIA Nº 016-2022;1;2026-07-10;
SEFAZ - RECEITA;PORTARIA Nº 052-2022;2;2026-07-10;
SEFAZ - RECEITA;PORTARIA Nº 031-2022;1;2026-07-10;
SEFAZ - RECEITA;RELAÇÃO DE SERVIDORES EM USURFRUTO DE FERIAS - SETEMBRO 2021;2;2026-07-10;
SEFAZ - RECEITA;PORTARIA Nº 032-2022;1;2026-07-10;
SEFAZ - RECEITA;PORTARIA Nº 508-08-2021;2;2026-07-10;
SEFAZ - RECEITA;PORTARIA Nº 340-2022;1;2026-07-10;
SEFAZ - RECEITA;RELAÇÃO DE SERVIDORES EM USURFRUTO DE FERIAS - MAIO 2022;2;2026-07-10;
SEFAZ - RECEITA;PORTARIA Nº 085-2022;1;2026-07-10;
SEFAZ - RECEITA;DEMONSTRATIVO DE AVALIAÇÃO DE DESEMPENHO DE PRODUÇÃO INDIVIDUAL - DIEBORA BARRETO BIKA;2;2026-07-10;
SEFAZ - RECEITA;DEMONSTRATIVO DE AVALIAÇÃO DE DESEMPENHO DE PRODUÇÃO INDIVIDUAL - MARIA SUELY ARAUJO DE OLIVEIRA;4;2026-07-10;
SEFAZ - RECEITA;PROCESSO Nº 0076732021-2;4;2026-07-10;
SEFAZ - RECEITA;CADASTRO DE SUBSTITUO TRIBUTARIO - JTZ INDUSTRIA E COMERCIO DE VEICULOS LTDA;9;2026-07-10;
SEFAZ - RECEITA;DEMONSTRATIVO DE AVALIAÇÃO DE DESEMPENHO DE PRODUÇÃO INDIVIDUAL - SUELY FRANCEZ RIBEIRO;2;2026-07-10;
SEFAZ - RECEITA;INFORMAÇÃO FISCAL Nº 0457-2021;2;2026-07-10;
SEFAZ - RECEITA;OFICIO Nº 1400101.0077.1613.0039-2021;2;2026-07-10;
SEFAZ - RECEITA;DADOS BASICOS REF. PROCESSO Nº 0025472009-9;2;2026-07-10;
SEFAZ - RECEITA;DADOS BASICOS REF. PROCESSO Nº 0025452009-0;2;2026-07-10;
SEFAZ - RECEITA;RELAÇÃO DE AUTOS DE INFRAÇÃO PARA JUNTADA;2;2026-07-10;
SEFAZ - RECEITA;DADOS BASICOS REF. PROCESSO Nº 0128562018-6;20;2026-07-10;
SEFAZ - RECEITA;OFICIO Nº 32412973-2022;2;2026-07-10;
SEFAZ - RECEITA;DADOS BASICOS REF. PROCESSO Nº 0037432016-0;3;2026-07-10;
SEFAZ - RECEITA;DADOS BASICOS REF. PROCESSO Nº 0037712014-6;9;2026-07-10;
SEFAZ - RECEITA;OFICIO Nº 32540944-2022;4;2026-07-10;
SEFAZ - RECEITA;MEMORANDO Nº 018-2022;4;2026-07-10;
SEFAZ - RECEITA;MEMORANDO Nº 013-2022;4;2026-07-10;
SEFAZ - RECEITA;OFICIO Nº 140101.0077.1927.0009-2022;6;2026-07-10;
SEFAZ - RECEITA;DADOS BASICOS DIVERSOS - SEFAZ-RECEITA - 2019;1;2026-07-10;
SEFAZ - RECEITA;RELATORIO ENTRADAS E SAIDAS DE ESTOQUE DE PARTES E PEÇAS - MINASOL EIRELI;3;2026-07-10;
SEFAZ - RECEITA;PROCESSO Nº 0029952022-6;4;2026-07-10;
SEFAZ - RECEITA;OFICIO Nº 140101.0077.1613.0242-2022;15;2026-07-10;
SEFAZ - RECEITA;MEMORANDO Nº 022-2022;4;2026-07-10;
SEFAZ - RECEITA;EDITAL DE INTMAÇÃO Nº 007-2022;1;2026-07-10;
SEFAZ - RECEITA;MEMORANDO CIRCULAR Nº 001-2022;1;2026-07-10;
SEFAZ - RECEITA;OFICIO Nº 140101.0077.1613.0207-2022;2;2026-07-10;
SEFAZ - RECEITA;INFORMAÇÃO FISCAL Nº 0381-2021;3;2026-07-10;
SEFAZ - RECEITA;OFICIO CIRCULAR Nº 0016-2021;3;2026-07-10;
SEFAZ - RECEITA;MEMORANDO CIRCULAR Nº 002-2021;1;2026-07-10;
SEFAZ - RECEITA;DIARIO OFICIAL Nº 7127-2020;2;2026-07-10;
SEFAZ - RECEITA;INFORMAÇÃO FISCAL Nº 0373-2022;2;2026-07-10;
SEFAZ - RECEITA;DIARIO OFICIAL Nº 7687-2022;3;2026-07-10;
SEFAZ - RECEITA;OFICIO Nº 14010.0077.1918.0002-2022;1;2026-07-10;
SEFAZ - RECEITA;TERMO DE AVALIAÇÃO FISCAL E CALCULO DO ITCD REF. PROCESSO Nº 5330782025-7;8;2026-07-10;
SEFAZ - RECEITA;OFICIO Nº 14010.0077.1613.0166-2025;9;2026-07-10;
SEFAZ - RECEITA;INFORMAÇÃO FISCAL Nº 0696-2025;3;2026-07-10;
SEFAZ - RECEITA;TERMO DE VERIFICAÇÃO DE OCORRENCIA - DELTA MAQUINAS LTDA;31;2026-07-10;
SEFAZ - RECEITA;INFORMAÇÃO FISCAL Nº 0710-2024;3;2026-07-10;
SEFAZ - RECEITA;MANDADO DE NOTIFICAÇÃO - J P NETO DISTRIBUIDORA LTDA;5;2026-07-10;
SEFAZ - RECEITA;INFORMAÇÃO FISCAL Nº 0668-2025;4;2026-07-10;
SEFAZ - RECEITA;PORTARIA Nº 104-2025;4;2026-07-10;
SEFAZ - RECEITA;DIARIO OFICIAL Nº 8230 DE 20 DE AGOSTO DE 2024;2;2026-07-10;
SEFAZ - RECEITA;DIARIO OFICIAL Nº 8457 DE 24 DE JULHO DE 2025;8;2026-07-10;
SEFAZ - RECEITA;MANDADO DE CUMPRIMENTO DE LIMINAR REF. PROCESSO Nº 6046976-28.2025.8.03.0001;4;2026-07-10;
SEFAZ - RECEITA;MANDADO DE CUMPRIMENTO DE LIMINAR REF. PROCESSO Nº 6054689-54.2025.8.03.0001 - VOCE TELECOMUNICAÇÕES LTDA;6;2026-07-10;
SEFAZ - RECEITA;MANDADO DE CUMPRIMENTO DE LIMINAR - VOCE TELECOMUNICAÇÕES LTDA;6;2026-07-10;
SEFAZ - RECEITA;DESPACHO REF. PROCESSO Nº 1934402025-6;1;2026-07-10;
SEFAZ - RECEITA;DESPACHO REF. PROCESSO Nº 2024722025-6;1;2026-07-10;
SEFAZ - RECEITA;DESPACHO REF. PROCESSO Nº 2705032025-0;1;2026-07-10;
SEFAZ - RECEITA;DESPACHO REF. PROCESSO Nº 0146432025-0;1;2026-07-10;
SEFAZ - RECEITA;DESPACHO REF. DOCUMENTO Nº 130101.0068.1038.1720-2025;5;2026-07-10;
SEFAZ - RECEITA;REF. TERMO DE ACORDO DE LICENÇA - NEIVA LUCIA DA COSTA NUNES;4;2026-07-10;
SEFAZ - RECEITA;INFORMAÇÃO FISCAL Nº 0367-2025;40;2026-07-10;
SEFAZ - RECEITA;INFORMAÇÃO FISCAL Nº 0354-2025;4;2026-07-10;
SEFAZ - RECEITA;INFORMAÇÃO FISCAL Nº 0413-2025;4;2026-07-10;
SEFAZ - RECEITA;INFORMAÇÃO FISCAL Nº 0425-2025;4;2026-07-10;
SEFAZ - RECEITA;INFORMAÇÃO FISCAL Nº 0280-2025;5;2026-07-10;
SEFAZ - RECEITA;INFORMAÇÃO FISCAL Nº 0397-2022;11;2026-07-10;
SEFAZ - RECEITA;INFORMAÇÃO FISCAL Nº 0271-2025;5;2026-07-10;
SEFAZ - RECEITA;INFORMAÇÃO FISCAL Nº 0270-2025;5;2026-07-10;
SEFAZ - RECEITA;INFORMAÇÃO FISCAL Nº 0278-2025;5;2026-07-10;
SEFAZ - RECEITA;INFORMAÇÃO FISCAL Nº 0272-2025;5;2026-07-10;
SEFAZ - RECEITA;INFORMAÇÃO FISCAL Nº 0279-2025;5;2026-07-10;
SEFAZ - RECEITA;OFICIO Nº 140101.0077.2582.0269-2025;11;2026-07-10;
SEFAZ - RECEITA;MANDADO DE NOTIFICAÇÃO REF. PROCESSO Nº 6008192-79.2025.8.03.0001;2;2026-07-10;
SEFAZ - RECEITA;REF. PROCESSO Nº 0129572025-6 INCLUSÃO DE EAC NO ATO COTEPE Nº 43-2023;5;2026-07-10;
SEFAZ - RECEITA;MEMORANDO Nº 026-2021;3;2026-07-10;
SEFAZ - RECEITA;MEMORANDO Nº 41-2021;1;2026-07-10;
SEFAZ - RECEITA;MEMORANDO Nº 036-2021;2;2026-07-10;
SEFAZ - RECEITA;OFICIO CIRCULAR Nº 140101.0078.1619.0001-2021;1;2026-07-10;
SEFAZ - RECEITA;MEMORANDO Nº 007-2020;1;2026-07-10;
SEFAZ - RECEITA;MEMORANDO Nº 042-2020;1;2026-07-10;
SEFAZ - RECEITA;MEMORANDO Nº 032-2021-COFIS;2;2026-07-10;
SEFAZ - RECEITA;MEMORANDO Nº 033-2021;1;2026-07-10;
SEFAZ - RECEITA;MEMORANDO Nº 032-2021;1;2026-07-10;
SEFAZ - RECEITA;MEMORANDO Nº 031-2021-COFIS;1;2026-07-10;
SEFAZ - RECEITA;OFICIO Nº 32645239-2022;2;2026-07-10;
SEFAZ - RECEITA;MEMORANDO Nº 006-2022;2;2026-07-10;
SEFAZ - RECEITA;DESPACHO REF. PROCESSO Nº 0021942019-0;1;2026-07-10;
SEFAZ - RECEITA;INFORMAÇÃO FISCAL Nº 0167-2022;2;2026-07-10;
SEFAZ - RECEITA;OFICIO Nº 140101.0077.1613.0222-2022;3;2026-07-10;
SEFAZ - RECEITA;OFICIO Nº 140101.0077.1617.0011-2022;1;2026-07-10;
SEFAZ - RECEITA;MEMORANDO Nº 031-2021;4;2026-07-10;
SEFAZ - RECEITA;MEMORANDO Nº 010-2022;4;2026-07-10;
SEFAZ - RECEITA;MEMORANDO Nº 011-2022-COFIS;5;2026-07-10;
SEFAZ - RECEITA;MEMORANDO Nº 011-2022;5;2026-07-10;
SEFAZ - RECEITA;MEMORANDO Nº 014-2022;2;2026-07-10;
SEFAZ - RECEITA;DADOS BASICOS REF. PROCESSO Nº 0047042012-0;4;2026-07-10;
SEFAZ - RECEITA;PROCESSO Nº 0087142022-3;24;2026-07-10;
SEFAZ - RECEITA;PROCESSO Nº 0087182022-1;26;2026-07-10;
SEFAZ - RECEITA;PROCESSO Nº 0208122021-0;7;2026-07-10;
SEFAZ - RECEITA;INFORMAÇÃO FISCAL Nº 0281-2022;4;2026-07-10;
SEFAZ - RECEITA;INFORMAÇÃO FISCAL Nº 0282-2022 - EMPRESA DE TRANSPORTES SANTANENSE LTDA EPP;2;2026-07-10;
SEFAZ - RECEITA;INFORMAÇÃO FISCAL Nº 0283-2022 - REF. PROCESSO Nº 0029972022-5;2;2026-07-10;
SEFAZ - RECEITA;INFORMAÇÃO FISCAL Nº 0283-2022 - EMPRESA DE TRANSPORTES SANTANENSE LTDA EPP;2;2026-07-10;
SEFAZ - RECEITA;INFORMAÇÃO FISCAL Nº 0283-2022;2;2026-07-10;
SEFAZ - RECEITA;INFORMAÇÃO FISCAL Nº 0282-2022;2;2026-07-10;
SEFAZ - RECEITA;PROCESSO Nº 0080842022-4;9;2026-07-10;
SEFAZ - RECEITA;RESUMO DE ATA REF.PROCESSO Nº 0177832019-8;15;2026-07-10;
SEFAZ - RECEITA;PROCESSO Nº 0059952022-1;7;2026-07-10;
SEFAZ - RECEITA;PROCESSO Nº 0166062022-8;6;2026-07-10;
SEFAZ - RECEITA;PROCESSO Nº 9902062025-8;9;2026-07-10;
SEFAZ - RECEITA;PROCESSO Nº 9902042025-9;9;2026-07-10;
SEFAZ - RECEITA;PROCESSO Nº 9901072025-0;9;2026-07-10;
SEFAZ - RECEITA;PROCESSO Nº 9901722025-2;9;2026-07-10;
SEFAZ - RECEITA;PROCESSO Nº 9900732025-4;9;2026-07-10;
SEFAZ - RECEITA;PROCESSO Nº 9900722025-0;9;2026-07-10;
SEFAZ - RECEITA;PROCESSO Nº 9900712025-5;9;2026-07-10;
SEFAZ - RECEITA;PROCESSO Nº 9900702025-0;9;2026-07-10;
SEFAZ - RECEITA;PROCESSO Nº 9900692025-8;9;2026-07-10;
SEFAZ - RECEITA;PROCESSO Nº 9900682025-3;9;2026-07-10;
SEFAZ - RECEITA;PROCESSO Nº 9722762025-5;10;2026-07-10;
SEFAZ - RECEITA;PROCESSO Nº 9872412025-1;13;2026-07-10;
SEFAZ - RECEITA;PROCESSO Nº 9871772025-7;16;2026-07-10;
SEFAZ - RECEITA;PROCESSO Nº 9859482025-9;10;2026-07-10;
SEFAZ - RECEITA;PROCESSO Nº 9832092025-6;7;2026-07-10;
SEFAZ - RECEITA;PROCESSO Nº 9832072025-7;7;2026-07-10;
SEFAZ - RECEITA;PROCESSO Nº 9832062025-2;7;2026-07-10;
SEFAZ - RECEITA;PROCESSO Nº 9832052025-8;7;2026-07-10;
SEFAZ - RECEITA;PROCESSO Nº 9833392025-0;11;2026-07-10;
SEFAZ - RECEITA;PROCESSO Nº 9833402025-2;11;2026-07-10;
SEFAZ - RECEITA;PROCESSO Nº 9860852025-7;9;2026-07-10;
SEFAZ - RECEITA;PROCESSO Nº 9859442025-0;9;2026-07-10;
SEFAZ - RECEITA;PROCESSO Nº 3948022025-3;12;2026-07-10;
SEFAZ - RECEITA;PROCESSO Nº 3358262025-5;7;2026-07-10;
SEFAZ - RECEITA;PROCESSO Nº 3358192025-5;7;2026-07-10;
SEFAZ - RECEITA;PROCESSO Nº 3358242025-6;7;2026-07-10;
SEFAZ - RECEITA;PROCESSO Nº 3358272025-0;8;2026-07-10;
SEFAZ - RECEITA;PROCESSO Nº 3357362025-6;7;2026-07-10;
SEFAZ - RECEITA;PROCESSO Nº 3357342025-7;7;2026-07-10;
SEFAZ - RECEITA;PROCESSO Nº 3357332025-2;7;2026-07-10;
SEFAZ - RECEITA;PROCESSO Nº 3357312025-3;7;2026-07-10;
SEFAZ - RECEITA;PROCESSO Nº 3358122025-3;7;2026-07-10;
SEFAZ - RECEITA;PROCESSO Nº 3358142025-2;7;2026-07-10;
SEFAZ - RECEITA;PROCESSO Nº 3358182025-0;7;2026-07-10;
SEFAZ - RECEITA;PROCESSO Nº 3358202025-8;7;2026-07-10;
SEFAZ - RECEITA;PROCESSO Nº 3357372025-0;7;2026-07-10;
SEFAZ - RECEITA;PROCESSO Nº 3358132025-8;7;2026-07-10;
SEFAZ - RECEITA;PROCESSO Nº 3357402025-2;7;2026-07-10;
SEFAZ - RECEITA;PROCESSO Nº 3357382025-5;7;2026-07-10;
SEFAZ - RECEITA;PROCESSO Nº 3357352025-1;7;2026-07-10;
SEFAZ - RECEITA;PROCESSO Nº 3357322025-8;7;2026-07-10;
SEFAZ - RECEITA;PROCESSO Nº 3358212025-2;7;2026-07-10;
SEFAZ - RECEITA;PROCESSO Nº 3358172025-6;7;2026-07-10;
SEFAZ - RECEITA;PROCESSO Nº 3357282025-1;7;2026-07-10;
SEFAZ - RECEITA;PROCESSO Nº 3228892025-4;22;2026-07-10;
SEFAZ - RECEITA;PROCESSO Nº 3165882025-8;10;2026-07-10;
SEFAZ - RECEITA;PROCESSO Nº 3621082025-5;11;2026-07-10;
SEFAZ - RECEITA;PROCESSO Nº 3621102025-2;11;2026-07-10;
SEFAZ - RECEITA;PROCESSO Nº 3621112025-7;11;2026-07-10;
SEFAZ - RECEITA;PROCESSO Nº 3621222025-5;22;2026-07-10;
SEFAZ - RECEITA;PROCESSO Nº 3621072025-0;11;2026-07-10;
SEFAZ - RECEITA;PROCESSO Nº 3621242025-4;11;2026-07-10;
SEFAZ - RECEITA;PROCESSO Nº 3621272025-8;11;2026-07-10;
SEFAZ - RECEITA;PROCESSO Nº 3621612025-5;11;2026-07-10;
SEFAZ - RECEITA;PROCESSO Nº 3427852025-5;7;2026-07-10;
SEFAZ - RECEITA;PROCESSO Nº 3454462025-2;7;2026-07-10;
SEFAZ - RECEITA;PROCESSO Nº 3454452025-8;7;2026-07-10;
SEFAZ - RECEITA;PROCESSO Nº 3454442025-3;7;2026-07-10;
SEFAZ - RECEITA;PROCESSO Nº 3454432025-9;7;2026-07-10;
SEFAZ - RECEITA;PROCESSO Nº 3428252025-6;7;2026-07-10;
SEFAZ - RECEITA;PROCESSO Nº 3424602025-7;7;2026-07-10;
SEFAZ - RECEITA;PROCESSO Nº 3424622025-6;7;2026-07-10;
SEFAZ - RECEITA;PROCESSO Nº 3424562025-0;7;2026-07-10;
SEFAZ - RECEITA;PROCESSO Nº 3424582025-0;7;2026-07-10;
SEFAZ - RECEITA;PROCESSO Nº 3195312025-3;9;2026-07-10;
SEFAZ - RECEITA;PROCESSO Nº 3129962025-6;7;2026-07-10;
SEFAZ - RECEITA;PROCESSO Nº 3129902025-9;7;2026-07-10;
SEFAZ - RECEITA;PROCESSO Nº 3129892025-6;7;2026-07-10;
SEFAZ - RECEITA;PROCESSO Nº 3129882025-1;8;2026-07-10;
SEFAZ - RECEITA;PROCESSO Nº 3129862025-2;7;2026-07-10;
SEFAZ - RECEITA;PROCESSO Nº 3129932025-2;7;2026-07-10;
SEFAZ - RECEITA;PROCESSO Nº 3129942025-7;7;2026-07-10;
SEFAZ - RECEITA;PROCESSO Nº 3133032025-5;8;2026-07-10;
SEFAZ - RECEITA;PROCESSO Nº 3133052025-4;8;2026-07-10;
SEFAZ - RECEITA;PROCESSO Nº 3160362025-7;11;2026-07-10;
SEFAZ - RECEITA;PROCESSO Nº 3658652025-8;14;2026-07-10;
SEFAZ - RECEITA;PROCESSO Nº 3491912025-7;11;2026-07-10;
SEFAZ - RECEITA;PROCESSO Nº 3231412025-6;13;2026-07-10;
SEFAZ - RECEITA;0027-2018#LIQUIGAS DISTRIBUIDORA S.A#INFORMAÇAO FISCAL REF AO PROCESSO Nº 0183782017-1#INFORMAÇAO FISCAL;3;2026-07-10;
SEFAZ - RECEITA;715-2017#IPIRANGA PRODUTOS DE PETROLEO S A#RESSARCIMENTO DE ICMS#INFORMAÇÃO FISCAL;2;2026-07-10;
SEFAZ - RECEITA;0080-2018#DOMESTILAR LTDA#REQUER COMPENSAÇÃO DE CREDITO DE ICMS#INFORMAÇÃO FISCAL;2;2026-07-10;
SEFAZ - RECEITA;017-2018#GAB-SEAD#ORIENTAÇÕES PARA USO DE SISTEMA#OFICIO CIRCULAR;5;2026-07-10;
SEFAZ - RECEITA;291-2016#CGAI-DRCI-SNJ-MJ#REFEREMTE A PROGRAMA NACIONAL DE CAPACITA#OFICIO;2;2026-07-10;
SEFAZ - RECEITA;005-2016#SEFAZ-AP#SOLICITAÇÃO DE RELATORIO#MEMORANDO CIRCULAR;3;2026-07-10;
SEFAZ - RECEITA;0185552015-0#A S DA S E SILVA EIRELI ME#PEDIDO DE PRORROGAÇÃO DE PRAZO DE INTIMAÇÃO#PROCESSO;2;2026-07-10;
SEFAZ - RECEITA;481-2018#L.I.S.A - LOGISTICA INTEGRADA SULAMERICANA SA#REF. RESTITUIÇÃO DE ICMS#INFORMAÇÃO FISCAL;3;2026-07-10;
SEFAZ - RECEITA;484-2018#HORTA VITAE DISTR. DE ALIMENTOS LTDA#REF. RESTITUIÇÃO DE ICMS#INFORMAÇÃO FISCAL;3;2026-07-10;
SEFAZ - RECEITA;0424-2018#H & H SOUZA LTDA#REF. RESTITUIÇÃO DE ICMS#INFORMAÇÃO FISCAL;4;2026-07-10;
SEFAZ - RECEITA;021-2010#Y. B. YATCHS COMERCIO DE EMBARCAÇÕES LTDA#SOLICITAÇÃO DE REGIME ESPECIAL#PARECER FISCAL;5;2026-07-10;
SEFAZ - RECEITA;007-2010#COTRI-SRE#ALTERA DISPOSITIVOS DO ATO DECLARATORIO Nº 011-2009#ATO DECLARATORIO;6;2026-07-10;
SEFAZ - RECEITA;0201-2018#GRACY A. DA CRUZ-EPP#REF. PROCESSO Nº 0152272015-4#INFORMAÇÃO FISCAL;2;2026-07-10;
SEFAZ - RECEITA;09-2018#FUTURA TEC. INDUSTRIA E COMERCIO DE PRODUTOS ELETRONICOS DA AMAZONIA LTDA#EXCLARECIMENTO#MEMORANDO;12;2026-07-10;
SEFAZ - RECEITA;118-2018#PTRI-PGE#ENCAMINHAMENTO DE DECRETO Nº 0287-2018#OFICIO;3;2026-07-10;
SEFAZ - RECEITA;07-2018#COMSEFAZ#RESTRIÇÃO DE SUBSTITUIÇÃO TRIBUTARIA DE ICMS#OFICIO;4;2026-07-10;
SEFAZ - RECEITA;16-2017#SIFISA-AP, DDA-AP, SFA-AP, MAPA#AÇÃO DE COMBATE A CLANDESTINIDADE#OFICIO;4;2026-07-10;
SEFAZ - RECEITA;002-2018#NUFES#SOLICITAÇAO DE OFICIO#MEMORANDO;3;2026-07-10;
SEFAZ - RECEITA;007-2017#SEFAZ-AP#DESIGNAR SERVIDORES DA COTEPE-ICMS#ORDEM DE SERVIÇO;5;2026-07-10;
SEFAZ - RECEITA;0000-2017#MANOEL D. SILVA EIRELI-EPP#FOLHA DE DESPACHO REF AO PROCESSO 0079492017-9#DIVERSOS;3;2026-07-10;
SEFAZ - RECEITA;0045892017-7#SEFAZ-CE#DENUNCIA DE OPERAÇAO REALIZADA#PROCESSO;2;2026-07-10;
SEFAZ - RECEITA;154-2015#ATACADAO DISTRIBUICAO COMERCIO E INDUSTRIA LTDA#REF AO PROCESSO Nº 020227-2015#INFORMAÇAO FISCAL;3;2026-07-10;
SEFAZ - RECEITA;020-2007#NUCLEO DE CONTROLE DE LANÇAMENTOS TRIBUTARIOS#TABELA DE VALORES VENAIS#MEMORANDO;2;2026-07-10;
SEFAZ - RECEITA;004-2018#SEFAZ-AP#OFICIO CIRCULAR Nº 05-2018-GAB-SEAD#MEMORANDO CIRCULAR;2;2026-07-10;
SEFAZ - RECEITA;060-2018#COFIS#SOLICITAÇAO DE AJUSTE#MEMORANDO;5;2026-07-10;
SEFAZ - RECEITA;013-2018#SEFAZ-AP#PROPOSTA DE ALTERAÇAO DA INSTRUÇAO NORMATIVA#MEMORANDO;1;2026-07-10;
SEFAZ - RECEITA;002-2009#GAB-SRE#PROCEDIMENTOS A SEREM ADOTADOS PELA FISCALIZAÇAO#INSTRUÇAO NORMATIVA;5;2026-07-10;
SEFAZ - RECEITA;004-2017#SEFAZ-AP#ALTERAÇAO NA INSTRUÇAO NORMATIVA Nº 002-2009#INSTRUÇAO NORMATIVA;2;2026-07-10;
SEFAZ - RECEITA;09-2018#NUFES#ENCAMINHAMENTO DE INSTRUÇAO NORMATIVA#MEMORANDO;1;2026-07-10;
SEFAZ - RECEITA;001-2018#SECOM#NORMAS ELEITORAIS#OFICIO CIRCULAR;2;2026-07-10;
SEFAZ - RECEITA;57-2018#COFIS#SUSPENSAO CADASTRAL POR DESCUMPRIMENTO DE OBRIGAÇAO ACESSORIA#MEMORANDO;1;2026-07-10;
SEFAZ - RECEITA;088-2018#SEFAZ-AP#COMUNICADO DE RETIRADA DE ROTEADORES#MEMORANDO;1;2026-07-10;
SEFAZ - RECEITA;0389-2018#LIDER COMERCIO LTDA-EPP#INFORMAÇAO REF AO PROCESSO Nº 0143522015-3#INFORMAÇAO FISCAL;5;2026-07-10;
SEFAZ - RECEITA;529-2017#PETROBRAS DISTRIBUIDORA S.A#RESSARCIMENTO DE ICMS#INFORMAÇAO FISCAL;3;2026-07-10;
SEFAZ - RECEITA;0061-2017#IPIRANGA PRODUTOS DE PETROLEO S.A#RESSARCIMENTO DE ICMS#INFORMAÇAO FISCAL;4;2026-07-10;
SEFAZ - RECEITA;0231-2018#L.M.R SANTOS-ME#INFORMAÇAO FISCAL REF AO PROCESSO Nº 0225432014-9#INFORMAÇAO FISCAL;2;2026-07-10;
SEFAZ - RECEITA;PROCESSO Nº 0165192022-2;6;2026-07-10;
SEFAZ - RECEITA;PROCESSO Nº 0165202022-5;6;2026-07-10;
SEFAZ - RECEITA;PROCESSO Nº 0165352022-1;6;2026-07-10;
SEFAZ - RECEITA;PROCESSO Nº 0164202022-2;7;2026-07-10;
SEFAZ - RECEITA;PROCESSO Nº 0164222022-1;6;2026-07-10;
SEFAZ - RECEITA;PROCESSO Nº 0167672022-7;6;2026-07-10;
SEFAZ - RECEITA;PROCESSO Nº 0167682022-1;6;2026-07-10;
SEFAZ - RECEITA;PROCESSO Nº 0167722022-8;6;2026-07-10;
SEFAZ - RECEITA;PROCESSO Nº 0167702022-9;7;2026-07-10;
SEFAZ - RECEITA;PROCESSO Nº 0165042022-6;6;2026-07-10;
SEFAZ - RECEITA;PROCESSO Nº 0165072022-0;6;2026-07-10;
SEFAZ - RECEITA;PROCESSO Nº 0165062022-5;6;2026-07-10;
SEFAZ - RECEITA;PROCESSO Nº 0165032022-1;6;2026-07-10;
SEFAZ - RECEITA;PROCESSO Nº 0165302022-9;6;2026-07-10;
SEFAZ - RECEITA;PROCESSO Nº 0165332022-2;6;2026-07-10;
SEFAZ - RECEITA;PROCESSO Nº 0165402022-2;6;2026-07-10;
SEFAZ - RECEITA;PROCESSO Nº 0165052022-0;6;2026-07-10;
SEFAZ - RECEITA;PROCESSO Nº 0162722022-4;10;2026-07-10;
SEFAZ - RECEITA;PROCESSO Nº 0167392022-5;10;2026-07-10;
SEFAZ - RECEITA;PROCESSO Nº 0167382022-0;10;2026-07-10;
SEFAZ - RECEITA;PROCESSO Nº 0165932022-4;7;2026-07-10;
SEFAZ - RECEITA;PROCESSO Nº 0165952022-3;7;2026-07-10;
SEFAZ - RECEITA;PROCESSO Nº 0166472022-7;12;2026-07-10;
SEFAZ - RECEITA;PROCESSO Nº 0167642022-3;6;2026-07-10;
SEFAZ - RECEITA;PROCESSO Nº 0167662022-2;6;2026-07-10;
SEFAZ - RECEITA;PROCESSO Nº 0049762020-0;4;2026-07-10;
SEFAZ - RECEITA;PROCESSO Nº 0049822020-6;4;2026-07-10;
SEFAZ - RECEITA;PROCESSO Nº 0049812020-1;4;2026-07-10;
SEFAZ - RECEITA;PROCESSO Nº 0049782020-0;4;2026-07-10;
SEFAZ - RECEITA;PROCESSO Nº 0049802020-7;4;2026-07-10;
SEFAZ - RECEITA;BRASIL NORTE BEBIDAS LTDA-RESUMO DA DIAP 2013;5;2026-07-10;
SEFAZ - RECEITA;PROCESSO Nº 0195622017-8;12;2026-07-10;
SEFAZ - RECEITA;PROCESSO Nº 0096432021-5;7;2026-07-10;
SEFAZ - RECEITA;PROCESSO Nº 0070622017-0;15;2026-07-10;
SEFAZ - RECEITA;PROCESSO Nº 0055612017-5;12;2026-07-10;
SEFAZ - RECEITA;PROCESSO Nº 0182132017-4;9;2026-07-10;
SEFAZ - RECEITA;PROCESSO Nº 0182162017-8;7;2026-07-10;
SEFAZ - RECEITA;MEMORANDO Nº 016-2020-SEFAZ-COFIS-NUFAT;2;2026-07-10;
SEFAZ - RECEITA;PROCESSO Nº 0118092020-1;7;2026-07-10;
SEFAZ - RECEITA;PROCESSO Nº 0023422021-0;11;2026-07-10;
SEFAZ - RECEITA;FOLHA DE DESPACHO REF AO PROCESSO Nº 0038192014-3;8;2026-07-10;
SEFAZ - RECEITA;PROCESSO Nº 0071192021-4;4;2026-07-10;
SEFAZ - RECEITA;PROCESSO Nº 0071212021-1;4;2026-07-10;
SEFAZ - RECEITA;PROCESSO Nº 0071222021-6;4;2026-07-10;
SEFAZ - RECEITA;PROCESSO Nº 0071252021-0;5;2026-07-10;
SEFAZ - RECEITA;PROCESSO Nº 0071262021-4;4;2026-07-10;
SEFAZ - RECEITA;PROCESSO Nº 0071312021-5;3;2026-07-10;
SEFAZ - RECEITA;PROCESSO Nº 0071362021-8;5;2026-07-10;
SEFAZ - RECEITA;PROCESSO Nº 0071332021-4;5;2026-07-10;
SEFAZ - RECEITA;PROCESSO Nº 0067732018-3;59;2026-07-10;
SEFAZ - RECEITA;PROCESSO Nº 0067722018-9;41;2026-07-10;
SEFAZ - RECEITA;PROCESSO Nº 0067712018-4;48;2026-07-10;
SEFAZ - RECEITA;PROCESSO Nº 0067682018-2;42;2026-07-10;
SEFAZ - RECEITA;PROCESSO Nº 0067692018-7;31;2026-07-10;
SEFAZ - RECEITA;PROCESSO Nº 0067872018-5;68;2026-07-10;
SEFAZ - RECEITA;PROCESSO Nº 0067792018-0;35;2026-07-10;
SEFAZ - RECEITA;PROCESSO Nº 0152902019-0;49;2026-07-10;
SEFAZ - RECEITA;PROCESSO Nº 0132402019-9;30;2026-07-10;
SEFAZ - RECEITA;PROCESSO Nº 0067782018-6;37;2026-07-10;
SEFAZ - RECEITA;PROCESSO Nº 0067822018-2;61;2026-07-10;
SEFAZ - RECEITA;PROCESSO Nº 0067752018-2;42;2026-07-10;
SEFAZ - RECEITA;PROCESSO Nº 0164322019-5;129;2026-07-10;
SEFAZ - RECEITA;PROCESSO Nº 0152922019-0;39;2026-07-10;
SEFAZ - RECEITA;PROCESSO Nº 0067802018-3;53;2026-07-10;
SEFAZ - RECEITA;PROCESSO Nº 5444602025-0;7;2026-07-10;
SEFAZ - RECEITA;PROCESSO Nº 5442902025-6;7;2026-07-10;
SEFAZ - RECEITA;PROCESSO Nº 5442782025-5;11;2026-07-10;
SEFAZ - RECEITA;PROCESSO Nº 5442792025-0;11;2026-07-10;
SEFAZ - RECEITA;PROCESSO Nº 5442772025-0;13;2026-07-10;
SEFAZ - RECEITA;PROCESSO Nº 5443772025-3;7;2026-07-10;
SEFAZ - RECEITA;PROCESSO Nº 5597762025-0;13;2026-07-10;
SEFAZ - RECEITA;PROCESSO Nº 5138262025-0;11;2026-07-10;
SEFAZ - RECEITA;PROCESSO Nº 5137452025-0;17;2026-07-10;
SEFAZ - RECEITA;PROCESSO Nº 5064892025-9;10;2026-07-10;
SEFAZ - RECEITA;PROCESSO Nº 5134142025-6;8;2026-07-10;
SEFAZ - RECEITA;PROCESSO Nº 5103272025-5;24;2026-07-10;
SEFAZ - RECEITA;PROCESSO Nº 5104062025-6;27;2026-07-10;
SEFAZ - RECEITA;PROCESSO Nº 5099672025-1;7;2026-07-10;
SEFAZ - RECEITA;PROCESSO Nº 5100362025-6;7;2026-07-10;
SEFAZ - RECEITA;PROCESSO Nº 5100392025-0;7;2026-07-10;
SEFAZ - RECEITA;PROCESSO Nº 5100402025-2;7;2026-07-10;
SEFAZ - RECEITA;PROCESSO Nº 5100372025-0;7;2026-07-10;
SEFAZ - RECEITA;PROCESSO Nº 5099472025-4;7;2026-07-10;
SEFAZ - RECEITA;PROCESSO Nº 5099522025-5;7;2026-07-10;
SEFAZ - RECEITA;PROCESSO Nº 5099542025-4;7;2026-07-10;
SEFAZ - RECEITA;PROCESSO Nº 5600312025-8;12;2026-07-10;
SEFAZ - RECEITA;PROCESSO Nº 5443692025-9;8;2026-07-10;
SEFAZ - RECEITA;PROCESSO Nº 5443752025-4;7;2026-07-10;
SEFAZ - RECEITA;PROCESSO Nº 5443362025-4;7;2026-07-10;
SEFAZ - RECEITA;PROCESSO Nº 5443632025-1;7;2026-07-10;
SEFAZ - RECEITA;PROCESSO Nº 5598682025-8;8;2026-07-10;
SEFAZ - RECEITA;PROCESSO Nº 5598642025-0;7;2026-07-10;
SEFAZ - RECEITA;PROCESSO Nº 5598622025-0;7;2026-07-10;
SEFAZ - RECEITA;PROCESSO Nº 5598602025-1;7;2026-07-10;
SEFAZ - RECEITA;PROCESSO Nº 5599472025-9;21;2026-07-10;
SEFAZ - RECEITA;PROCESSO Nº 5599452025-0;15;2026-07-10;
SEFAZ - RECEITA;PROCESSO Nº 5099562025-3;7;2026-07-10;
SEFAZ - RECEITA;PROCESSO Nº 5443942025-7;7;2026-07-10;
SEFAZ - RECEITA;PROCESSO Nº 5443762025-9;7;2026-07-10;
SEFAZ - RECEITA;PROCESSO Nº 5598592025-9;10;2026-07-10;
SEFAZ - RECEITA;PROCESSO Nº 5641002025-2;20;2026-07-10;
SEFAZ - RECEITA;PROCESSO Nº 5640992025-3;20;2026-07-10;
SEFAZ - RECEITA;PROCESSO Nº 5638242025-5;12;2026-07-10;
SEFAZ - RECEITA;PROCESSO Nº 5638262025-4;10;2026-07-10;
SEFAZ - RECEITA;PROCESSO Nº 5635372025-4;29;2026-07-10;
SEFAZ - RECEITA;PROCESSO Nº 5634702025-4;36;2026-07-10;
SEFAZ - RECEITA;PROCESSO Nº 5634642025-9;11;2026-07-10;
SEFAZ - RECEITA;PROCESSO Nº 5634632025-4;11;2026-07-10;
SEFAZ - RECEITA;PROCESSO Nº 5635482025-2;16;2026-07-10;
SEFAZ - RECEITA;PROCESSO Nº 5327982025-1;9;2026-07-10;
SEFAZ - RECEITA;PROCESSO Nº 5327042025-0;12;2026-07-10;
SEFAZ - RECEITA;PROCESSO Nº 5327902025-5;10;2026-07-10;
SEFAZ - RECEITA;PROCESSO Nº 5327322025-2;31;2026-07-10;
SEFAZ - RECEITA;PROCESSO Nº 5324482025-5;11;2026-07-10;
SEFAZ - RECEITA;PROCESSO Nº 5292252025-0;12;2026-07-10;
SEFAZ - RECEITA;PROCESSO Nº 5173452025-6;20;2026-07-10;
SEFAZ - RECEITA;PROCESSO Nº 5173462025-0;20;2026-07-10;
SEFAZ - RECEITA;PROCESSO Nº 5366512025-0;11;2026-07-10;
SEFAZ - RECEITA;PROCESSO Nº 5363442025-1;11;2026-07-10;
SEFAZ - RECEITA;PROCESSO Nº 5331142025-0;14;2026-07-10;
SEFAZ - RECEITA;PROCESSO Nº 5326152025-6;10;2026-07-10;
SEFAZ - RECEITA;PROCESSO Nº 5366222025-3;11;2026-07-10;
SEFAZ - RECEITA;PROCESSO Nº 5366092025-8;10;2026-07-10;
SEFAZ - RECEITA;PROCESSO Nº 5366112025-5;11;2026-07-10;
SEFAZ - RECEITA;PROCESSO Nº 5366142025-9;12;2026-07-10;
SEFAZ - RECEITA;PROCESSO Nº 5366152025-3;10;2026-07-10;
SEFAZ - RECEITA;PROCESSO Nº 5366192025-1;11;2026-07-10;
SEFAZ - RECEITA;PROCESSO Nº 5020582025-5;11;2026-07-10;
SEFAZ - RECEITA;PROCESSO Nº 5020382025-8;11;2026-07-10;
SEFAZ - RECEITA;PROCESSO Nº 5673612025-0;19;2026-07-10;
SEFAZ - RECEITA;PROCESSO Nº 5675342025-8;10;2026-07-10;
SEFAZ - RECEITA;PROCESSO Nº 5640102025-3;20;2026-07-10;
SEFAZ - RECEITA;PROCESSO Nº 5640972025-4;9;2026-07-10;
SEFAZ - RECEITA;PROCESSO Nº 5640682025-8;11;2026-07-10;
SEFAZ - RECEITA;PROCESSO Nº 5640072025-1;25;2026-07-10;
SEFAZ - RECEITA;PROCESSO Nº 5640082025-6;20;2026-07-10;
SEFAZ - RECEITA;PROCESSO Nº 9867922025-6;22;2026-07-10;
SEFAZ - RECEITA;PROCESSO Nº 3488452025-4;22;2026-07-10;
SEFAZ - RECEITA;PROCESSO Nº 3394992025-0;26;2026-07-10;
SEFAZ - RECEITA;PROCESSO Nº 3162712025-4;16;2026-07-10;
SEFAZ - RECEITA;PROCESSO Nº 3162722025-9;16;2026-07-10;
SEFAZ - RECEITA;PROCESSO Nº 2903342025-2;15;2026-07-10;
SEFAZ - RECEITA;PROCESSO Nº 2899502025-3;4;2026-07-10;
SEFAZ - RECEITA;PROCESSO Nº 2962632025-7;3;2026-07-10;
SEFAZ - RECEITA;PROCESSO Nº 2276062025-5;7;2026-07-10;
SEFAZ - RECEITA;PROCESSO Nº 2027542025-6;26;2026-07-10;
SEFAZ - RECEITA;PROCESSO Nº 2120102025-5;9;2026-07-10;
SEFAZ - RECEITA;PROCESSO Nº 2687962025-6;7;2026-07-10;
SEFAZ - RECEITA;PROCESSO Nº 9931302025-4;16;2026-07-10;
SEFAZ - RECEITA;PROCESSO Nº 4197222025-0;26;2026-07-10;
SEFAZ - RECEITA;ANDRE ISAAC V R MACIEL- FICHA DE INSCRIÇAO DO CONTRIBUINTE;7;2026-07-10;
SEFAZ - RECEITA;PROCESSO Nº 3876692025-6;17;2026-07-10;
SEFAZ - RECEITA;PROCESSO Nº 3840582025-6;25;2026-07-10;
SEFAZ - RECEITA;PROCESSO Nº 3459392025-6;24;2026-07-10;
SEFAZ - RECEITA;PROCESSO Nº 3262332025-0;7;2026-07-10;
SEFAZ - RECEITA;PROCESSO Nº 3030472025-9;23;2026-07-10;
SEFAZ - RECEITA;PROCESSO Nº 3034502025-1;20;2026-07-10;
SEFAZ - RECEITA;PROCESSO Nº 3034492025-9;16;2026-07-10;
SEFAZ - RECEITA;PROCESSO Nº 3035242025-1;21;2026-07-10;
SEFAZ - RECEITA;PROCESSO Nº 6458672025-5;6;2026-07-10;
SEFAZ - RECEITA;PROCESSO Nº 4414702025-9;18;2026-07-10;
SEFAZ - RECEITA;PROCESSO Nº 6197092025-4;9;2026-07-10;
SEFAZ - RECEITA;PROCESSO Nº 5638152025-6;23;2026-07-10;
SEFAZ - RECEITA;PROCESSO Nº 6233092025-3;9;2026-07-10;
SEFAZ - RECEITA;PROCESSO Nº 5990992025-5;8;2026-07-10;
SEFAZ - RECEITA;PROCESSO Nº 5912052025-5;15;2026-07-10;
SEFAZ - RECEITA;PROCESSO Nº 5871702025-5;25;2026-07-10;
SEFAZ - RECEITA;PROCESSO Nº 5678062025-4;26;2026-07-10;
SEFAZ - RECEITA;PROCESSO Nº 5681662025-9;19;2026-07-10;
SEFAZ - RECEITA;PROCESSO Nº 4751612025-1;7;2026-07-10;
SEFAZ - RECEITA;PROCESSO Nº 4639812025-6;31;2026-07-10;
SEFAZ - RECEITA;PROCESSO Nº 4096002025-0;23;2026-07-10;
SEFAZ - RECEITA;PROCESSO Nº 4091502025-4;23;2026-07-10;
SEFAZ - RECEITA;PROCESSO Nº 3982072025-7;8;2026-07-10;
SEFAZ - RECEITA;PROCESSO Nº 3980502025-8;9;2026-07-10;
SEFAZ - RECEITA;PROCESSO Nº 0488362026-3;8;2026-07-10;
SEFAZ - RECEITA;PROCESSO Nº 0713492026-7;14;2026-07-10;
SEFAZ - RECEITA;PROCESSO Nº 0713462026-3;12;2026-07-10;
SEFAZ - RECEITA;PROCESSO Nº 0712352026-2;7;2026-07-10;
SEFAZ - RECEITA;PROCESSO Nº 0713352026-5;14;2026-07-10;
SEFAZ - RECEITA;PROCESSO Nº 0712882026-4;7;2026-07-10;
SEFAZ - RECEITA;PROCESSO Nº 0482352026-2;27;2026-07-10;
SEFAZ - RECEITA;PROCESSO Nº 0622362026-8;24;2026-07-10;
SEFAZ - RECEITA;PROCESSO Nº 0618872026-5;28;2026-07-10;
SEFAZ - RECEITA;PROCESSO Nº 0573302026-1;15;2026-07-10;
SEFAZ - RECEITA;PROCESSO Nº 0546252026-3;26;2026-07-10;
SEFAZ - RECEITA;PROCESSO Nº 0417792026-6;26;2026-07-10;
SEFAZ - RECEITA;PROCESSO Nº 2934952025-7;27;2026-07-10;
SEFAZ - RECEITA;PROCESSO Nº 2969862025-7;9;2026-07-10;
SEFAZ - RECEITA;PROCESSO Nº 2806832025-3;20;2026-07-10;
SEFAZ - RECEITA;PROCESSO Nº 1663882025-7;8;2026-07-10;
SEFAZ - RECEITA;PROCESSO Nº 2684642025-8;74;2026-07-10;
SEFAZ - RECEITA;PROCESSO Nº 2961942025-0;9;2026-07-10;
SEFAZ - RECEITA;PROCESSO Nº 2805182025-8;16;2026-07-10;
SEFAZ - RECEITA;PROCESSO Nº 2962002025-1;13;2026-07-10;
SEFAZ - RECEITA;PROCESSO Nº 5135752025-5;9;2026-07-10;
SEFAZ - RECEITA;PROCESSO Nº 5177642025-0;24;2026-07-10;
SEFAZ - RECEITA;PROCESSO Nº 5177632025-5;23;2026-07-10;
SEFAZ - RECEITA;PROCESSO Nº 4413922025-2;22;2026-07-10;
SEFAZ - RECEITA;PROCESSO Nº 3262372025-8;9;2026-07-10;
SEFAZ - RECEITA;PROCESSO Nº 0167492022-9;12;2026-07-10;
SEFAZ - RECEITA;PROCESSO Nº 0167522022-0;10;2026-07-10;
SEFAZ - RECEITA;PROCESSO Nº 0171732022-8;10;2026-07-10;
SEFAZ - RECEITA;PROCESSO Nº 0171752022-7;9;2026-07-10;
SEFAZ - RECEITA;PROCESSO Nº 0171762022-1;10;2026-07-10;
SEFAZ - RECEITA;PROCESSO Nº 0171392022-0;10;2026-07-10;
SEFAZ - RECEITA;PROCESSO Nº 0171652022-3;6;2026-07-10;
SEFAZ - RECEITA;PROCESSO Nº 0171672022-2;6;2026-07-10;
SEFAZ - RECEITA;PROCESSO Nº 0171662022-8;6;2026-07-10;
SEFAZ - RECEITA;PROCESSO Nº 0170542022-2;12;2026-07-10;
SEFAZ - RECEITA;PROCESSO Nº 0170522022-3;6;2026-07-10;
SEFAZ - RECEITA;PROCESSO Nº 0170512022-9;7;2026-07-10;
SEFAZ - RECEITA;PROCESSO Nº 0170742022-0;6;2026-07-10;
SEFAZ - RECEITA;PROCESSO Nº 0170752022-4;6;2026-07-10;
SEFAZ - RECEITA;PROCESSO Nº 0170762022-9;6;2026-07-10;
SEFAZ - RECEITA;PROCESSO Nº 0170772022-3;6;2026-07-10;
SEFAZ - RECEITA;PROCESSO Nº 0170792022-2;6;2026-07-10;
SEFAZ - RECEITA;PROCESSO Nº 0170832022-9;6;2026-07-10;
SEFAZ - RECEITA;PROCESSO Nº 0170782022-8;6;2026-07-10;
SEFAZ - RECEITA;PROCESSO Nº 0170802022-5;6;2026-07-10;
SEFAZ - RECEITA;PROCESSO Nº 0170812022-0;6;2026-07-10;
SEFAZ - RECEITA;PROCESSO Nº 0170822022-4;7;2026-07-10;
SEFAZ - RECEITA;PROCESSO Nº 0171352022-2;6;2026-07-10;
SEFAZ - RECEITA;PROCESSO Nº 0171112022-7;6;2026-07-10;
SEFAZ - RECEITA;PROCESSO Nº 0171082022-5;6;2026-07-10;
SEFAZ - RECEITA;PROCESSO Nº 0171342022-8;7;2026-07-10;
SEFAZ - RECEITA;PROCESSO Nº 0171102022-2;6;2026-07-10;
SEFAZ - RECEITA;PROCESSO Nº 0171092022-0;6;2026-07-10;
SEFAZ - RECEITA;PROCESSO Nº 0171062022-6;6;2026-07-10;
SEFAZ - RECEITA;PROCESSO Nº 0171362022-7;6;2026-07-10;
SEFAZ - RECEITA;PROCESSO Nº 0171052022-1;6;2026-07-10;
SEFAZ - RECEITA;PROCESSO Nº 0170402022-0;8;2026-07-10;
SEFAZ - RECEITA;PROCESSO Nº 0166902022-3;6;2026-07-10;
SEFAZ - RECEITA;PROCESSO Nº 0166892022-0;7;2026-07-10;
SEFAZ - RECEITA;PROCESSO Nº 0166922022-2;6;2026-07-10;
SEFAZ - RECEITA;PROCESSO Nº 0166962022-0;6;2026-07-10;
SEFAZ - RECEITA;PROCESSO Nº 0166992022-4;6;2026-07-10;
SEFAZ - RECEITA;PROCESSO Nº 0167072022-5;6;2026-07-10;
SEFAZ - RECEITA;PROCESSO Nº 0166932022-7;6;2026-07-10;
SEFAZ - RECEITA;PROCESSO Nº 0166942022-1;6;2026-07-10;
SEFAZ - RECEITA;PROCESSO Nº 0166952022-6;6;2026-07-10;
SEFAZ - RECEITA;PROCESSO Nº 0167092022-4;7;2026-07-10;
SEFAZ - RECEITA;PROCESSO Nº 0166972022-5;7;2026-07-10;
SEFAZ - RECEITA;PROCESSO Nº 0167002022-3;6;2026-07-10;
SEFAZ - RECEITA;PROCESSO Nº 0167082022-0;6;2026-07-10;
SEFAZ - RECEITA;PROCESSO Nº 0167012022-8;6;2026-07-10;
SEFAZ - RECEITA;PROCESSO Nº 0167042022-1;6;2026-07-10;
SEFAZ - RECEITA;PROCESSO Nº 0167052022-6;6;2026-07-10;
SEFAZ - RECEITA;PROCESSO Nº 0167062022-0;6;2026-07-10;
SEFAZ - RECEITA;PROCESSO Nº 0167102022-7;6;2026-07-10;
SEFAZ - RECEITA;PROCESSO Nº 0167032022-7;6;2026-07-10;
SEFAZ - RECEITA;PROCESSO Nº 0167022022-2;6;2026-07-10;
SEFAZ - RECEITA;PROCESSO Nº 0167432022-1;7;2026-07-10;
SEFAZ - RECEITA;PROCESSO Nº 0167422022-7;7;2026-07-10;
SEFAZ - RECEITA;PROCESSO Nº 0170582022-0;10;2026-07-10;
SEFAZ - RECEITA;PROCESSO Nº 0164442022-8;12;2026-07-10;
SEFAZ - RECEITA;PROCESSO Nº 0167482022-4;12;2026-07-10;
SEFAZ - RECEITA;PROCESSO Nº 0168712022-6;12;2026-07-10;
SEFAZ - RECEITA;PROCESSO Nº 0169122022-1;6;2026-07-10;
SEFAZ - RECEITA;PROCESSO Nº 0169072022-0;7;2026-07-10;
SEFAZ - RECEITA;PROCESSO Nº 0169322022-9;11;2026-07-10;
SEFAZ - RECEITA;PROCESSO Nº 0169212022-0;11;2026-07-10;
SEFAZ - RECEITA;PROCESSO Nº 0168752022-4;31;2026-07-10;
SEFAZ - RECEITA;PROCESSO Nº 0165852022-0;18;2026-07-10;
SEFAZ - RECEITA;PROCESSO Nº 0165022022-7;13;2026-07-10;
SEFAZ - RECEITA;PROCESSO Nº 0165392022-0;6;2026-07-10;
SEFAZ - RECEITA;PROCESSO Nº 0165162022-9;18;2026-07-10;
SEFAZ - RECEITA;PROCESSO Nº 0170722022-0;11;2026-07-10;
SEFAZ - RECEITA;PROCESSO Nº 0168012022-0;8;2026-07-10;
SEFAZ - RECEITA;PROCESSO Nº 0163332022-7;9;2026-07-10;
SEFAZ - RECEITA;PROCESSO Nº 0163312022-8;9;2026-07-10;
SEFAZ - RECEITA;PROCESSO Nº 0165232022-9;6;2026-07-10;
SEFAZ - RECEITA;PROCESSO Nº 0165142022-0;6;2026-07-10;
SEFAZ - RECEITA;PROCESSO Nº 0164982022-4;7;2026-07-10;
SEFAZ - RECEITA;PROCESSO Nº 0165292022-6;6;2026-07-10;
SEFAZ - RECEITA;PROCESSO Nº 0165272022-7;6;2026-07-10;
SEFAZ - RECEITA;PROCESSO Nº 0165242022-3;6;2026-07-10;
SEFAZ - RECEITA;PROCESSO Nº 0165102022-1;6;2026-07-10;
SEFAZ - RECEITA;PROCESSO Nº 0165092022-9;6;2026-07-10;
SEFAZ - RECEITA;PROCESSO Nº 0171402022-3;12;2026-07-10;
SEFAZ - RECEITA;PROCESSO Nº 0171542022-5;11;2026-07-10;
SEFAZ - RECEITA;PROCESSO Nº 0171532022-0;11;2026-07-10;
SEFAZ - RECEITA;PROCESSO Nº 0165282022-1;6;2026-07-10;
SEFAZ - RECEITA;PROCESSO Nº 0165382022-5;6;2026-07-10;
SEFAZ - RECEITA;PROCESSO Nº 0165342022-7;6;2026-07-10;
SEFAZ - RECEITA;PROCESSO Nº 0165462022-0;6;2026-07-10;
SEFAZ - RECEITA;PROCESSO Nº 0165412022-7;6;2026-07-10;
SEFAZ - RECEITA;PROCESSO Nº 0165212022-0;6;2026-07-10;
SEFAZ - RECEITA;PROCESSO Nº 0165452022-5;6;2026-07-10;
SEFAZ - RECEITA;PROCESSO Nº 0165432022-6;6;2026-07-10;
SEFAZ - RECEITA;PROCESSO Nº 0165372022-0;6;2026-07-10;
SEFAZ - RECEITA;PROCESSO Nº 0165362022-6;6;2026-07-10;
SEFAZ - RECEITA;PROCESSO Nº 0160872022-5;11;2026-07-10;
SEFAZ - RECEITA;PROCESSO Nº 0147522022-7;9;2026-07-10;
SEFAZ - RECEITA;0287452026-8#CONQUISTA MOTOS E MOTORES LTDA#AUTORIZAÇAO SAIDA VEICULO#PROCESSO;9;2026-07-10;
SEFAZ - RECEITA;0352922026-4#DUBAI AUTOMOVEIS LTDA#AUTORIZAÇAO SAIDA VEICULO#PROCESSO;13;2026-07-10;
SEFAZ - RECEITA;0352842026-0#PRISCILA PIRES VILHENA#AUTORIZAÇAO SAIDA VEICULO#PROCESSO;13;2026-07-10;
SEFAZ - RECEITA;0351432026-8#VALBER SANTOS FONSECA#AUTORIZAÇAO SAIDA VEICULO#PROCESSO;8;2026-07-10;
SEFAZ - RECEITA;0291442026-9#LIVIA SICCU NASCIMENTO SALES#AUTORIZAÇAO SAIDA VEICULO#PROCESSO;14;2026-07-10;
SEFAZ - RECEITA;8935132025-1#BRASIL NORTE BEBIDAS S.A#COPIA DO PROCESSO#PROCESSO;21;2026-07-10;
SEFAZ - RECEITA;9170152025-7#BRASIL NORTE BEBIDAS S.A#COPIA DO PROCESSO#PROCESSO;21;2026-07-10;
SEFAZ - RECEITA;9170112025-9#BRASIL NORTE BEBIDAS S.A#COPIA DO PROCESSO#PROCESSO;20;2026-07-10;
SEFAZ - RECEITA;9230042025-2#BRASIL NORTE BEBIDAS S.A#COPIA DO PROCESSO#PROCESSO;13;2026-07-10;
SEFAZ - RECEITA;0596512026-5#SHEILA DA CONCEIÇAO SILVA RODRIGUES#AUTORIZAÇAO SAIDA VEICULO#PROCESSO;10;2026-07-10;
SEFAZ - RECEITA;0597652026-0#COMPANHIA DE DESENVOLVIMENTO DOS VALES DO SAO FRANCISCO E DO PARNAIBA#AUTORIZAÇAO SAIDA VEICULO#PROCESSO;63;2026-07-10;
SEFAZ - RECEITA;0597682026-3#COMPANHIA DE DESENVOLVIMENTO DOS VALES DO SAO FRANCISCO E DO PARNAIBA#AUTORIZAÇAO SAIDA VEICULO#PROCESSO;65;2026-07-10;
SEFAZ - RECEITA;0597742026-9#MONACO MOTOCENTER LAGOA COMERCIAL LTDA#AUTORIZAÇAO SAIDA VEICULO#PROCESSO;9;2026-07-10;
SEFAZ - RECEITA;0595782026-1#EVANDRO FAVACHO DE ALMEIDA#AUTORIZAÇAO SAIDA VEICULO#PROCESSO;18;2026-07-10;
SEFAZ - RECEITA;0574432026-1#CONQUISTA MOTOS E MOTORES LTDA#AUTORIZAÇAO SAIDA VEICULO#PROCESSO;9;2026-07-10;
SEFAZ - RECEITA;0572052026-0#IVANILDO BERNANEY BARRETO DIAS#AUTORIZAÇAO SAIDA VEICULO#PROCESSO;10;2026-07-10;
SEFAZ - RECEITA;0715752026-5#LUCAS MACIEL PICANÇO#AUTORIZAÇAO SAIDA VEICULO#PROCESSO;14;2026-07-10;
SEFAZ - RECEITA;0735712026-0#ADALTO SOARES FERREIRA#AUTORIZAÇAO SAIDA VEICULO#PROCESSO;15;2026-07-10;
SEFAZ - RECEITA;0735702026-6#JEZIEL DE SOUSA LOPES#AUTORIZAÇAO SAIDA VEICULO#PROCESSO;15;2026-07-10;
SEFAZ - RECEITA;0741012026-6#AMANDA SOUSA MACHADO#AUTORIZAÇAO SAIDA VEICULO#PROCESSO;12;2026-07-10;
SEFAZ - RECEITA;0761602026-7#J. DA SILVA F. ROCHA LTDA#AUTORIZAÇAO SAIDA VEICULO#PROCESSO;15;2026-07-10;
SEFAZ - RECEITA;0737872026-7#J B LAJES PGTU LTDA#AUTORIZAÇAO SAIDA VEICULO#PROCESSO;18;2026-07-10;
SEFAZ - RECEITA;0621142026-9#LETICIA MARTINS GOMES#AUTORIZAÇAO SAIDA VEICULO#PROCESSO;10;2026-07-10;
SEFAZ - RECEITA;0619942026-8#MONACO MOTOCENTER LAGOA COMERCIAL LTDA#AUTORIZAÇAO SAIDA VEICULO#PROCESSO;8;2026-07-10;
SEFAZ - RECEITA;0620422026-8#MONACO MOTOCENTER LAGOA COMERCIAL LTDA#AUTORIZAÇAO SAIDA VEICULO#PROCESSO;7;2026-07-10;
SEFAZ - RECEITA;0620452026-1#MONACO MOTOCENTER LAGOA COMERCIAL LTDA#AUTORIZAÇAO SAIDA VEICULO#PROCESSO;7;2026-07-10;
SEFAZ - RECEITA;0597072026-7#LUZIEL DOS REIS NASCIMENTO#AUTORIZAÇAO SAIDA VEICULO#PROCESSO;10;2026-07-10;
SEFAZ - RECEITA;0911372026-0#MONACO MOTOCENTER LAGOA COMERCIAL LTDA#AUTORIZAÇAO SAIDA VEICULO#PROCESSO;8;2026-07-10;
SEFAZ - RECEITA;0911362026-6#MONACO MOTOCENTER LAGOA COMERCIAL LTDA#AUTORIZAÇAO SAIDA VEICULO#PROCESSO;7;2026-07-10;
SEFAZ - RECEITA;0911332026-2#MONACO MOTOCENTER LAGOA COMERCIAL LTDA#AUTORIZAÇAO SAIDA VEICULO#PROCESSO;7;2026-07-10;
SEFAZ - RECEITA;0911322026-8#MONACO MOTOCENTER LAGOA COMERCIAL LTDA#AUTORIZAÇAO SAIDA VEICULO#PROCESSO;7;2026-07-10;
SEFAZ - RECEITA;0911292026-6#MONACO MOTOCENTER LAGOA COMERCIAL LTDA#AUTORIZAÇAO SAIDA VEICULO#PROCESSO;7;2026-07-10;
SEFAZ - RECEITA;0911282026-1#MONACO MOTOCENTER LAGOA COMERCIAL LTDA#AUTORIZAÇAO SAIDA VEICULO#PROCESSO;7;2026-07-10;
SEFAZ - RECEITA;0911132026-5#MONACO MOTOCENTER LAGOA COMERCIAL LTDA#AUTORIZAÇAO SAIDA VEICULO#PROCESSO;7;2026-07-10;
SEFAZ - RECEITA;0907882026-8#FRANCISCO ALVES DE BRITO#AUTORIZAÇAO SAIDA VEICULO#PROCESSO;9;2026-07-10;
SEFAZ - RECEITA;0908162026-6#A E SIMOES AROUCHE LTDA#AUTORIZAÇAO SAIDA VEICULO#PROCESSO;10;2026-07-10;
SEFAZ - RECEITA;0907722026-7#MONACO MOTOCENTER LAGOA COMERCIAL LTDA#AUTORIZAÇAO SAIDA VEICULO#PROCESSO;8;2026-07-10;
SEFAZ - RECEITA;0907712026-2#MONACO MOTOCENTER LAGOA COMERCIAL LTDA#AUTORIZAÇAO SAIDA VEICULO#PROCESSO;9;2026-07-10;
SEFAZ - RECEITA;0907762026-5#MONACO MOTOCENTER LAGOA COMERCIAL LTDA#AUTORIZAÇAO SAIDA VEICULO#PROCESSO;7;2026-07-10;
SEFAZ - RECEITA;0907782026-4#MONACO MOTOCENTER LAGOA COMERCIAL LTDA#AUTORIZAÇAO SAIDA VEICULO#PROCESSO;8;2026-07-10;
SEFAZ - RECEITA;0907792026-9#MONACO MOTOCENTER LAGOA COMERCIAL LTDA#AUTORIZAÇAO SAIDA VEICULO#PROCESSO;7;2026-07-10;
SEFAZ - RECEITA;0907802026-1#MONACO MOTOCENTER LAGOA COMERCIAL LTDA#AUTORIZAÇAO SAIDA VEICULO#PROCESSO;7;2026-07-10;
SEFAZ - RECEITA;0910982026-4#CASSIO ALMEIDA QUARESMA#AUTORIZAÇAO SAIDA VEICULO#PROCESSO;14;2026-07-10;
SEFAZ - RECEITA;0911082026-4#ATACADAO DA OBRA LTDA#AUTORIZAÇAO SAIDA VEICULO#PROCESSO;21;2026-07-10;
SEFAZ - RECEITA;0904372026-7#JO SOUZA DA SILVA#AUTORIZAÇAO SAIDA VEICULO#PROCESSO;13;2026-07-10;
SEFAZ - RECEITA;0904922026-6#AYMORE CREDITO FINANCIAMENTO E INVESTIMENTOS S.A#AUTORIZAÇAO SAIDA VEICULO#PROCESSO;19;2026-07-10;
SEFAZ - RECEITA;0904862026-0#RITA ALVES DE QUEIROZ#AUTORIZAÇAO SAIDA VEICULO#PROCESSO;10;2026-07-10;
SEFAZ - RECEITA;0904632026-0#MONACO MOTOCENTER LAGOA COMERCIAL LTDA#AUTORIZAÇAO SAIDA VEICULO#PROCESSO;7;2026-07-10;
SEFAZ - RECEITA;0904602026-6#MONACO MOTOCENTER LAGOA COMERCIAL LTDA#AUTORIZAÇAO SAIDA VEICULO#PROCESSO;7;2026-07-10;
SEFAZ - RECEITA;0911592026-7#DULCIRENE DE SOUZA BORGES#AUTORIZAÇAO SAIDA VEICULO#PROCESSO;13;2026-07-10;
SEFAZ - RECEITA;0911492026-3#ANTONIO LUCIANO ALVES ASSUNÇAO#AUTORIZAÇAO SAIDA VEICULO#PROCESSO;14;2026-07-10;
SEFAZ - RECEITA;0911742026-1#EDILSON SILVA BOAVENTURA#AUTORIZAÇAO SAIDA VEICULO#PROCESSO;11;2026-07-10;
SEFAZ - RECEITA;0911752026-6#JOAO MARTINS DARMACIO#AUTORIZAÇAO SAIDA VEICULO#PROCESSO;13;2026-07-10;
SEFAZ - RECEITA;0911762026-0#LAVOISIER VIGARIO DE MELO#AUTORIZAÇAO SAIDA VEICULO#PROCESSO;10;2026-07-10;
SEFAZ - RECEITA;0912092026-1#SONIA MARIA DAS NEVES FURTADO#AUTORIZAÇAO SAIDA VEICULO#PROCESSO;9;2026-07-10;
SEFAZ - RECEITA;0916082026-8#WANDER LUIZ SOUZA PEREIRA#AUTORIZAÇAO SAIDA VEICULO#PROCESSO;14;2026-07-10;
SEFAZ - RECEITA;0916312026-7#KARLISON HUMBERTO DA SILVA#AUTORIZAÇAO SAIDA VEICULO#PROCESSO;10;2026-07-10;
SEFAZ - RECEITA;0916662026-0#ROSEMARY SOUZA DE ALMEIDA#AUTORIZAÇAO SAIDA VEICULO#PROCESSO;15;2026-07-10;
SEFAZ - RECEITA;0765482026-7#FRANCISCO MARTINS DE SOUZA#AUTORIZAÇAO SAIDA VEICULO#PROCESSO;12;2026-07-10;
SEFAZ - RECEITA;0739892026-1#MARCOS VINICIUS MARTINS GOMES#AUTORIZAÇAO SAIDA VEICULO#PROCESSO;20;2026-07-10;
SEFAZ - RECEITA;0739872026-2#RONATHAN MAIA DE DEUS#AUTORIZAÇAO SAIDA VEICULO#PROCESSO;20;2026-07-10;
SEFAZ - RECEITA;0739832026-4#JARDEL COUTINHO BARBOZA COSTA#AUTORIZAÇAO SAIDA VEICULO#PROCESSO;17;2026-07-10;
SEFAZ - RECEITA;0739822026-0#EDNA DE OLIVEIRA GOMES MACIEL#AUTORIZAÇAO SAIDA VEICULO#PROCESSO;17;2026-07-10;
SEFAZ - RECEITA;0737892026-6#CELINA MARIA RIBEIRO DE FARIAS AUGUSTIN#AUTORIZAÇAO SAIDA VEICULO#PROCESSO;10;2026-07-10;
SEFAZ - RECEITA;0740132026-6#AILANA BIANCA DE SOUZA SANTANA#AUTORIZAÇAO SAIDA VEICULO#PROCESSO;12;2026-07-10;
SEFAZ - RECEITA;0761652026-0#BANCO PAN S.A#AUTORIZAÇAO SAIDA VEICULO#PROCESSO;17;2026-07-10;
SEFAZ - RECEITA;0762162026-9#BANCO PAN S.A#AUTORIZAÇAO SAIDA VEICULO#PROCESSO;17;2026-07-10;
SEFAZ - RECEITA;0646782026-6#ALVARO J DE SOUSA#AUTORIZAÇAO SAIDA VEICULO#PROCESSO;16;2026-07-10;
SEFAZ - RECEITA;0645632026-7#CARLOS PONTE GOMES#AUTORIZAÇAO SAIDA VEICULO#PROCESSO;8;2026-07-10;
SEFAZ - RECEITA;0646182026-4#DORIVANA BARBOSA ALVES#AUTORIZAÇAO SAIDA VEICULO#PROCESSO;6;2026-07-10;
SEFAZ - RECEITA;0715722026-1#VALMIR FERREIRA SARGES#AUTORIZAÇAO SAIDA VEICULO#PROCESSO;12;2026-07-10;
SEFAZ - RECEITA;0812242026-5#ANDRE AUGUSTO LOPES DE AGUIAR#AUTORIZAÇAO SAIDA VEICULO#PROCESSO;16;2026-07-10;
SEFAZ - RECEITA;0814262026-0#SEBASTIAO MIRANDA NETO-ME#AUTORIZAÇAO SAIDA VEICULO#PROCESSO;20;2026-07-10;
SEFAZ - RECEITA;0814242026-0#GOIAS SERVIÇOS E CONSTRUÇAO LTDA#AUTORIZAÇAO SAIDA VEICULO#PROCESSO;16;2026-07-10;
SEFAZ - RECEITA;0810302026-5#MONACO MOTOCENTER LAGOA COMERCIAL LTDA#AUTORIZAÇAO SAIDA VEICULO#PROCESSO;7;2026-07-10;
SEFAZ - RECEITA;0810292026-2#MONACO MOTOCENTER LAGOA COMERCIAL LTDA#AUTORIZAÇAO SAIDA VEICULO#PROCESSO;7;2026-07-10;
SEFAZ - RECEITA;0810322026-4#MONACO MOTOCENTER LAGOA COMERCIAL LTDA#AUTORIZAÇAO SAIDA VEICULO#PROCESSO;7;2026-07-10;
SEFAZ - RECEITA;0812352026-3#HERON DE SOUZA MOURA#AUTORIZAÇAO SAIDA VEICULO#PROCESSO;10;2026-07-10;
SEFAZ - RECEITA;0787512026-8#CONQUISTA MOTOS E MOTORES LTDA#AUTORIZAÇAO SAIDA VEICULO#PROCESSO;11;2026-07-10;
SEFAZ - RECEITA;0787502026-3#CONQUISTA MOTOS E MOTORES LTDA#AUTORIZAÇAO SAIDA VEICULO#PROCESSO;9;2026-07-10;
SEFAZ - RECEITA;0787472026-1#CONQUISTA MOTOS E MOTORES LTDA#AUTORIZAÇAO SAIDA VEICULO#PROCESSO;11;2026-07-10;
SEFAZ - RECEITA;0787442026-8#CONQUISTA MOTOS E MOTORES LTDA#AUTORIZAÇAO SAIDA VEICULO#PROCESSO;11;2026-07-10;
SEFAZ - RECEITA;0787492026-0#CONQUISTA MOTOS E MOTORES LTDA#AUTORIZAÇAO SAIDA VEICULO#PROCESSO;11;2026-07-10;
SEFAZ - RECEITA;0787452026-2#CONQUISTA MOTOS E MOTORES LTDA#AUTORIZAÇAO SAIDA VEICULO#PROCESSO;11;2026-07-10;
SEFAZ - RECEITA;0762892026-8#MARCELINO DE SOUZA PEREIRA#AUTORIZAÇAO SAIDA VEICULO#PROCESSO;7;2026-07-10;
SEFAZ - RECEITA;0106682026-0#MONACOMOTOCENTER LAGOA COMERCIAL LTDA#AUTORIZAÇAO SAIDA VEICULO#PROCESSO;7;2026-07-10;
SEFAZ - RECEITA;0105942026-0#MONACO MOTOCENTER LAGOA COMERCIAL LTDA#AUTORIZAÇAO SAIDA VEICULO#PROCESSO;7;2026-07-10;
SEFAZ - RECEITA;0105362026-8#MONACO MOTOCENTER LAGOA COMERCIAL LTDA#AUTORIZAÇAO SAIDA VEICULO#PROCESSO;7;2026-07-10;
SEFAZ - RECEITA;0105352026-3#MONACO MOTOCENTER LAGOA COMERCIAL LTDA#AUTORIZAÇAO SAIDA VEICULO#PROCESSO;7;2026-07-10;
SEFAZ - RECEITA;0105332026-4#MONACO MOTOCENTER LAGOA COMERCIAL LTDA#AUTORIZAÇAO SAIDA VEICULO#PROCESSO;8;2026-07-10;
SEFAZ - RECEITA;0105312026-5#MONACO MOTOCENTER LAGOA COMERCIAL LTDA#AUTORIZAÇAO SAIDA VEICULO#PROCESSO;8;2026-07-10;
SEFAZ - RECEITA;0105302026-0#MONACO MOTOCENTER LAGOA COMERCIAL LTDA#AUTORIZAÇAO SAIDA VEICULO#PROCESSO;8;2026-07-10;
SEFAZ - RECEITA;0105272026-9#MONACO MOTOCENTER LAGOA COMERCIAL LTDA#AUTORIZAÇAO SAIDA VEICULO#PROCESSO;7;2026-07-10;
SEFAZ - RECEITA;0287222026-7#CONQUISTA MOTOS E MOTORES LTDA#AUTORIZAÇAO SAIDA VEICULO#PROCESSO;19;2026-07-10;
SEFAZ - RECEITA;0287242026-6#CONQUISTA MOTOS E MOTORES LTDA#AUTORIZAÇAO SAIDA VEICULO#PROCESSO;10;2026-07-10;
SEFAZ - RECEITA;0288092026-4#CONQUISTA MOTOS E MOTORES LTDA#AUTORIZAÇAO SAIDA VEICULO#PROCESSO;10;2026-07-10;
SEFAZ - RECEITA;0288582026-8#CONQUISTA MOTOS E MOTORES LTDA#AUTORIZAÇAO SAIDA VEICULO#PROCESSO;9;2026-07-10;
SEFAZ - RECEITA;0288592026-2#CONQUISTA MOTOS E MOTORES LTDA#AUTORIZAÇAO SAIDA VEICULO#PROCESSO;9;2026-07-10;
SEFAZ - RECEITA;0288602026-5#CONQUISTA MOTOS E MOTORES LTDA#AUTORIZAÇAO SAIDA VEICULO#PROCESSO;9;2026-07-10;
SEFAZ - RECEITA;0102432026-0#MONACO MOTOCENTER LAGOA COMERCIAL LTDA#AUTORIZAÇAO SAIDA VEICULO#PROCESSO;10;2026-07-10;
SEFAZ - RECEITA;0102902026-4#MONACO MOTOCENTER LAGOA COMERCIAL LTDA#AUTORIZAÇAO SAIDA VEICULO#PROCESSO;8;2026-07-10;
SEFAZ - RECEITA;0103752026-2#MONACO MOTOCENTER LAGOA COMERCIAL LTDA#AUTORIZAÇAO SAIDA VEICULO#PROCESSO;8;2026-07-10;
SEFAZ - RECEITA;0102452026-9#MONACO MOTOCENTER LAGOA COMERCIAL LTDA#AUTORIZAÇAO SAIDA VEICULO#PROCESSO;8;2026-07-10;
SEFAZ - RECEITA;0103862026-0#MONACO MOTOCENTER LAGOA COMERCIAL LTDA#AUTORIZAÇAO SAIDA VEICULO#PROCESSO;8;2026-07-10;
SEFAZ - RECEITA;0103812026-8#MONACIO MOTOCENTER LAGOA COMERCIAL LTDA#AUTORIZAÇAO SAIDA VEICULO#PROCESSO;8;2026-07-10;
SEFAZ - RECEITA;0103882026-0#MONACO MOTOCENTER LAGOA COMERCIAL LTDA#AUTORIZAÇAO SAIDA VEICULO#PROCESSO;7;2026-07-10;
SEFAZ - RECEITA;0103892026-4#MONACO MOTOCENTER LAGOA COMERCIAL LTDA#AUTORIZAÇAO SAIDA VEICULO#PROCESSO;7;2026-07-10;
SEFAZ - RECEITA;0104352026-0#MONACO MOTOCENTER LAGOA COMERCIAL LTDA#AUTORIZAÇAO SAIDA VEICULO#PROCESSO;8;2026-07-10;
SEFAZ - RECEITA;0105012026-4#MONACO MOTOCENTER LAGOA COMERCIAL LTDA#AUTORIZAÇAO SAIDA VEICULO#PROCESSO;7;2026-07-10;
SEFAZ - RECEITA;0105212026-1#MONACO MOTOCENTER LAGOA COMERCIAL LTDA#AUTORIZAÇAO SAIDA VEICULO#PROCESSO;9;2026-07-10;
SEFAZ - RECEITA;0105242026-5#MONACO MOTOCENTER LAGOA COMERCIAL LTDA#AUTORIZAÇAO SAIDA VEICULO#PROCESSO;8;2026-07-10;
SEFAZ - RECEITA;0107422026-9#MONACO MOTOCENTER LAGOA COMERCIAL LTDA#AUTORIZAÇAO SAIDA VEICULO#PROCESSO;8;2026-07-10;
SEFAZ - RECEITA;0102462026-3#MONACO MOTOCENTER LAGOA COMERCIAL LTDA#AUTORIZAÇAO SAIDA VEICULO#PROCESSO;9;2026-07-10;
SEFAZ - RECEITA;0103782026-6#MONACO MOTOCENTER LAGOA COMERCIAL LTDA#AUTORIZAÇAO SAIDA VEICULO#PROCESSO;9;2026-07-10;
SEFAZ - RECEITA;0103802026-3#MONACO MOTOCENTER LAGOA COMERCIAL LTDA#AUTORIZAÇAO SAIDA VEICULO#PROCESSO;9;2026-07-10;
SEFAZ - RECEITA;0103302026-5#MONACO MOTOCENTER LAGOA COMERCIAL LTDA#AUTORIZAÇAO SAIDA VEICULO#PROCESSO;9;2026-07-10;
SEFAZ - RECEITA;0106702026-8#MONACO MOTOCENTER LAGOA COMERCIAL LTDA#AUTORIZAÇAO SAIDA VEICULO#PROCESSO;7;2026-07-10;
SEFAZ - RECEITA;0294452026-1#MONACO MOTOCENTER LAGOA COMERCIAL LTDA#AUTORIZAÇAO SAIDA VEICULO#PROCESSO;15;2026-07-10;
SEFAZ - RECEITA;0293062026-9#MONACO MOTOCENTER LAGOA COMERCIAL LTDA#AUTORIZAÇAO SAIDA VEICULO#PROCESSO;9;2026-07-10;
SEFAZ - RECEITA;0293072026-3#MONACO MOTOCENTER LAGOA COMERCIAL LTDA#AUTORIZAÇAO SAIDA VEICULO#PROCESSO;7;2026-07-10;
SEFAZ - RECEITA;0293492026-7#MONACO MOTOCENTER LAGOA COMERCIAL LTDA#AUTORIZAÇAO SAIDA VEICULO#PROCESSO;7;2026-07-10;
SEFAZ - RECEITA;0294102026-8#MONACO MOTOCENTER LAGOA COMERCIAL LTDA#AUTORIZAÇAO SAIDA VEICULO#PROCESSO;7;2026-07-10;
SEFAZ - RECEITA;0294402026-9#MONACO MOTOCENTER LAGOA COMERCIAL LTDA#AUTORIZAÇAO SAIDA VEICULO#PROCESSO;7;2026-07-10;
SEFAZ - RECEITA;0294442026-7#MONACO MOTOCENTER LAGOA COMERCIAL LTDA#AUTORIZAÇAO SAIDA VEICULO#PROCESSO;7;2026-07-10;
SEFAZ - RECEITA;0291512026-9#VINHOS & CO LTDA#AUTORIZAÇAO SAIDA VEICULO#PROCESSO;12;2026-07-10;
SEFAZ - RECEITA;0291452026-3#DAISE SANTOS TUPUNAMBA#AUTORIZAÇAO SAIDA VEICULO#PROCESSO;13;2026-07-10;
SEFAZ - RECEITA;0290092026-4#MARCOS PAULO DOS SANTOS SILVA#AUTORIZAÇAO SAIDA VEICULO#PROCESSO;7;2026-07-10;
SEFAZ - RECEITA;0105252026-0#MONACO MOTOCENTER LAGOA COMERCIAL LTDA#AUTORIZAÇAO SAIDA VEICULO#PROCESSO;7;2026-07-10;
SEFAZ - RECEITA;0105392026-1#MONACO MOTOCENTER LAGOA COMERCIAL LTDA#AUTORIZAÇAO SAIDA VEICULO#PROCESSO;7;2026-07-10;
SEFAZ - RECEITA;OFICIO 001-2020-TREVO;116;2026-07-10;
SEFAZ - RECEITA;DESPACHO-GTRAN-COFIS SEFAZ;3;2026-07-10;
SEFAZ - RECEITA;MEMORANDO Nº 010-2020-SEFAZ-COFIS-NUFAT;2;2026-07-10;
SEFAZ - RECEITA;INFORMAÇAO FISCAL Nº 2020 NUFAT 0010;3;2026-07-10;
SEFAZ - RECEITA;MEMORANDO CIRCULAR Nº 027-2019-SEFAZ-SAREC;1;2026-07-10;
SEFAZ - RECEITA;MEMORANDO 01-2020 GTRAN-COFIS;2;2026-07-10;
SEFAZ - RECEITA;PROCESSO Nº 0113912020-4;10;2026-07-10;
SEFAZ - RECEITA;PROCESSO Nº 0015452021-7;13;2026-07-10;
SEFAZ - RECEITA;PROCESSO Nº 0008702020-3;14;2026-07-10;
SEFAZ - RECEITA;PROCESSO Nº 0013342020-5;9;2026-07-10;
SEFAZ - RECEITA;PROCESSO Nº 0014622020-0;13;2026-07-10;
SEFAZ - RECEITA;PROCESSO Nº 0113382020-4;28;2026-07-10;
SEFAZ - RECEITA;PROCESSO Nº 0037552020-1;5;2026-07-10;
SEFAZ - RECEITA;PROCESSO Nº 0022022020-4;7;2026-07-10;
SEFAZ - RECEITA;PROCESSO Nº 0006452020-0;17;2026-07-10;
SEFAZ - RECEITA;PROCESSO Nº 0054512016-0;41;2026-07-10;
SEFAZ - RECEITA;PROCESSO Nº 0144852020-7;90;2026-07-10;
SEFAZ - RECEITA;PROCESSO Nº 0113392020-9;49;2026-07-10;
SEFAZ - RECEITA;PROCESSO Nº 0113362020-5;33;2026-07-10;
SEFAZ - RECEITA;PROCESSO Nº 0091942020-6;12;2026-07-10;
SEFAZ - RECEITA;PROCESSO Nº 0023982020-7;6;2026-07-10;
SEFAZ - RECEITA;PROCESSO Nº 0023992020-1;6;2026-07-10;
SEFAZ - RECEITA;PROCESSO Nº 0024162020-1;13;2026-07-10;
SEFAZ - RECEITA;PROCESSO Nº 0025152020-0;5;2026-07-10;
SEFAZ - RECEITA;PROCESSO Nº 0025832020-6;9;2026-07-10;
SEFAZ - RECEITA;PROCESSO Nº 0027192020-3;15;2026-07-10;
SEFAZ - RECEITA;PROCESSO Nº 0028122020-4;25;2026-07-10;
SEFAZ - RECEITA;PROCESSO Nº 0031712020-4;55;2026-07-10;
SEFAZ - RECEITA;PROCESSO Nº 0032902020-0;32;2026-07-10;
SEFAZ - RECEITA;PROCESSO Nº 0033302020-0;13;2026-07-10;
SEFAZ - RECEITA;PROCESSO Nº 0033702020-5;42;2026-07-10;
SEFAZ - RECEITA;PROCESSO Nº 0003392020-6;7;2026-07-10;
SEFAZ - RECEITA;PROCESSO Nº 0022072020-7;8;2026-07-10;
SEFAZ - RECEITA;PROCESSO Nº 0003432020-2;27;2026-07-10;
SEFAZ - RECEITA;PROCESSO Nº 0003402020-9;27;2026-07-10;
SEFAZ - RECEITA;PROCESSO Nº 0005692020-2;8;2026-07-10;
SEFAZ - RECEITA;PROCESSO Nº 0006442020-5;9;2026-07-10;
SEFAZ - RECEITA;PORTARIA Nº 007-2019-GAB-SEFAZ;7;2026-07-10;
SEFAZ - RECEITA;ORDEM DE SERVIÇO 010-2019-COTRI-SEFAZ;3;2026-07-10;
SEFAZ - RECEITA;MEMORANDO CIRCULAR Nº 004-2019-SEFAZ-SARE;3;2026-07-10;
SEFAZ - RECEITA;PORTARIA SEFAZ Nº 488 DE 29 DE MARÇO DE 2019;8;2026-07-10;
SEFAZ - RECEITA;MEMORANDO 143-2019-COFIS;4;2026-07-10;
SEFAZ - RECEITA;PORTARIA Nº 325-2013-GABIN;6;2026-07-10;
SEFAZ - RECEITA;PORTARIA SF Nº 117 DE 26.06.2015;5;2026-07-10;
SEFAZ - RECEITA;TERMO DE APREENSAO- RODRIGUES & OLIVEIRA COMERCIO VAREJISTA DE PESCADO LTDA-ME;6;2026-07-10;
SEFAZ - RECEITA;PROCESSO Nº 0108702020-4;6;2026-07-10;
SEFAZ - RECEITA;PROCESSO Nº 0095952022-8;10;2026-07-10;
SEFAZ - RECEITA;PROCESSO Nº 0094972022-4;6;2026-07-10;
SEFAZ - RECEITA;PROCESSO Nº 0094982022-9;6;2026-07-10;
SEFAZ - RECEITA;PROCESSO Nº 0094992022-3;6;2026-07-10;
SEFAZ - RECEITA;PROCESSO Nº 0095002022-2;6;2026-07-10;
SEFAZ - RECEITA;PROCESSO Nº 0095012022-7;8;2026-07-10;
SEFAZ - RECEITA;PROCESSO Nº 0094612022-6;16;2026-07-10;
SEFAZ - RECEITA;PROCESSO Nº 0098452022-8;16;2026-07-10;
SEFAZ - RECEITA;PROCESSO Nº 0098472022-7;16;2026-07-10;
SEFAZ - RECEITA;PROCESSO Nº 0098422022-4;16;2026-07-10;
SEFAZ - RECEITA;PROCESSO Nº 0098482022-1;16;2026-07-10;
SEFAZ - RECEITA;PROCESSO Nº 0098462022-2;16;2026-07-10;
SEFAZ - RECEITA;PROCESSO Nº 0095972022-7;10;2026-07-10;
SEFAZ - RECEITA;PROCESSO Nº 0096012022-0;9;2026-07-10;
SEFAZ - RECEITA;PROCESSO Nº 0097222022-4;10;2026-07-10;
SEFAZ - RECEITA;PROCESSO Nº 0097212022-0;11;2026-07-10;
SEFAZ - RECEITA;PROCESSO Nº 0097202022-5;10;2026-07-10;
SEFAZ - RECEITA;PROCESSO Nº 0097182022-8;10;2026-07-10;
SEFAZ - RECEITA;PROCESSO Nº 0098372022-3;17;2026-07-10;
SEFAZ - RECEITA;PROCESSO Nº 0098402022-5;17;2026-07-10;
SEFAZ - RECEITA;PROCESSO Nº 0098502022-9;17;2026-07-10;
SEFAZ - RECEITA;PROCESSO Nº 0098392022-2;16;2026-07-10;
SEFAZ - RECEITA;PROCESSO Nº 0098412022-0;16;2026-07-10;
SEFAZ - RECEITA;PROCESSO Nº 0098432022-9;16;2026-07-10;
SEFAZ - RECEITA;PROCESSO Nº 0096362022-3;10;2026-07-10;
SEFAZ - RECEITA;PROCESSO Nº 0093412022-6;11;2026-07-10;
SEFAZ - RECEITA;PROCESSO Nº 0094222022-6;9;2026-07-10;
SEFAZ - RECEITA;PROCESSO Nº 0095922022-4;9;2026-07-10;
SEFAZ - RECEITA;PROCESSO Nº 0092572022-4;10;2026-07-10;
SEFAZ - RECEITA;PROCESSO Nº 0095982022-1;15;2026-07-10;
SEFAZ - RECEITA;PROCESSO Nº 0098922022-2;9;2026-07-10;
SEFAZ - RECEITA;PROCESSO Nº 0098122022-3;10;2026-07-10;
SEFAZ - RECEITA;PROCESSO Nº 0098102022-4;13;2026-07-10;
SEFAZ - RECEITA;PROCESSO Nº 0098082022-7;10;2026-07-10;
SEFAZ - RECEITA;PROCESSO Nº 0091842022-9;23;2026-07-10;
SEFAZ - RECEITA;PROCESSO Nº 0101312022-1;12;2026-07-10;
SEFAZ - RECEITA;PROCESSO Nº 0094212022-1;9;2026-07-10;
SEFAZ - RECEITA;PROCESSO Nº 0096252022-5;11;2026-07-10;
SEFAZ - RECEITA;PROCESSO Nº 0094172022-5;8;2026-07-10;
SEFAZ - RECEITA;PROCESSO Nº 0092472022-0;12;2026-07-10;
SEFAZ - RECEITA;PROCESSO Nº 0098072022-2;10;2026-07-10;
SEFAZ - RECEITA;PROCESSO Nº 0087672022-0;11;2026-07-10;
SEFAZ - RECEITA;PROCESSO Nº 0091082022-8;7;2026-07-10;
SEFAZ - RECEITA;PROCESSO Nº 0093552022-8;10;2026-07-10;
SEFAZ - RECEITA;PROCESSO Nº 0095962022-2;10;2026-07-10;
SEFAZ - RECEITA;PROCESSO Nº 0096002022-5;13;2026-07-10;
SEFAZ - RECEITA;PROCESSO Nº 0093302022-8;17;2026-07-10;
SEFAZ - RECEITA;PROCESSO Nº 0093332022-1;11;2026-07-10;
SEFAZ - RECEITA;PROCESSO Nº 0093342022-6;8;2026-07-10;
SEFAZ - RECEITA;PROCESSO Nº 0093322022-7;8;2026-07-10;
SEFAZ - RECEITA;PROCESSO Nº 0093312022-2;8;2026-07-10;
SEFAZ - RECEITA;PROCESSO Nº 0093372022-0;9;2026-07-10;
SEFAZ - RECEITA;PROCESSO Nº 0089462022-3;7;2026-07-10;
SEFAZ - RECEITA;PROCESSO Nº 0093272022-6;18;2026-07-10;
SEFAZ - RECEITA;PROCESSO Nº 0094112022-8;16;2026-07-10;
SEFAZ - RECEITA;PROCESSO Nº 0094122022-2;13;2026-07-10;
SEFAZ - RECEITA;PROCESSO Nº 0090132022-6;13;2026-07-10;
SEFAZ - RECEITA;PROCESSO Nº 0099442022-6;10;2026-07-10;
SEFAZ - RECEITA;PROCESSO Nº 0099452022-0;8;2026-07-10;
SEFAZ - RECEITA;PROCESSO Nº 0093432022-5;10;2026-07-10;
SEFAZ - RECEITA;PROCESSO Nº 0100562022-9;18;2026-07-10;
SEFAZ - RECEITA;PROCESSO Nº 0099642022-3;10;2026-07-10;
SEFAZ - RECEITA;PROCESSO Nº 0099652022-8;11;2026-07-10;
SEFAZ - RECEITA;PROCESSO Nº 0099682022-1;12;2026-07-10;
SEFAZ - RECEITA;PROCESSO Nº 0099692022-6;11;2026-07-10;
SEFAZ - RECEITA;PROCESSO Nº 0099502022-1;10;2026-07-10;
SEFAZ - RECEITA;PROCESSO Nº 0094292022-8;9;2026-07-10;
SEFAZ - RECEITA;PROCESSO Nº 0094502022-8;10;2026-07-10;
SEFAZ - RECEITA;PROCESSO Nº 0097272022-7;12;2026-07-10;
SEFAZ - RECEITA;PROCESSO Nº 0097282022-1;13;2026-07-10;
SEFAZ - RECEITA;PROCESSO Nº 0097262022-2;12;2026-07-10;
SEFAZ - RECEITA;PROCESSO Nº 0099712022-3;10;2026-07-10;
SEFAZ - RECEITA;PROCESSO Nº 0098132022-8;11;2026-07-10;
SEFAZ - RECEITA;PROCESSO Nº 0191652024-3;13;2026-07-10;
SEFAZ - RECEITA;PROCESSO Nº 0169002024-5;10;2026-07-10;
SEFAZ - RECEITA;PROCESSO Nº 0169042024-3;12;2026-07-10;
SEFAZ - RECEITA;PROCESSO Nº 0168992024-6;13;2026-07-10;
SEFAZ - RECEITA;PROCESSO Nº 0162502024-4;12;2026-07-10;
SEFAZ - RECEITA;PROCESSO Nº 0173172024-6;14;2026-07-10;
SEFAZ - RECEITA;PROCESSO Nº 0171612024-1;11;2026-07-10;
SEFAZ - RECEITA;PROCESSO Nº 0140572024-7;8;2026-07-10;
SEFAZ - RECEITA;PROCESSO Nº 0137142024-6;8;2026-07-10;
SEFAZ - RECEITA;PROCESSO Nº 0140632024-2;12;2026-07-10;
SEFAZ - RECEITA;PROCESSO Nº 0192002024-1;28;2026-07-10;
SEFAZ - RECEITA;PROCESSO Nº 0180322024-4;10;2026-07-10;
SEFAZ - RECEITA;PROCESSO Nº 0152102024-8;14;2026-07-10;
SEFAZ - RECEITA;PROCESSO Nº 0150292024-7;14;2026-07-10;
SEFAZ - RECEITA;PROCESSO Nº 0147602024-8;18;2026-07-10;
SEFAZ - RECEITA;PROCESSO Nº 0147622024-7;22;2026-07-10;
SEFAZ - RECEITA;0147212024-8#CONQUISTA MOTOS E MOTORES LTDA#AUTORIZAÇAO SAIDA VEICULO#PROCESSO;11;2026-07-10;
SEFAZ - RECEITA;0147742024-0#ANTONIO CARLOS MARTINS DEMATOS#AUTORIZAÇAO SAIDA VEICULO#PROCESSO;10;2026-07-10;
SEFAZ - RECEITA;0146602024-5#AMAUTO-AMAPA AUTOMOVEIS LTDA#AUTORIZAÇAO SAIDA VEICULO#PROCESSO;16;2026-07-10;
SEFAZ - RECEITA;0145692024-3#MONACO MOTOCENTER LAGOA COMERCIAL LTDA#AUTORIZAÇAO SAIDA VEICULO#PROCESSO;8;2026-07-10;
SEFAZ - RECEITA;0145662024-0#MONACO MOTOCENTER LAGOA COMERCIAL LTDA#AUTORIZAÇAO SAIDA VEICULO#PROCESSO;8;2026-07-10;
SEFAZ - RECEITA;0145602024-2#MONACO MOTOCENTER LAGOA COMERCIAL LTDA#AUTORIZAÇAO SAIDA VEICULO#PROCESSO;8;2026-07-10;
SEFAZ - RECEITA;0145612024-7#MONACO MOTOCENTER LAGOA COMERCIAL LTDA#AUTORIZAÇAO SAIDA VEICULO#PROCESSO;8;2026-07-10;
SEFAZ - RECEITA;0096592019-4#PETROBRAS DISTRIBUIDORA S.A#RESTITUIÇAO DO ICMS#PROCESSO;39;2026-07-10;
SEFAZ - RECEITA;0145632024-6#MONACO MOTOCENTER LAGOA COMERCIAL LTDA#AUTORIZAÇAO SAIDA VEICULO#PROCESSO;8;2026-07-10;
SEFAZ - RECEITA;0144012024-2#MANOEL EVARISTO TADEU SILVA#AUTORIZAÇAO SAIDA VEICULO#PROCESSO;11;2026-07-10;
SEFAZ - RECEITA;0158182024-0#SILVIO VITORIA DE SOUZA#AUTORIZAÇAO SAIDA VEICULO#PROCESSO;11;2026-07-10;
SEFAZ - RECEITA;0156652024-0#GRUPO CAPITAL LTDA#AUTORIZAÇAO SAIDA VEICULO#PROCESSO;22;2026-07-10;
SEFAZ - RECEITA;0150322024-9#R & B SERVIÇOS DE TELECOMUNICAÇAO LTDA-EPP#AUTORIZAÇAO SAIDA VEICULO#PROCESSO;16;2026-07-10;
SEFAZ - RECEITA;0916642026-1#R DE CASTRO TEIXEIRA LTDA#PEDIDO DE SUSPENSAO#PROCESSO;29;2026-07-10;
SEFAZ - RECEITA;28730012043-2014#AMAUTO AMAPA AUTOMOVEIS LTDA#ARRECADAÇÃO#PROCESSO;66;2026-07-10;
SEFAZ - RECEITA;0089122022-4#IPIRANGA PRODUTOS DE PETROLEO S.A#RESTITUIÇAO DO ICMS#PROCESSO;27;2026-07-10;
SEFAZ - RECEITA;0413032024-6#IPIRANGA PRODUTOS DE PETROLEO S.A#PEDIDO DE DESARQUIVAMENTO DOS PROCESSOS#PROCESSO;75;2026-07-10;
SEFAZ - RECEITA;0080682022-5#IPIRANGA PRODUTOS DE PETROLEO S.A#RESTITUIÇAO DO ICMS#PROCESSO;27;2026-07-10;
SEFAZ - RECEITA;0080742022-0#IPIRANGA PRODUTOS DE PETROLEO S.A#RESTITUIÇAO DO ICMS#PROCESSO;27;2026-07-10;
SEFAZ - RECEITA;0149612019-1#NESTLE BRASIL LTDA#PEDIDO DE RESTITUIÇÃO DE ICMS#PROCESSO;45;2026-07-10;
SEFAZ - RECEITA;0180452021-7#TELEMAR NORTE LESTE SA#COPIA REPROG, OU SEMELHANTE DE PROCESSO#PROCESSO;45;2026-07-10;
SEFAZ - RECEITA;0133382019-4#A. R. FILHO & CIA LTDA#RECURSO ADMINISTRATIVO FISCAL#PROCESSO;20;2026-07-10;
SEFAZ - RECEITA;0194862019-7#A. R. FILHO & CIA LTDA#RECURSO ADMINISTRATIVO FISCAL#PROCESSO;11;2026-07-10;
SEFAZ - RECEITA;6501562025-0#RODRIGO HELDT#AUTORIZAÇÃO PARA SAIDA DE VEICULO#PROCESSO;16;2026-07-10;
SEFAZ - RECEITA;6501012025-9#BRUNA TARCIANE DE SOUZA LIMA#AUTORIZAÇÃO PARA SAIDA DE VEICULO#PROCESSO;15;2026-07-10;
SEFAZ - RECEITA;6465662025-4#ISSAC BELO BARRIGA#AUTORIZAÇÃO PARA SAIDA DE VEICULO#PROCESSO;16;2026-07-10;
SEFAZ - RECEITA;6465652025-0#JOSE UBIRAJARA MALVAO JUNIOR#AUTORIZAÇÃO PARA SAIDA DE VEICULO#PROCESSO;18;2026-07-10;
SEFAZ - RECEITA;6459712025-4#ELIELSON SILVA CHAGAS#AUTORIZAÇÃO PARA SAIDA DE VEICULO#PROCESSO;11;2026-07-10;
SEFAZ - RECEITA;6459742025-8#GABRIELE DO NASCIMENTO SANTANA#AUTORIZAÇÃO PARA SAIDA DE VEICULO#PROCESSO;11;2026-07-10;
SEFAZ - RECEITA;6459692025-7#DEUZA DA GLORIA MARTINS DE FREITAS#AUTORIZAÇÃO PARA SAIDA DE VEICULO#PROCESSO;14;2026-07-10;
SEFAZ - RECEITA;6459732025-3#ELIGEANNE DOS SANTOS FERREIRA CARDOSO#AUTORIZAÇÃO PARA SAIDA DE VEICULO#PROCESSO;12;2026-07-10;
SEFAZ - RECEITA;6459772025-1#GERRY ADRIANO DOS SANTOS BARBOSA#AUTORIZAÇÃO PARA SAIDA DE VEICULO#PROCESSO;11;2026-07-10;
SEFAZ - RECEITA;6459782025-6#NAIRLEY CARDOSO SILVA AGUIAR#AUTORIZAÇÃO PARA SAIDA DE VEICULO#PROCESSO;16;2026-07-10;
SEFAZ - RECEITA;6822782025-5#JANETE RODRIGUES MACEDO#AUTORIZAÇÃO PARA SAIDA DE VEICULO#PROCESSO;15;2026-07-10;
SEFAZ - RECEITA;6874262025-2#VALDINEI XAVIER#AUTORIZAÇÃO PARA SAIDA DE VEICULO#PROCESSO;8;2026-07-10;
SEFAZ - RECEITA;6872162025-3#MONACO MOTOCENTER LAGOA COMERCIAL LTDA#AUTORIZAÇÃO PARA SAIDA DE VEICULO#PROCESSO;7;2026-07-10;
SEFAZ - RECEITA;6872192025-7#MONACO MOTOCENTER LAGOA COMERCIAL LTDA#AUTORIZAÇÃO PARA SAIDA DE VEICULO#PROCESSO;7;2026-07-10;
SEFAZ - RECEITA;6872822025-0#MONACO MOTOCENTER LAGOA COMERCIAL LTDA#AUTORIZAÇÃO PARA SAIDA DE VEICULO#PROCESSO;7;2026-07-10;
SEFAZ - RECEITA;6872132025-0#AMAUTO - AMAPA AUTOMOVEIS LTDA#AUTORIZAÇÃO PARA SAIDA DE VEICULO#PROCESSO;11;2026-07-10;
SEFAZ - RECEITA;6871492025-5#CONQUISTA MOTOS E MOTORES LTDA#AUTORIZAÇÃO PARA SAIDA DE VEICULO#PROCESSO;32;2026-07-10;
SEFAZ - RECEITA;6873162025-6#MONACO MOTOCENTER LAGOA COMERCIAL LTDA#AUTORIZAÇÃO PARA SAIDA DE VEICULO#PROCESSO;7;2026-07-10;
SEFAZ - RECEITA;6913302025-6#JEOVAN RAMOS NASCIMENTO#AUTORIZAÇÃO PARA SAIDA DE VEICULO#PROCESSO;21;2026-07-10;
SEFAZ - RECEITA;6913292025-3#THAINARA MARQUES SANTOS#AUTORIZAÇÃO PARA SAIDA DE VEICULO#PROCESSO;11;2026-07-10;
SEFAZ - RECEITA;6913282025-9#SAULO FERREIRA DO AMARAL#AUTORIZAÇÃO PARA SAIDA DE VEICULO#PROCESSO;11;2026-07-10;
SEFAZ - RECEITA;6914272025-7#RILKE DA SILVA PIRES#AUTORIZAÇÃO PARA SAIDA DE VEICULO#PROCESSO;8;2026-07-10;
SEFAZ - RECEITA;6921212025-3#KAIQUE DOS SANTOS GOMES#AUTORIZAÇÃO PARA SAIDA DE VEICULO#PROCESSO;8;2026-07-10;
SEFAZ - RECEITA;7052632025-7#ADINAILTON DA SILVA RIBEIRO#AUTORIZAÇÃO PARA SAIDA DE VEICULO#PROCESSO;13;2026-07-10;
SEFAZ - RECEITA;7095082025-3#JOBSON FERREIRA MENDES#AUTORIZAÇÃO PARA SAIDA DE VEICULO#PROCESSO;7;2026-07-10;
SEFAZ - RECEITA;7095122025-0#BENEDITO SANTOS RAPOSO#AUTORIZAÇÃO PARA SAIDA DE VEICULO#PROCESSO;7;2026-07-10;
SEFAZ - RECEITA;7097172025-8#R. S. FLORENCIO JUNIOR EIRELI ME#AUTORIZAÇÃO PARA SAIDA DE VEICULO#PROCESSO;16;2026-07-10;
SEFAZ - RECEITA;6463692025-2#AMCEL - AMAPA FLORESTAL E CELULOSE SA#AUTORIZAÇÃO PARA SAIDA DE VEICULO#PROCESSO;46;2026-07-10;
SEFAZ - RECEITA;6595622025-2#MONACO MOTOCENTER LAGOA COMERCIAL LTDA#AUTORIZAÇÃO PARA SAIDA DE VEICULO#PROCESSO;7;2026-07-10;
SEFAZ - RECEITA;6595662025-0#MONACO MOTOCENTER LAGOA COMERCIAL LTDA#AUTORIZAÇÃO PARA SAIDA DE VEICULO#PROCESSO;7;2026-07-10;
SEFAZ - RECEITA;6595612025-8#MONACO MOTOCENTER LAGOA COMERCIAL LTDA#AUTORIZAÇÃO PARA SAIDA DE VEICULO#PROCESSO;8;2026-07-10;
SEFAZ - RECEITA;6595602025-2#MONACO MOTOCENTER LAGOA COMERCIAL LTDA#AUTORIZAÇÃO PARA SAIDA DE VEICULO#PROCESSO;7;2026-07-10;
SEFAZ - RECEITA;6595592025-0#MONACO MOTOCENTER LAGOA COMERCIAL LTDA#AUTORIZAÇÃO PARA SAIDA DE VEICULO#PROCESSO;8;2026-07-10;
SEFAZ - RECEITA;6595582025-6#MONACO MOTOCENTER LAGOA COMERCIAL LTDA#AUTORIZAÇÃO PARA SAIDA DE VEICULO#PROCESSO;7;2026-07-10;
SEFAZ - RECEITA;6596212025-6#AGUINALDO PAULA CHAVES#AUTORIZAÇÃO PARA SAIDA DE VEICULO#PROCESSO;7;2026-07-10;
SEFAZ - RECEITA;6729842025-9#FREDERICO DE SOUZA AMARO#AUTORIZAÇÃO PARA SAIDA DE VEICULO#PROCESSO;13;2026-07-10;
SEFAZ - RECEITA;6729872025-2#ERMELINA AGUIAR RIBAS DE OLIVEIRA#AUTORIZAÇÃO PARA SAIDA DE VEICULO#PROCESSO;15;2026-07-10;
SEFAZ - RECEITA;6728792025-5#CLAUDIO CANTANHEIDE AROUCHE#AUTORIZAÇÃO PARA SAIDA DE VEICULO#PROCESSO;9;2026-07-10;
SEFAZ - RECEITA;6728812025-2#BANCO PAN SA#AUTORIZAÇÃO PARA SAIDA DE VEICULO#PROCESSO;20;2026-07-10;
SEFAZ - RECEITA;6728832025-1#BANCO PAN SA#AUTORIZAÇÃO PARA SAIDA DE VEICULO#PROCESSO;20;2026-07-10;
SEFAZ - RECEITA;6728842025-6#ITAU UNIBANCO HOLDING SA#AUTORIZAÇÃO PARA SAIDA DE VEICULO#PROCESSO;33;2026-07-10;
SEFAZ - RECEITA;6729882025-7#VIP EMPREENDIMENTOS LTDA#AUTORIZAÇÃO PARA SAIDA DE VEICULO#PROCESSO;15;2026-07-10;
SEFAZ - RECEITA;6727842028-2#FABIO DOS SANTOS CAVALHO#AUTORIZAÇÃO PARA SAIDA DE VEICULO#PROCESSO;10;2026-07-10;
SEFAZ - RECEITA;6595672025-5#MONACO MOTOCENTER LAGOA COMERCIAL LTDA#AUTORIZAÇÃO PARA SAIDA DE VEICULO#PROCESSO;7;2026-07-10;
SEFAZ - RECEITA;6193252025-2#A J DA SILVA MARECO LTDA#AUTORIZAÇÃO PARA SAIDA DE VEICULO#PROCESSO;12;2026-07-10;
SEFAZ - RECEITA;6193302025-3#ELIZEU REINALDO MENDES#AUTORIZAÇÃO PARA SAIDA DE VEICULO#PROCESSO;13;2026-07-10;
SEFAZ - RECEITA;6194212025-7#BANCO PAN SA#AUTORIZAÇÃO PARA SAIDA DE VEICULO#PROCESSO;13;2026-07-10;
SEFAZ - RECEITA;6194202025-2#BANCO PAN SA#AUTORIZAÇÃO PARA SAIDA DE VEICULO#PROCESSO;16;2026-07-10;
SEFAZ - RECEITA;6198062025-2#BANCO PAN SA#AUTORIZAÇÃO PARA SAIDA DE VEICULO#PROCESSO;19;2026-07-10;
SEFAZ - RECEITA;6196712025-0#MONACO MOTOCENTER LAGOA COMERCIAL LTDA#AUTORIZAÇÃO PARA SAIDA DE VEICULO#PROCESSO;7;2026-07-10;
SEFAZ - RECEITA;6196252025-0#MONACO MOTOCENTER LAGOA COMERCIAL LTDA#AUTORIZAÇÃO PARA SAIDA DE VEICULO#PROCESSO;7;2026-07-10;
SEFAZ - RECEITA;6196172025-6#MONACO MOTOCENTER LAGOA COMERCIAL LTDA#AUTORIZAÇÃO PARA SAIDA DE VEICULO#PROCESSO;7;2026-07-10;
SEFAZ - RECEITA;6196142025-2#MONACO MOTOCENTER LAGOA COMERCIAL LTDA#AUTORIZAÇÃO PARA SAIDA DE VEICULO#PROCESSO;7;2026-07-10;
SEFAZ - RECEITA;6196162025-1#MONACO MOTOCENTER LAGOA COMERCIAL LTDA#AUTORIZAÇÃO PARA SAIDA DE VEICULO#PROCESSO;7;2026-07-10;
SEFAZ - RECEITA;6196132025-8#MONACO MOTOCENTER LAGOA COMERCIAL LTDA#AUTORIZAÇÃO PARA SAIDA DE VEICULO#PROCESSO;7;2026-07-10;
SEFAZ - RECEITA;6196122025-3#MONACO MOTOCENTER LAGOA COMERCIAL LTDA#AUTORIZAÇÃO PARA SAIDA DE VEICULO#PROCESSO;7;2026-07-10;
SEFAZ - RECEITA;6196112025-9#MONACO MOTOCENTER LAGOA COMERCIAL LTDA#AUTORIZAÇÃO PARA SAIDA DE VEICULO#PROCESSO;7;2026-07-10;
SEFAZ - RECEITA;6196152025-7#LITRUS ACAI COM AGUA MINERAL LTDA#AUTORIZAÇÃO PARA SAIDA DE VEICULO#PROCESSO;17;2026-07-10;
SEFAZ - RECEITA;6196062025-8#CONQUISTA MOTOS E MOTORES LTDA#AUTORIZAÇÃO PARA SAIDA DE VEICULO#PROCESSO;10;2026-07-10;
SEFAZ - RECEITA;6193682025-0#BANCO PAN SA#AUTORIZAÇÃO PARA SAIDA DE VEICULO#PROCESSO;9;2026-07-10;
SEFAZ - RECEITA;6194182025-5#L FIGUEIREDO DE BRITO#AUTORIZAÇÃO PARA SAIDA DE VEICULO#PROCESSO;12;2026-07-10;
SEFAZ - RECEITA;6197462025-5#NILTON BASTOS DOS SANTOS#AUTORIZAÇÃO PARA SAIDA DE VEICULO#PROCESSO;8;2026-07-10;
SEFAZ - RECEITA;6232962025-0#FRANCISCO SILVA SOUSA#AUTORIZAÇÃO PARA SAIDA DE VEICULO#PROCESSO;17;2026-07-10;
SEFAZ - RECEITA;6199152025-5#JOAS DO SOCORRO ALVIDES#AUTORIZAÇÃO PARA SAIDA DE VEICULO#PROCESSO;11;2026-07-10;
SEFAZ - RECEITA;6199142025-0#SIMONE TORRES DO NASCIMENTO#AUTORIZAÇÃO PARA SAIDA DE VEICULO#PROCESSO;15;2026-07-10;
SEFAZ - RECEITA;6199122025-1#FRIGIO TIMBIRAS LTDA#AUTORIZAÇÃO PARA SAIDA DE VEICULO#PROCESSO;14;2026-07-10;
SEFAZ - RECEITA;6240422025-0#POTENGI EMPREENDIMENTOS EIRELI#AUTORIZAÇÃO PARA SAIDA DE VEICULO#PROCESSO;14;2026-07-10;
SEFAZ - RECEITA;6872052025-5#CAWAN AMANAJAS TAVARES#AUTORIZAÇÃO PARA SAIDA DE VEICULO#PROCESSO;11;2026-07-10;
SEFAZ - RECEITA;6872102025-6#FRANCYS MATHEUS DE SOUZA SANTOS#AUTORIZAÇÃO PARA SAIDA DE VEICULO#PROCESSO;11;2026-07-10;
SEFAZ - RECEITA;6872112025-0#RPGERIO DOS SANTOS NASCIMENTO JUNIOR#AUTORIZAÇÃO PARA SAIDA DE VEICULO#PROCESSO;12;2026-07-10;
SEFAZ - RECEITA;6820652025-2#ALDO LUIS ALVARENGA SANTOS#AUTORIZAÇÃO PARA SAIDA DE VEICULO#PROCESSO;16;2026-07-10;
SEFAZ - RECEITA;6776012025-7#PAULO BRAGA DOS SANTOS#AUTORIZAÇÃO PARA SAIDA DE VEICULO#PROCESSO;8;2026-07-10;
SEFAZ - RECEITA;6823962025-6#MARIA DO SOCORRO SILVA DOS SANTOS#AUTORIZAÇÃO PARA SAIDA DE VEICULO#PROCESSO;11;2026-07-10;
SEFAZ - RECEITA;6891232025-1#LAZARO SAORES DOS SANTOS SOBRINHO#AUTORIZAÇÃO PARA SAIDA DE VEICULO#PROCESSO;14;2026-07-10;
SEFAZ - RECEITA;6827032025-0#HERVERSON ANTONIO DA SILVA#AUTORIZAÇÃO PARA SAIDA DE VEICULO#PROCESSO;13;2026-07-10;
SEFAZ - RECEITA;6827002025-7#MATUZA TEIXEIRA SHIOZAKI#AUTORIZAÇÃO PARA SAIDA DE VEICULO#PROCESSO;13;2026-07-10;
SEFAZ - RECEITA;6826992025-8#MARIA BERNADETE VIEIRA DE CARVALHO#AUTORIZAÇÃO PARA SAIDA DE VEICULO#PROCESSO;17;2026-07-10;
SEFAZ - RECEITA;6826972025-9#ELO ASSESSORIA CONTABIL#AUTORIZAÇÃO PARA SAIDA DE VEICULO#PROCESSO;23;2026-07-10;
SEFAZ - RECEITA;6825512025-4#MACOL CONSTRUÇÕES LTDA#AUTORIZAÇÃO PARA SAIDA DE VEICULO#PROCESSO;30;2026-07-10;
SEFAZ - RECEITA;PROCESSO Nº 6872062025-0;31;2026-07-10;
SEFAZ - RECEITA;PROCESSO Nº 6872122025-5;37;2026-07-10;
SEFAZ - RECEITA;PROCESSO Nº 1092942026-8;1;2026-07-10;
SEFAZ - RECEITA;PROCESSO Nº 1080992026-3;1;2026-07-10;
SEFAZ - RECEITA;PROCESSO Nº 9967922025-7;17;2026-07-10;
SEFAZ - RECEITA;PROCESSO Nº 0413792026-5;18;2026-07-10;
SEFAZ - RECEITA;PROCESSO Nº 0414202026-9;17;2026-07-10;
SEFAZ - RECEITA;PROCESSO Nº 0413562026-4;15;2026-07-10;
SEFAZ - RECEITA;PROCESSO Nº 0115552025-4;14;2026-07-10;
SEFAZ - RECEITA;PROCESSO Nº 0205042024-2;14;2026-07-10;
SEFAZ - RECEITA;PROCESSO Nº 0147272024-5;10;2026-07-10;
SEFAZ - RECEITA;PROCESSO Nº 0172512024-0;12;2026-07-10;
SEFAZ - RECEITA;PROCESSO Nº 0264002024-2;18;2026-07-10;
SEFAZ - RECEITA;PROCESSO Nº 0337152024-2;15;2026-07-10;
SEFAZ - RECEITA;PROCESSO Nº 9906262025-6;19;2026-07-10;
SEFAZ - RECEITA;9906242025-7#SEPE TIARAJU;18;2026-07-10;
SEFAZ - RECEITA;9171352025-7#SEPE TIARAJU EMPREENDIMENTOS LTDA#DILACAO DE PRAZO#PROCESSO;9;2026-07-10;
SEFAZ - RECEITA;9286972025-4#BANCO J. SAFRA S.A#PEDIDO DE INSCRICAO ESTADUAL#PROCESSO;14;2026-07-10;
SEFAZ - RECEITA;8812412025-0#ANDRADE & BASTOS LTDA#OFICIO PARA O SECRETARIO DA SARE#PROCESSO;11;2026-07-10;
SEFAZ - RECEITA;9983982025-6#IUANNE MARY CASTILLO GURJAO FIGUEIREDO#AUTORIZACAO DE SAIDA DE VEICULO DA ALCMS#PROCESSO;12;2026-07-10;
SEFAZ - RECEITA;9664772025-1#ANDRESSA MARQUES LAMARAO RODRIGUES#DENUNCIAS#PROCESSO;5;2026-07-10;
SEFAZ - RECEITA;8816382025-0#ANTONIO S DE ALMEIDA EIRELI#PEDIDO DE REATIVACAO#PROCESSO;24;2026-07-10;
SEFAZ - RECEITA;8815152025-6#COMPANHIA DE ELETRICIDADE DO AMAPA CEA#PRORROGACAO DE PRAZO REMESSA CONSERTO E REPARO#PROCESSO;14;2026-07-10;
SEFAZ - RECEITA;1007062026-1#CONQUISTA MOTOS E MOTORES LTDA#AUTORIZACAO DE SAIDA DE VEICULO DA ALCMS#PROCESSO;9;2026-07-10;
SEFAZ - RECEITA;1007072026-6#CONQUISTA MOTOS E MOTORES LTDA#AUTORIZACAO DE SAIDA DE VEICULO DA ALCMS#PROCESSO;9;2026-07-10;
SEFAZ - RECEITA;1007002026-4#CONQUISTA MOTOS E MOTORES LTDA#AUTORIZACAO DE SAIDA DE VEICULO DA ALCMS#PROCESSO;9;2026-07-10;
SEFAZ - RECEITA;1006962026-1#MONACO MOTOCENTER LAGOA COMERCIAL LTDA#AUTORIZACAO DE SAIDA DE VEICULO DA ALCMS#PROCESSO;7;2026-07-10;
SEFAZ - RECEITA;1006932026-8#MONACO MOTOCENTER LAGOA COMERCIAL LTDA#AUTORIZACAO DE SAIDA DE VEICULO DA ALCMS#PROCESSO;7;2026-07-10;
SEFAZ - RECEITA;1006912026-9#MONACO MOTOCENTER LAGOA COMERCIAL LTDA#AUTORIZACAO DE SAIDA DE VEICULO DA ALCMS#PROCESSO;7;2026-07-10;
SEFAZ - RECEITA;1006832026-4#MONACO MOTOCENTER LAGOA COMERCIAL LTDA#AUTORIZACAO DE SAIDA DE VEICULO DA ALCMS#PROCESSO;7;2026-07-10;
SEFAZ - RECEITA;1006982026-0#MONACO MOTOCENTER LAGOA COMERCIAL LTDA#AUTORIZACAO DE SAIDA DE VEICULO DA ALCMS#PROCESSO;7;2026-07-10;
SEFAZ - RECEITA;1006692026-4#BANCO HONDA SA#AUTORIZACAO DE SAIDA DE VEICULO DA ALCMS#PROCESSO;15;2026-07-10;
SEFAZ - RECEITA;1006712026-1#BANCO PAN S A#AUTORIZACAO DE SAIDA DE VEICULO DA ALCMS#PROCESSO;23;2026-07-10;
SEFAZ - RECEITA;1006782026-3#BANCO PAN S A#AUTORIZACAO DE SAIDA DE VEICULO DA ALCMS#PROCESSO;20;2026-07-10;
SEFAZ - RECEITA;1006612026-8#BANCO HONDA SA#AUTORIZACAO DE SAIDA DE VEICULO DA ALCMS#PROCESSO;16;2026-07-10;
SEFAZ - RECEITA;0973072026-6#CENTRO DE SAUDE FISICA MARCOS SILVA LTDA#AUTORIZACAO DE SAIDA DE VEICULO DA ALCMS#PROCESSO;21;2026-07-10;
SEFAZ - RECEITA;1013342026-4#DENNYS PORTO FROES DE OLIVEIRA#AUTORIZACAO DE SAIDA DE VEICULO DA ALCMS#PROCESSO;8;2026-07-10;
SEFAZ - RECEITA;1012492026-8#EDIVAL FERREIRA NERY#AUTORIZACAO DE SAIDA DE VEICULO DA ALCMS#PROCESSO;7;2026-07-10;
SEFAZ - RECEITA;1025072026-4#MONACO MOTOCENTER LAGOA COMERCIAL LTDA#AUTORIZACAO DE SAIDA DE VEICULO DA ALCMS#PROCESSO;7;2026-07-10;
SEFAZ - RECEITA;1024762026-2#SANDRO PORTAL CALADO#AUTORIZACAO DE SAIDA DE VEICULO DA ALCMS#PROCESSO;9;2026-07-10;
SEFAZ - RECEITA;1024672026-3#MANOEL RODRIGUES DE NETO#AUTORIZACAO DE SAIDA DE VEICULO DA ALCMS#PROCESSO;8;2026-07-10;
SEFAZ - RECEITA;0881182026-0#ANTONIO CESAR DA SILVA MARTINS#AUTORIZACAO DE SAIDA DE VEICULO DA ALCMS#PROCESSO;8;2026-07-10;
SEFAZ - RECEITA;0879132026-7#ROBERT BRAZ NEVES#AUTORIZACAO DE SAIDA DE VEICULO DA ALCMS#PROCESSO;7;2026-07-10;
SEFAZ - RECEITA;0879142026-1#AYMORE CREDITO FINANCIAMENTO E INVESTIMENTO S.A#AUTORIZACAO DE SAIDA DE VEICULO DA ALCMS#PROCESSO;15;2026-07-10;
SEFAZ - RECEITA;0879122026-2#IVAIR CORDEIRO PEREIRA#AUTORIZACAO DE SAIDA DE VEICULO DA ALCMS#PROCESSO;10;2026-07-10;
SEFAZ - RECEITA;1033432026-7#JOAO BATISTA OLIVEIRA FILHO#AUTORIZACAO DE SAIDA DE VEICULO DA ALCMS#PROCESSO;10;2026-07-10;
SEFAZ - RECEITA;1031722026-8#DULCIRENE PINHEIRO BARBOSA#AUTORIZACAO DE SAIDA DE VEICULO DA ALCMS#PROCESSO;11;2026-07-10;
SEFAZ - RECEITA;1025412026-1#HELENILDA LIMA MIRANDA#AUTORIZACAO DE DOCUMENTOS FISCAIS SRE#PROCESSO;11;2026-07-10;
SEFAZ - RECEITA;1039762026-8#FELIPE VERAS VIEIRA#AUTORIZACAO DE SAIDA DE VEICULO DA ALCMS#PROCESSO;16;2026-07-10;
SEFAZ - RECEITA;1039782026-7#NILTON CESAR DO AMOR DIVINO DA SILVA#AUTORIZACAO DE SAIDA DE VEICULO DA ALCMS#PROCESSO;17;2026-07-10;
SEFAZ - RECEITA;1039732026-4#LEANDRO DE BRITO VIANA#AUTORIZACAO DE SAIDA DE VEICULO DA ALCMS#PROCESSO;16;2026-07-10;
SEFAZ - RECEITA;1039712026-5#LEANDRO DE BRITO VIANA#AUTORIZACAO DE SAIDA DE VEICULO DA ALCMS#PROCESSO;16;2026-07-10;
SEFAZ - RECEITA;1025632026-8#DANIEL CORREA BRAGA#AUTORIZACAO DE SAIDA DE VEICULO DA ALCMS#PROCESSO;8;2026-07-10;
SEFAZ - RECEITA;1031592026-2#MARCOS PAULO DOS SANTOS SILVA#AUTORIZACAO DE SAIDA DE VEICULO DA ALCMS#PROCESSO;11;2026-07-10;
SEFAZ - RECEITA;1080992026-3#ALAN CARLOS TAVARES CAMBRAIA#AUTORIZACAO DE SAIDA DE VEICULO DA ALCMS#PROCESSO;11;2026-07-10;
SEFAZ - RECEITA;6198152025-2#VICTORIA EMANUELLE LOPES DA S. SANTOS#PEDIDO DE RECONSIDERACAO DE PARECER#PROCESSO;17;2026-07-10;
SEFAZ - RECEITA;5912992025-6#GLOBASTAR DO BRASIL LTDA#SOLICITACAO DE REGIME ESPECIAL#PROCESSO;43;2026-07-10;
SEFAZ - RECEITA;6196102025-4#ROBERTO DA S. LIMA COMERCIO-ME#PEDIDO DE RECONSIDERACAO DE PARECER#PROCESSO;21;2026-07-10;
SEFAZ - RECEITA;9721132025-7#GELIO COMERCIAL LTDA#INFORMACAO FISCAL#PROCESSO;12;2026-07-10;
SEFAZ - RECEITA;0956022026-8#BANCO BRADESCO S A#AUTORIZACAO DE SAIDA DE VEICULO DA ALCMS#PROCESSO;28;2026-07-10;
SEFAZ - RECEITA;0956032026-2#BANCO PAN S A#AUTORIZACAO DE SAIDA DE VEICULO DA ALCMS#PROCESSO;18;2026-07-10;
SEFAZ - RECEITA;0961932026-3#MARCELEANDRO LOBATO SUCUPIRA#AUTORIZACAO DE SAIDA DE VEICULO DA ALCMS#PROCESSO;9;2026-07-10;
SEFAZ - RECEITA;0968222026-2#ROSINALDO PANTOJA#AUTORIZACAO DE SAIDA DE VEICULO DA ALCMS#PROCESSO;6;2026-07-10;
SEFAZ - RECEITA;0967882026-9#MONACO MOTOCENTER LAGOA COMERCIAL LTDA#AUTORIZACAO DE SAIDA DE VEICULO DA ALCMS#PROCESSO;7;2026-07-10;
SEFAZ - RECEITA;0967862026-0#MONACO MOTOCENTER LAGOA COMERCIAL LTDA#AUTORIZACAO DE SAIDA DE VEICULO DA ALCMS#PROCESSO;8;2026-07-10;
SEFAZ - RECEITA;0967812026-7#MONACO MOTOCENTER LAGOA COMERCIAL LTDA#AUTORIZACAO DE SAIDA DE VEICULO DA ALCMS#PROCESSO;8;2026-07-10;
SEFAZ - RECEITA;0967802026-2#MONACO MOTOCENTER LAGOA COMERCIAL LTDA#AUTORIZACAO DE SAIDA DE VEICULO DA ALCMS#PROCESSO;8;2026-07-10;
SEFAZ - RECEITA;0967782026-5#CONQUISTA MOTOS E MOTORES LTDA#AUTORIZACAO DE SAIDA DE VEICULO DA ALCMS#PROCESSO;9;2026-07-10;
SEFAZ - RECEITA;0967762026-6#CONQUISTA MOTOS E MOTORES LTDA#AUTORIZACAO DE SAIDA DE VEICULO DA ALCMS#PROCESSO;9;2026-07-10;
SEFAZ - RECEITA;0967722026-8#CONQUISTA MOTOS E MOTORES LTDA#AUTORIZACAO DE SAIDA DE VEICULO DA ALCMS#PROCESSO;9;2026-07-10;
SEFAZ - RECEITA;0967622026-4#CONQUISTA MOTOS E MOTORES LTDA#AUTORIZACAO DE SAIDA DE VEICULO DA ALCMS#PROCESSO;9;2026-07-10;
SEFAZ - RECEITA;0967592026-2#CONQUISTA MOTOS E MOTORES LTDA#AUTORIZACAO DE SAIDA DE VEICULO DA ALCMS#PROCESSO;9;2026-07-10;
SEFAZ - RECEITA;0967482026-4#L A W LTDA ME#AUTORIZACAO DE SAIDA DE VEICULO DA ALCMS#PROCESSO;9;2026-07-10;
SEFAZ - RECEITA;0967632026-9#JAMILY EMANOELY COSTA DOS SANTOS#AUTORIZACAO DE SAIDA DE VEICULO DA ALCMS#PROCESSO;13;2026-07-10;
SEFAZ - RECEITA;0967752026-1#JOSE RAIMUNDO PEREIRA RODRIGUES#AUTORIZACAO DE SAIDA DE VEICULO DA ALCMS#PROCESSO;12;2026-07-10;
SEFAZ - RECEITA;0973232026-5#JOSE KLEBER MORAES CARDOSO#AUTORIZACAO DE SAIDA DE VEICULO DA ALCMS#PROCESSO;11;2026-07-10;
SEFAZ - RECEITA;0973032026-8#AIAS VIEIRA DE SOUSA#AUTORIZACAO DE SAIDA DE VEICULO DA ALCMS#PROCESSO;9;2026-07-10;
SEFAZ - RECEITA;0973092026-5#NEW CAR MULTIMARCAS LTDA ME#AUTORIZACAO DE SAIDA DE VEICULO DA ALCMS#PROCESSO;20;2026-07-10;
SEFAZ - RECEITA;0979242026-6#DOMINGOS BRUNO RANGEL#AUTORIZACAO DE SAIDA DE VEICULO DA ALCMS#PROCESSO;19;2026-07-10;
SEFAZ - RECEITA;0979252026-0#MOSELLI VEICULOS LTDA#AUTORIZACAO DE SAIDA DE VEICULO DA ALCMS#PROCESSO;13;2026-07-10;
SEFAZ - RECEITA;0979862026-7#JOAO VICTOR NOGUEIRA GROBERIO#AUTORIZACAO DE SAIDA DE VEICULO DA ALCMS#PROCESSO;11;2026-07-10;
SEFAZ - RECEITA;1011922026-1#ROSIONOR RODRIGUES QUARESMA#AUTORIZACAO DE SAIDA DE VEICULO DA ALCMS#PROCESSO;10;2026-07-10;
SEFAZ - RECEITA;1011812026-3#MIZAEL SILVA DA SILVA#AUTORIZACAO DE SAIDA DE VEICULO DA ALCMS#PROCESSO;8;2026-07-10;
SEFAZ - RECEITA;1007242026-0#MAGNO SANTOS PIEDADE#AUTORIZACAO DE SAIDA DE VEICULO DA ALCMS#PROCESSO;8;2026-07-10;
SEFAZ - RECEITA;1006972026-6#CONQUISTA MOTOS E MOTORES LTDA#AUTORIZACAO DE SAIDA DE VEICULO DA ALCMS#PROCESSO;9;2026-07-10;
SEFAZ - RECEITA;1007012026-9#CONQUISTA MOTOS E MOTORES LTDA#AUTORIZACAO DE SAIDA DE VEICULO DA ALCMS#PROCESSO;9;2026-07-10;
SEFAZ - RECEITA;1007032026-8#CONQUISTA MOTOD E MOTORES LTDA#AUTORIZACAO DE SAIDA DE VEICULO DA ALCMS#PROCESSO;9;2026-07-10;
SEFAZ - RECEITA;1007042026-2#CONQUISTA MOTOS E MOTORES LTDA#AUTORIZACAO DE SAIDA DE VEICULO DA ALCMS#PROCESSO;9;2026-07-10;
SEFAZ - RECEITA;0026462024-0#MONACO MOTOCENTER LAGOA COMERCIAL LTDA#SAIDA DE VEICULO ALCMS#PROCESSO;8;2026-07-10;
SEFAZ - RECEITA;0098322024-7#MONACO MOTOCENTER LAGOA COMERCIAL LTDA#SAIDA DE VEICULO ALCMS#PROCESSO;8;2026-07-10;
SEFAZ - RECEITA;0098332024-1#MONACO MOTOCENTER LAGOA COMERCIAL LTDA#SAIDA DE VEICULO ALCMS#PROCESSO;8;2026-07-10;
SEFAZ - RECEITA;0098342024-6#MONACO MOTOCENTER LAGOA COMERCIAL LTDA#SAIDA DE VEICULO ALCMS#PROCESSO;7;2026-07-10;
SEFAZ - RECEITA;0098352024-0#MONACO MOTOCENTER LAGOA COMERCIAL LTDA#SAIDA DE VEICULO ALCMS#PROCESSO;8;2026-07-10;
SEFAZ - RECEITA;0102412024-4#ILGERLAN GEANDRE CRUZ MADURO#SAIDA DE VEICULO ALCMS#PROCESSO;13;2026-07-10;
SEFAZ - RECEITA;0100422024-3#MONACO MOTOCENTER LAGOA COMERCIAL LTDA#SAIDA DE VEICULO ALCMS#PROCESSO;8;2026-07-10;
SEFAZ - RECEITA;0100432024-8#MONACO MOTOCENTER LAGOA COMERCIAL LTDA#SAIDA DE VEICULO ALCMS#PROCESSO;8;2026-07-10;
SEFAZ - RECEITA;0031452024-4#RAMON LIBERATO SANTANA DOS REIS#SAIDA DE VEICULO ALCMS#PROCESSO;16;2026-07-10;
SEFAZ - RECEITA;0031382024-4#BANCO BRADESCO FINANCIAMENTOS S.A#SAIDA DE VEICULO ALCMS#PROCESSO;11;2026-07-10;
SEFAZ - RECEITA;0031412024-6#MONACO MOTOCENTER LAGOA COMERCIAL LTDA#SAIDA VEICULO ALCMS#PROCESSO;17;2026-07-10;
SEFAZ - RECEITA;0095062024-6#MONACO MOTOCENTER LAGOA COMERCIAL LTDA#SAIDA VEICULO ALCMS#PROCESSO;8;2026-07-10;
SEFAZ - RECEITA;0098312024-2#MONACO MOTOCENTER LAGOA COMERCIAL LTDA#SAIDA VEICULO ALCMS#PROCESSO;8;2026-07-10;
SEFAZ - RECEITA;0095642024-9#MONACO MOTOCENTER LAGOA COMERCIAL LTDA#SAIDA VEICULO ALCMS#PROCESSO;8;2026-07-10;
SEFAZ - RECEITA;0095072024-0#MONACO MOTOCENTER LAGOA COMERCIAL LTDA#SAIDA VEICULO ALCMS#PROCESSO;8;2026-07-10;
SEFAZ - RECEITA;0095022024-8#MONACO MOTOCENTER LAGOA COMERCIAL LTDA#SAIDA VEICULO ALCMS#PROCESSO;8;2026-07-10;
SEFAZ - RECEITA;0095042024-7#MONACO MOTOCENTER LAGOA COMERCIAL LTDA#SAIDA VEICULO ALCMS#PROCESSO;8;2026-07-10;
SEFAZ - RECEITA;0095032024-2#MONACO MOTOCENTER LAGOA COMERCIAL LTDA#SAIDA VEICULO ALCMS#PROCESSO;8;2026-07-10;
SEFAZ - RECEITA;0095082024-5#MONACO MOTOCENTER LAGOA COMERCIAL LTDA#SAIDA VEICULO ALCMS#PROCESSO;8;2026-07-10;
SEFAZ - RECEITA;0095052024-1#MONACO MOTOCENTER LAGOA COMERCIAL LTDA#SAIDA VEICULO ALCMS#PROCESSO;8;2026-07-10;
SEFAZ - RECEITA;0099052024-2#GRAND CITE AUTOMOVEIS LTDA#SAIDA VEICULO ALCMS#PROCESSO;13;2026-07-10;
SEFAZ - RECEITA;0025302024-7#IVANILDO BARROS BRAGA#SAIDA VEICULO ALCMS#PROCESSO;10;2026-07-10;
SEFAZ - RECEITA;0023082024-7#AMAZON POLPAS IND. E COM. DE POLPAS DA AMAZONIA LTDA#SAIDA VEICULO ALCMS#PROCESSO;14;2026-07-10;
SEFAZ - RECEITA;0025112024-4#DUBAI AUTOMOVEIS LTDA#SAIDA VEICULO ALCMS#PROCESSO;15;2026-07-10;
SEFAZ - RECEITA;0026452024-6#MONACO MOTOCENTER LAGOA COMERCIAL LTDA#SAIDA VEICULO ALCMS#PROCESSO;8;2026-07-10;
SEFAZ - RECEITA;0024372024-6#FABIANE RODRIGUE LUCENA#SAIDA VEICULO ALCMS#PROCESSO;12;2026-07-10;
SEFAZ - RECEITA;0026412024-8#MONACO MOTOCENTER LAGOA COMERCIAL LTDA#SAIDA DE VEICULO ALCMS#PROCESSO;8;2026-07-10;
SEFAZ - RECEITA;0026442024-1#MONACO MOTOCENTER LAGOA COMERCIAL LTDA#SAIDA DE VEICULO ALCMS#PROCESSO;7;2026-07-10;
SEFAZ - RECEITA;0026372024-1#MONACO MOTOCENTER LAGOA COMERCIAL LTDA#SAIDA DE VEICULO ALCMS#PROCESSO;8;2026-07-10;
SEFAZ - RECEITA;0026472024-5#MONACO MOTOCENTER LAGOA COMERCIAL LTDA#SAIDA DE VEICULO ALCMS#PROCESSO;8;2026-07-10;
SEFAZ - RECEITA;0026402024-3#MONACO MOTOCENTER LAGOA COMERCIAL LTDA#SAIDA DE VEICULO ALCMS#PROCESSO;8;2026-07-10;
SEFAZ - RECEITA;0026422024-2#MONACO MOTOCENTER LAGOA COMERCIAL LTDA#SAIDA DE VEICULO ALCMS#PROCESSO;8;2026-07-10;
SEFAZ - RECEITA;0026432024-7#MONACO MOTOCENTER LAGOA COMERCIAL LTDA#SAIDA DE VEICULO ALCMS#PROCESSO;8;2026-07-10;
SEFAZ - RECEITA;0026382024-6#MONACO MOTOCENTER LAGOA COMERCIAL LTDA#SAIDA DE VEICULO ALCMS#PROCESSO;8;2026-07-10;
SEFAZ - RECEITA;0026482024-0#MONACO MOTOCENTER LAGOA COMERCIAL LTDA#SAIDA DE VEICULO ALCMS#PROCESSO;8;2026-07-10;
SEFAZ - RECEITA;0026362024-7#MONACO MOTOCENTER LAGOA COMERCIAL LTDA#SAIDA DE VEICULO ALCMS#PROCESSO;8;2026-07-10;
SEFAZ - RECEITA;0097182024-4#DAMAZIO DE LIMA BASTOS#SAIDA DE VEICULO ALCMS#PROCESSO;11;2026-07-10;
SEFAZ - RECEITA;0105172024-9#CARLOS ALBERTO LOBATO DA SILVA#SAIDA DE VEICULO ALCMS#PROCESSO;14;2026-07-10;
SEFAZ - RECEITA;0101862024-9#COARACI MIRANDA TRINDADE#SAIDA DE VEICULO ALCMS#PROCESSO;10;2026-07-10;
SEFAZ - RECEITA;0098542024-3#SEBASTIAO HELENO DA SILVA#SAIDA DE VEICULO ALCMS#PROCESSO;11;2026-07-10;
SEFAZ - RECEITA;0096852024-3#PRE MOLDADOS FORTE LTDA#SAIDA DE VEICULO ALCMS#PROCESSO;13;2026-07-10;
SEFAZ - RECEITA;0096832024-4#BANCO PAN S.A#SAIDA DE VEICULO ALCMS#PROCESSO;12;2026-07-10;
SEFAZ - RECEITA;0096812024-5#BANCO PAN S.A#SAIDA DE VEICULO ALCMS#PROCESSO;13;2026-07-10;
SEFAZ - RECEITA;0096792024-8#EVANILDO BRAGANA MENDES#SAIDA DE VEICULO ALCMS#PROCESSO;13;2026-07-10;
SEFAZ - RECEITA;0034442024-8#GERSON NASCIMENTO DA SILVA#SAIDA DE VEICULO ALCMS#PROCESSO;11;2026-07-10;
SEFAZ - RECEITA;0035712024-8#PAULO CEZAR CARVALHO DA SILVA#SAIDA DE VEICULO ALCMS#PROCESSO;13;2026-07-10;
SEFAZ - RECEITA;0034572024-5#MARCOS PAULO DOS SANTOS SILVA#SAIDA DE VEICULO ALCMS#PROCESSO;16;2026-07-10;
SEFAZ - RECEITA;7431252025-9#MONACO MOTOCENTER LAGOA COMERCIAL LTDA#SAIDA DE VEICULO ALCMS#PROCESSO;29;2026-07-10;
SEFAZ - RECEITA;0100262024-4#RAFAEL D SILVA SOUZA#SAIDA DE VEICULO ALCMS#PROCESSO;10;2026-07-10;
SEFAZ - RECEITA;0023882024-6#COMPANHIA DE DESENVOLVIMENTO DOS VALES DO SAO FRANCISCO E DO PARNAIBA#SAIDA DE VEICULO DA ALCMS#PROCESSO;21;2026-07-10;
SEFAZ - RECEITA;0023972024-5#COMPANHIA DE DESENVOLVIMENTO DOS VALES DO SAO FRANCISCO E DO PARNAIBA#SAIDA DE VEICULO DA ALCMS#PROCESSO;21;2026-07-10;
SEFAZ - RECEITA;0023982024-0#COMPANHIA DE DESENVOLVIMENTO DOS VALES DO SAO FRANCISCO E DO PARNAIBA#SAIDA DE VEICULO DA ALCMS#PROCESSO;21;2026-07-10;
SEFAZ - RECEITA;0023822024-9#COMPANHIA DE DESENVOLVIMENTO DOS VALES DO SAO FRANCISCO E DO PARNAIBA#SAIDA DE VEICULO DA ALCMS#PROCESSO;21;2026-07-10;
SEFAZ - RECEITA;0023862024-7#COMPANHIA DE DESENVOLVIMENTO DOS VALES DO SAO FRANCISCO E DO PARNAIBA#SAIDA DE VEICULO DA ALCMS#PROCESSO;21;2026-07-10;
SEFAZ - RECEITA;0023952024-6#COMPANHIA DE DESENVOLVIMENTO DOS VALES DO SAO FRANCISCO E DO PARNAIBA#SAIDA DE VEICULO DA ALCMS#PROCESSO;21;2026-07-10;
SEFAZ - RECEITA;0107272024-8#VIACAO VALE DO AMAZONAS LTDA#SAIDA DE VEICULO DA ALCMS#PROCESSO;23;2026-07-10;
SEFAZ - RECEITA;0109192024-9#M DO SOCORRO DOMINGO#SAIDA DE VEICULO DA ALCMS#PROCESSO;14;2026-07-10;
SEFAZ - RECEITA;0044312024-2#RONIESON COSTA PALMERIM#SAIDA DE VEICULO DA ALCMS#PROCESSO;10;2026-07-10;
SEFAZ - RECEITA;0106472024-2#M DE LIRA NOBRE MATERIAIS DE CONSTRUCAO-EPP#SAIDA DE VEICULO DA ALCMS#PROCESSO;13;2026-07-10;
SEFAZ - RECEITA;0037912024-0#EDER JR OLIVEIRA SERRAO#SAIDA DE VEICULO DA ALCMS#PROCESSO;14;2026-07-10;
SEFAZ - RECEITA;0103602024-0#DUBAI AUTOMOVEIS LTDA#SAIDA DE VEICULO DA ALCMS#PROCESSO;18;2026-07-10;
SEFAZ - RECEITA;0097012024-9#SIANI DO VALE LOBATO#SAIDA DE VEICULO DA ALCMS#PROCESSO;10;2026-07-10;
SEFAZ - RECEITA;0100442024-2#JEFFERSON BRAGA MAGALHAES#SAIDA DE VEICULO DA ALCMS#PROCESSO;19;2026-07-10;
SEFAZ - RECEITA;0100492024-5#ROREANO XAVIER DE LIMA#SAIDA DE VEICULO DA ALCMS#PROCESSO;19;2026-07-10;
SEFAZ - RECEITA;0100522024-7#RAIMUNDO ALMI SOARES SILVA#SAIDA DE VEICULO DA ALCMS#PROCESSO;19;2026-07-10;
SEFAZ - RECEITA;0095382024-6#WILDICLEI MENEZES DA TRINDADE#SAIDA DE VEICULO DA ALCMS#PROCESSO;13;2026-07-10;
SEFAZ - RECEITA;0039782024-0#MAPRE VERA CRUZ SEGURADORA S.A#SAIDA DE VEICULO DA ALCMS#PROCESSO;12;2026-07-10;
SEFAZ - RECEITA;0095292024-7#IVONE DE SOUZA OLIVEIRA DA CONCEICAO#SAIDA DE VEICULO DA ALCMS#PROCESSO;10;2026-07-10;
SEFAZ - RECEITA;0085972024-1#ANDRE LUIZ DOS SANTOS#SAIDA DE VEICULO DA ALCMS#PROCESSO;11;2026-07-10;
SEFAZ - RECEITA;0095612024-5#ANGELO EUGENIO TRINDADE OLIVEIRA#SAIDA DE VEICULO DA ALCMS#PROCESSO;13;2026-07-10;
SEFAZ - RECEITA;0037352024-7#SAFIRA MOTORS LTDA#SAIDA DE VEICULO DA ALCMS#PROCESSO;10;2026-07-10;
SEFAZ - RECEITA;0037362024-1#SAFIRA MOTORS LTDA#SAIDA DE VEICULO DA ALCMS#PROCESSO;9;2026-07-10;
SEFAZ - RECEITA;0037492024-9#EDSON MATOS ARAGAO#SAIDA DE VEICULO DA ALCMS#PROCESSO;10;2026-07-10;
SEFAZ - RECEITA;0041472024-5#RANIERE CANDIDO DE ALMEIDA#SAIDA DE VEICULO DA ALCMS#PROCESSO;13;2026-07-10;
SEFAZ - RECEITA;0037512024-6#WALACE PINHEIRO PEREIRA#SAIDA DE VEICULO DA ALCMS#PROCESSO;11;2026-07-10;
SEFAZ - RECEITA;6240402025-0#FABIO APARECIDO SALVADOR AVELINO#AUTORIZACAO DE SAIDA DE VEICULO DA ALCMS#PROCESSO;11;2026-07-10;
SEFAZ - RECEITA;6240372025-9#LUIZ IRACU GUIMARAES COLARES#AUTORIZACAO DE SAIDA DE VEICULO DA ALCMS#PROCESSO;12;2026-07-10;
SEFAZ - RECEITA;6240382025-3#WAGNER JOSE MARTINS PINHEIRO#AUTORIZACAO DE SAIDA DE VEICULO DA ALCMS#PROCESSO;10;2026-07-10;
SEFAZ - RECEITA;6240352025-0#AGUIAR EMPRENDIMENTOS LTDA#AUTORIZACAO DE SAIDA DE VEICULO DA ALCMS#PROCESSO;22;2026-07-10;
SEFAZ - RECEITA;6239392025-0#MONACO MOTOCENTER LAGOA COMERCIAL LTDA#AUTORIZACAO DE SAIDA DE VEICULO DA ALCMS#PROCESSO;7;2026-07-10;
SEFAZ - RECEITA;6239422025-2#MONACO MOTOCENTER LAGOA COMERCIAL LTDA#AUTORIZACAO DE SAIDA DE VEICULO DA ALCMS#PROCESSO;7;2026-07-10;
SEFAZ - RECEITA;6239892025-9#MONACO MOTOCENTER LAGOA COMERCIAL LTDA#AUTORIZACAO DE SAIDA DE VEICULO DA ALCMS#PROCESSO;7;2026-07-10;
SEFAZ - RECEITA;6239432025-7#MONACO MOTOCENTER LAGOA COMERCIAL LTDA#AUTORIZACAO DE SAIDA DE VEICULO DA ALCMS#PROCESSO;7;2026-07-10;
SEFAZ - RECEITA;6239782025-0#MONACO MOTOCENTER LAGOA COMERCIAL LTDA#AUTORIZACAO DE SAIDA DE VEICULO DA ALCMS#PROCESSO;7;2026-07-10;
SEFAZ - RECEITA;6240322025-6#MONACO MOTOCENTER LAGOA COMERCIAL LTDA#AUTORIZACAO DE SAIDA DE VEICULO DA ALCMS#PROCESSO;7;2026-07-10;
SEFAZ - RECEITA;6238422025-0#MONACO MOTOCENTER LAGOA COMERCIAL LTDA#AUTORIZACAO DE SAIDA DE VEICULO DA ALCMS#PROCESSO;7;2026-07-10;
SEFAZ - RECEITA;6238362025-4#MONACO MOTOCENTER LAGOA COMERCIAL LTDA#AUTORIZACAO DE SAIDA DE VEICULO DA ALCMS#PROCESSO;7;2026-07-10;
SEFAZ - RECEITA;6239322025-9#MONACO MOTOCENTER LAGOA COMERCIAL LTDA#AUTORIZACAO DE SAIDA DE VEICULO DA ALCMS#PROCESSO;7;2026-07-10;
SEFAZ - RECEITA;6239402025-3#MONACO MOTOCENTER LAGOA COMERCIAL LTDA#AUTORIZACAO DE SAIDA DE VEICULO DA ALCMS#PROCESSO;7;2026-07-10;
SEFAZ - RECEITA;6239382025-6#MONACO MOTOCENTER LAGOA COMERCIAL LTDA#AUTORIZACAO DE SAIDA DE VEICULO DA ALCMS#PROCESSO;7;2026-07-10;
SEFAZ - RECEITA;6239372025-1#MONACO MOTOCENTER LAGOA COMERCIAL LTDA#AUTORIZACAO DE SAIDA DE VEICULO DA ALCMS#PROCESSO;7;2026-07-10;
SEFAZ - RECEITA;6238432025-4#MONACO MOTOCENTER LAGOA COMERCIAL LTDA#AUTORIZACAO DE SAIDA DE VEICULO DA ALCMS#PROCESSO;7;2026-07-10;
SEFAZ - RECEITA;6237482025-4#MONACO MOTOCENTER LAGOA COMERCIAL LTDA#AUTORIZACAO DE SAIDA DE VEICULO DA ALCMS#PROCESSO;7;2026-07-10;
SEFAZ - RECEITA;6237442025-6#MONACO MOTOCENTER LAGOA COMERCIAL#AUTORIZACAO DE SAIDA DE VEICULO DA ALCMS#PROCESSO;7;2026-07-10;
SEFAZ - RECEITA;6237822025-1#MONACO MOTOCENTER LAGOA COMERCIAL LTDA#AUTORIZACAO DE SAIDA DE VEICULO DA ALCMS#PROCESSO;7;2026-07-10;
SEFAZ - RECEITA;6237462025-5#MONACO MOTOCENTER LAGOA COMERCIAL LTDA#AUTORIZACAO DE SAIDA DE VEICULO DA ALCMS#PROCESSO;8;2026-07-10;
SEFAZ - RECEITA;6238372025-9#MONACO MOTOCENTER LAGOA COMERCIAL LTDA#AUTORIZACAO DE SAIDA DE VEICULO DA ALCMS#PROCESSO;8;2026-07-10;
SEFAZ - RECEITA;6236522025-8#VIACAO VALE DO AMAZONAS LTDA#AUTORIZACAO DE SAIDA DE VEICULO DA ALCMS#PROCESSO;20;2026-07-10;
SEFAZ - RECEITA;6237492025-9#FRANCISCO VASCIO SILVA COUTINHO#AUTORIZACAO DE SAIDA DE VEICULO DA ALCMS#PROCESSO;8;2026-07-10;
SEFAZ - RECEITA;6240332025-0#MONACO MOTOCENTER LAGOA COMERCIAL LTDA#AUTORIZACAO DE SAIDA DE VEICULO DA ALCMS#PROCESSO;7;2026-07-10;
SEFAZ - RECEITA;6418402025-9#ELIVALDO LIMA BARRETO#AUTORIZACAO DE SAIDA DE VEICULO DA ALCMS#PROCESSO;11;2026-07-10;
SEFAZ - RECEITA;6414282025-7#ANDRE CORREA RODRIGUES#AUTORIZACAO DE SAIDA DE VEICULO DA ALCMS#PROCESSO;9;2026-07-10;
SEFAZ - RECEITA;6418412025-3#MARCELO FERREIRA LEAL#AUTORIZACAO DE SAIDA DE VEICULO DA ALCMS#PROCESSO;15;2026-07-10;
SEFAZ - RECEITA;6458772025-9#BANCO VOLSWAGEN S A#AUTORIZACAO DE SAIDA DE VEICULO DA ALCMS#PROCESSO;21;2026-07-10;
SEFAZ - RECEITA;6724982025-7#IVAN NUNES COMERCIO DE VEICULOS LTDA#AUTORIZACAO DE SAIDA DE VEICULO DA ALCMS#PROCESSO;15;2026-07-10;
SEFAZ - RECEITA;6724842025-5#FERNANDA BARBOSA PINHEIRO#AUTORIZACAO DE SAIDA DE VEICULO DA ALCMS#PROCESSO;13;2026-07-10;
SEFAZ - RECEITA;6595682025-0#MONACO MOTOCENTER LAGOA COMERCIAL LTDA#AUTORIZACAO DE SAIDA DE VEICULO DA ALCMS#PROCESSO;7;2026-07-10;
SEFAZ - RECEITA;6593442025-9#MARIA LUCIDALVA MENEZES DA SILVA#AUTORIZACAO DE SAIDA DE VEICULO DA ALCMS#PROCESSO;10;2026-07-10;
SEFAZ - RECEITA;6594422025-2#ELIANDRA NAYANE DOS SANTOS CUNHA#AUTORIZACAO DE SAIDA DE VEICULO DA ALCMS#PROCESSO;9;2026-07-10;
SEFAZ - RECEITA;6595572025-1#GRAND CITE AUTOMOVEIS LTDA#AUTORIZACAO DE SAIDA DE VEICULO DA ALCMS#PROCESSO;13;2026-07-10;
SEFAZ - RECEITA;6595552025-2#AMAUTO - AMAPA AUTOMOVEIS LTDA#AUTORIZACAO DE SAIDA DE VEICULO DA ALCMS#PROCESSO;12;2026-07-10;
SEFAZ - RECEITA;6595562025-7#GRAND CITE AUTOMOVEIS LTDA#AUTORIZACAO DE SAIDA DE VEICULO DA ALCMS#PROCESSO;13;2026-07-10;
SEFAZ - RECEITA;6596682025-2#GERMAN JAVIER LOO LI JUNIOR#AUTORIZACAO DE SAIDA DE VEICULO DA ALCMS#PROCESSO;9;2026-07-10;
SEFAZ - RECEITA;6547382025-5#CONQUISTA MOTOS E MOTORES LTDA#AUTORIZACAO DE SAIDA DE VEICULO DA ALCMS#PROCESSO;11;2026-07-10;
SEFAZ - RECEITA;6547422025-1#CONQUISTA MOTOS E MOTORES LTDA#AUTORIZACAO DE SAIDA DE VEICULO DA ALCMS#PROCESSO;11;2026-07-10;
SEFAZ - RECEITA;6547452025-5#CONQUISTA MOTOS E MOTORES LTDA#AUTORIZACAO DE SAIDA DE VEICULO DA ALCMS#PROCESSO;11;2026-07-10;
SEFAZ - RECEITA;6550502025-9#MONACO MOTOCENTER LAGOA COMERCIAL LTDA#AUTORIZACAO DE SAIDA DE VEICULO DA ALCMS#PROCESSO;7;2026-07-10;
SEFAZ - RECEITA;6550532025-2#MONACO MOTOCENTER LAGOA COMERCIAL LTDA#AUTORIZACAO DE SAIDA DE VEICULO DA ALCMS#PROCESSO;7;2026-07-10;
SEFAZ - RECEITA;6590242025-3#CONQUISTA MOTOS E MOTORES LTDA#AUTORIZACAO DE SAIDA DE VEICULO DA ALCMS#PROCESSO;11;2026-07-10;
SEFAZ - RECEITA;6590392025-0#CONQUISTA MOTOS E MOTORES LTDA#AUTORIZACAO DE SAIDA DE VEICULO DA ALCMS#PROCESSO;11;2026-07-10;
SEFAZ - RECEITA;6590712025-8#CONQUISTA MOTOS E MOTORES LTDA#AUTORIZACAO DE SAIDA DE VEICULO DA ALCMS#PROCESSO;11;2026-07-10;
SEFAZ - RECEITA;6590232025-9#CONQUISTA MOTOS E MOTORES LTDA#AUTORIZACAO DE SAIDA DE VEICULO DA ALCMS#PROCESSO;11;2026-07-10;
SEFAZ - RECEITA;6590222025-4#CONQUISTA MOTOS E MOTORES LTDA#AUTORIZACAO DE SAIDA DE VEICULO DA ALCMS#PROCESSO;11;2026-07-10;
SEFAZ - RECEITA;6590212025-0#CONQUISTA MOTOS E MOTORES LTDA#AUTORIZACAO DE SAIDA DE VEICULO DA ALCMS#PROCESSO;11;2026-07-10;
SEFAZ - RECEITA;6590202025-5#CONQUISTA MOTOS E MOTORES LTDA#AUTORIZACAO DE SAIDA DE VEICULO DA ALCMS#PROCESSO;11;2026-07-10;
SEFAZ - RECEITA;6591222025-7#SILVANETE S DE ALMEIDA#AUTORIZACAO DE SAIDA DE VEICULO DA ALCMS#PROCESSO;19;2026-07-10;
SEFAZ - RECEITA;6591212025-2#MEDICAR EMERGENCIAS MEDICAS CAMPINAS LTDA#AUTORIZACAO DE SAIDA DE VEICULO DA ALCMS#PROCESSO;13;2026-07-10;
SEFAZ - RECEITA;6590192025-2#CONQUISTA MOTOS E MOTORES LTDA#AUTORIZACAO DE SAIDA DE VEICULO DA ALCMS#PROCESSO;11;2026-07-10;
SEFAZ - RECEITA;6509132025-3#MARIA SOCORRO BATISTA DE OLIVEIRA#AUTORIZACAO DE SAIDA DE VEICULO DA ALCMS#PROCESSO;8;2026-07-10;
SEFAZ - RECEITA;6511292025-4#MENDES & VIEIRA LTDA#AUTORIZACAO DE SAIDA DE VEICULO DA ALCMS#PROCESSO;19;2026-07-10;
SEFAZ - RECEITA;6511282025-0#GESICLEIA COSTA MUNIZ#AUTORIZACAO DE SAIDA DE VEICULO DA ALCMS#PROCESSO;7;2026-07-10;
SEFAZ - RECEITA;6545522025-0#IRISMAR ALVES DOS SANTOS#AUTORIZACAO DE SAIDA DE VEICULO DA ALCMS#PROCESSO;13;2026-07-10;
SEFAZ - RECEITA;6505922025-7#CONQUISTA MOTOS E MOTORES LTDA#AUTORIZACAO DE SAIDA DE VEICULO DA ALCMS#PROCESSO;12;2026-07-10;
SEFAZ - RECEITA;6505902025-8#BANCO PAN S A#AUTORIZACAO DE SAIDA DE VEICULO DA ALCMS#PROCESSO;26;2026-07-10;
SEFAZ - RECEITA;6505932025-1#DAVI RODRIGUES BARBOSA#AUTORIZACAO DE SAIDA DE VEICULO DA ALCMS#PROCESSO;10;2026-07-10;
SEFAZ - RECEITA;6505642025-5#BANCO PAN S A#AUTORIZACAO DE SAIDA DE VEICULO DA ALCMS#PROCESSO;17;2026-07-10;
SEFAZ - RECEITA;6505002025-5#BANCO HONDA SA#AUTORIZACAO DE SAIDA DE VEICULO DA ALCMS#PROCESSO;18;2026-07-10;
SEFAZ - RECEITA;6508182025-3#SAMUEL CRUZ SANTANA#AUTORIZACAO DE SAIDA DE VEICULO DA ALCMS#PROCESSO;6;2026-07-10;
SEFAZ - RECEITA;6551632025-9#MONACO MOTOCENTER LAGOA COMERCIAL LTDA#AUTORIZACAO DE SAIDA DE VEICULO DA ALCMS#PROCESSO;7;2026-07-10;
SEFAZ - RECEITA;6551612025-0#MONACO MOTOCENTER LAGOA COMERCIAL LTDA#AUTORIZACAO DE SAIDA DE VEICULO DA ALCMS#PROCESSO;7;2026-07-10;
SEFAZ - RECEITA;6551592025-2#MONACO MOTOCENTER LAGOA COMERCIAL LTDA#AUTORIZACAO DE SAIDA DE VEICULO DA ALCMS#PROCESSO;7;2026-07-10;
SEFAZ - RECEITA;6551562025-9#MONACO MOTOCENTER LAGOA COMERCIAL LTDA#AUTORIZACAO DE SAIDA DE VEICULO DA ALCMS#PROCESSO;7;2026-07-10;
SEFAZ - RECEITA;6551512025-6#MONACO MOTOCENTER LAGOA COMERCIAL LTDA#AUTORIZACAO DE SAIDA DE VEICULO DA ALCMS#PROCESSO;7;2026-07-10;
SEFAZ - RECEITA;6551462025-5#MONACO MOTOCENTER LAGOA COMERCIAL LTDA#AUTORIZACAO DE SAIDA DE VEICULO DA ALCMS#PROCESSO;7;2026-07-10;
SEFAZ - RECEITA;6550862025-7#MONACO MOTOCENTER LAGOA COMERCIAL LTDA#AUTORIZACAO DE SAIDA DE VEICULO DA ALCMS#PROCESSO;6;2026-07-10;
SEFAZ - RECEITA;6547402025-2#CONQUISTA MOTOS E MOTORES LTDA#AUTORIZACAO DE SAIDA DE VEICULO DA ALCMS#PROCESSO;11;2026-07-10;
SEFAZ - RECEITA;6547442025-0#CONQUISTA MOTOS E MOTORES LTDA#AUTORIZACAO DE SAIDA DE VEICULO DA ALCMS#PROCESSO;11;2026-07-10;
SEFAZ - RECEITA;5647412025-7#CONQUISTA MOTOS E MOTORES LTDA#AUTORIZACAO DE SAIDA DE VEICULO DA ALCMS#PROCESSO;12;2026-07-10;
SEFAZ - RECEITA;7099382025-5#YAMAHA ADM DE CONSORCIO LTDA#AUTORIZACAO DE SAIDA DE VEICULO DA ALCMS#PROCESSO;19;2026-07-10;
SEFAZ - RECEITA;7097292025-0#CONQUISTA MOTOS E MOTORES LTDA#AUTORIZACAO DE SAIDA DE VEICULO DA ALCMS#PROCESSO;11;2026-07-10;
SEFAZ - RECEITA;7097272025-1#CONQUISTA MOTOS E MOTORES LTDA#AUTORIZACAO DE SAIDA DE VEICULO DA ALCMS#PROCESSO;11;2026-07-10;
SEFAZ - RECEITA;7097782025-4#CONQUISTA MOTOS E MOTORES LTDA#AUTORIZACAO DE SAIDA DE VEICULO DA ALCMS#PROCESSO;11;2026-07-10;
SEFAZ - RECEITA;7098262025-0#CONQUISTA MOTOS E MOTORES LTDA#AUTORIZACAO DE SAIDA DE VEICULO DA ALCMS#PROCESSO;12;2026-07-10;
SEFAZ - RECEITA;7098272025-4#CONQUISTA MOTOS E MOTORES LTDA#AUTORIZACAO DE SAIDA DE VEICULO DA ALCMS#PROCESSO;11;2026-07-10;
SEFAZ - RECEITA;7099352025-1#BANCO BRADESCO S A#AUTORIZACAO DE SAIDA DE VEICULO DA ALCMS#PROCESSO;21;2026-07-10;
SEFAZ - RECEITA;7099332025-2#ITAU UNIBANCO HOLDING S A#AUTORIZACAO DE SAIDA DE VEICULO DA ALCMS#PROCESSO;17;2026-07-10;
SEFAZ - RECEITA;7099302025-9#ITAU UNIBANCO HOLDING S A#AUTORIZACAO DE SAIDA DE VEICULO DA ALCMS#PROCESSO;16;2026-07-10;
SEFAZ - RECEITA;7145432025-7#CANDIDA CARDOSO ARAUJO#AUTORIZACAO DE SAIDA DE VEICULO DA ALCMS#PROCESSO;10;2026-07-10;
SEFAZ - RECEITA;7099292025-6#BANCO PAN S A#AUTORIZACAO DE SAIDA DE VEICULO DA ALCMS#PROCESSO;16;2026-07-10;
SEFAZ - RECEITA;7144352025-0#WILLIAM AUGUSTO DA SILVA SANTOS#AUTORIZACAO DE SAIDA DE VEICULO DA ALCMS#PROCESSO;11;2026-07-10;
SEFAZ - RECEITA;7145512025-1#BANCO PAN S A#AUTORIZACAO DE SAIDA DE VEICULO DA ALCMS#PROCESSO;18;2026-07-10;
SEFAZ - RECEITA;7146002025-1#MIQUEIAS DA CUNHA MORAES#AUTORIZACAO DE SAIDA DE VEICULO DA ALCMS#PROCESSO;10;2026-07-10;
SEFAZ - RECEITA;7149742025-3#ARADSON RODRIGUES COSTA#AUTORIZACAO DE SAIDA DE VEICULO DA ALCMS#PROCESSO;6;2026-07-10;
SEFAZ - RECEITA;7149782025-1#YURI RHAONE PIRES DIAS#AUTORIZACAO DE SAIDA DE VEICULO DA ALCMS#PROCESSO;7;2026-07-10;
SEFAZ - RECEITA;28730024768-2011#CRUZ & PASCAL LTDA-ME#EMISSOR DE CUPOM FISCAL#PROCESSO;6;2026-07-10;
SEFAZ - RECEITA;28730018903-2011#MARIA ILSAMAR TORQUATO DE OLIVEIRA#EMISSOR DE CUPOM FISCAL#PROCESSO;9;2026-07-10;
SEFAZ - RECEITA;28730018363-2011#-#EMISSOR DE CUPOM FISCAL#PROCESSO;6;2026-07-10;
SEFAZ - RECEITA;28730018373-2011#-#EMISSOR DE CUPOM FISCAL#PROCESSO;6;2026-07-10;
SEFAZ - RECEITA;28730023696-2011#-#EMISSOR DE CUPOM FISCAL#PROCESSO;9;2026-07-10;
SEFAZ - RECEITA;28730025740-2011#EUCLIDES PAULO COSTA#EMISSOR DE CUPOM FISCAL#PROCESSO;6;2026-07-10;
SEFAZ - RECEITA;28730026352-2011#ELDILENE DA COSTA TORRES#EMISSOR DE CUPOM FISCAL#PROCESSO;10;2026-07-10;
SEFAZ - RECEITA;28730025964-2011#RODERIK DA SILVA GUEDES#EMISSOR DE CUPOM FISCAL#PROCESSO;7;2026-07-10;
SEFAZ - RECEITA;28730026434-2011#ARY VIEIRA LOPES#EMISSOR DE CUPOM FISCAL#PROCESSO;12;2026-07-10;
SEFAZ - RECEITA;28730006264-2011#JOSE GUILHERME DE PAIVA ANASSI#EMISSOR DE CUPOM FISCAL#PROCESSO;15;2026-07-10;
SEFAZ - RECEITA;28730016230-2011#-#EMISSOR DE CUPOM FISCAL#PROCESSO;10;2026-07-10;
SEFAZ - RECEITA;28730017660-2011#-#EMISSOR DE CUPOM FISCAL#PROCESSO;13;2026-07-10;
SEFAZ - RECEITA;28730009717-2011#-#EMISSOR DE CUPOM FISCAL#PROCESSO;11;2026-07-10;
SEFAZ - RECEITA;28730013866-2011#-#EMISSOR DE CUPOM FISCAL#PROCESSO;10;2026-07-10;
SEFAZ - RECEITA;28730018025-2011#-#EMISSOR DE CUPOM FISCAL#PROCESSO;9;2026-07-10;
SEFAZ - RECEITA;28730018228-2011#-#EMISSOR DE CUPOM FISCAL#PROCESSO;9;2026-07-10;
SEFAZ - RECEITA;28730024281-2011#TANIA CRISTINA AMANAJAS DA SILVA#EMISSOR DE CUPOM FISCAL#PROCESSO;9;2026-07-10;
SEFAZ - RECEITA;28730021631-2011#-#EMISSOR DE CUPOM FISCAL#PROCESSO;26;2026-07-10;
SEFAZ - RECEITA;28730008066-2011#CLAUTON NASCIMENTO DE SOUSA#EMISSOR DE CUPOM FISCAL#PROCESSO;9;2026-07-10;
SEFAZ - RECEITA;28730016247-2011#-#EMISSOR DE CUPOM FISCAL#PROCESSO;9;2026-07-10;
SEFAZ - RECEITA;28730016922-2011#-#EMISSOR DE CUPOM FISCAL#PROCESSO;8;2026-07-10;
SEFAZ - RECEITA;28730019202-2011#-#EMISSOR DE CUPOM FISCAL#PROCESSO;8;2026-07-10;
SEFAZ - RECEITA;28730019200-2011#-#EMISSOR DE CUPOM FISCAL#PROCESSO;8;2026-07-10;
SEFAZ - RECEITA;28730018676-2011#-#EMISSOR DE CUPOM FISCAL#PROCESSO;7;2026-07-10;
SEFAZ - RECEITA;28730023013-2011#-#EMISSOR DE CUPOM FISCAL#PROCESSO;10;2026-07-10;
SEFAZ - RECEITA;28730023022-2011#-#EMISSOR DE CUPOM FISCAL#PROCESSO;8;2026-07-10;
SEFAZ - RECEITA;28730025805-2011#CLAUDIO DE ALMEIDA EONTOURA#EMISSOR DE CUPOM FISCAL#PROCESSO;8;2026-07-10;
SEFAZ - RECEITA;28730015497-2011#-#EMISSOR DE CUPOM FISCAL#PROCESSO;7;2026-07-10;
SEFAZ - RECEITA;28730015496-2011#-#EMISSOR DE CUPOM FISCAL#PROCESSO;7;2026-07-10;
SEFAZ - RECEITA;28730015500-2011#-#EMISSOR DE CUPOM FISCAL#PROCESSO;7;2026-07-10;
SEFAZ - RECEITA;28730015502-2011#-#EMISSOR DE CUPOM FISCAL#PROCESSO;7;2026-07-10;
SEFAZ - RECEITA;28730015501-2011#-#EMISSOR DE CUPOM FISCAL#PROCESSO;7;2026-07-10;
SEFAZ - RECEITA;28730017116-2011#-#EMISSOR DE CUPOM FISCAL#PROCESSO;6;2026-07-10;
SEFAZ - RECEITA;28730017993-2011#-#EMISSOR DE CUPOM FISCAL#PROCESSO;6;2026-07-10;
SEFAZ - RECEITA;28730025931-2011#JAIME DOMINGUES NUNES#EMISSOR DE CUPOM FISCAL#PROCESSO;6;2026-07-10;
SEFAZ - RECEITA;28730025944-2011#FERNANDO TERUO YAMADA#EMISSOR DE CUPOM FISCAL#PROCESSO;7;2026-07-10;
SEFAZ - RECEITA;28730026350-2011#FRANCISCO WELLINGTON PONTE SOUZA#EMISSOR DE CUPOM FISCAL#PROCESSO;16;2026-07-10;
SEFAZ - RECEITA;28730026447-2011#PETNOUTO LUIZ GOMES#EMISSOR DE CUPOM FISCAL#PROCESSO;7;2026-07-10;
SEFAZ - RECEITA;28730026446-2011#ANTONIA SELMA DA SILVA E SILVA#EMISSOR DE CUPOM FISCAL#PROCESSO;7;2026-07-10;
SEFAZ - RECEITA;28730019408-2011#-#EMISSOR DE CUPOM FISCAL#PROCESSO;10;2026-07-10;
SEFAZ - RECEITA;28730019421-2011#-#EMISSOR DE CUPOM FISCAL#PROCESSO;8;2026-07-10;
SEFAZ - RECEITA;28730019414-2011#-#EMISSOR DE CUPOM FISCAL#PROCESSO;7;2026-07-10;
SEFAZ - RECEITA;28730019424-2011#-#EMISSOR DE CUPOM FISCAL#PROCESSO;7;2026-07-10;
SEFAZ - RECEITA;28730019412-2011#-#EMISSOR DE CUPOM FISCAL#PROCESSO;9;2026-07-10;
SEFAZ - RECEITA;28730026484-2011#ALI MOHAMAD ZEIN#EMISSOR DE CUPOM FISCAL#PROCESSO;8;2026-07-10;
SEFAZ - RECEITA;28730026486-2011#JACIRA DOS §ANTOS BARBOSA#EMISSOR DE CUPOM FISCAL#PROCESSO;8;2026-07-10;
SEFAZ - RECEITA;28730022601-2011#-#EMISSOR DE CUPOM FISCAL#PROCESSO;9;2026-07-10;
SEFAZ - RECEITA;28730022602-2011#-#EMISSOR DE CUPOM FISCAL#PROCESSO;11;2026-07-10;
SEFAZ - RECEITA;28730022604-2011#MAYARA CAROLINE MARTINS MACIEL#EMISSOR DE CUPOM FISCAL#PROCESSO;9;2026-07-10;
SEFAZ - RECEITA;28730007867-2011#MARIA JOSE DE SOUSA#EMISSOR DE CUPOM FISCAL#PROCESSO;7;2026-07-10;
SEFAZ - RECEITA;28730007869-2011#MARIA JOSE DE SOUSA#EMISSOR DE CUPOM FISCAL#PROCESSO;6;2026-07-10;
SEFAZ - RECEITA;28730007783-2011#ANTONIO FRANSCISCO DA SILVA#EMISSOR DE CUPOM FISCAL#PROCESSO;6;2026-07-10;
SEFAZ - RECEITA;28730008184-2011#RAIMUNDO NONATO LIMA DA ROCHA#EMISSOR DE CUPOM FISCAL#PROCESSO;5;2026-07-10;
SEFAZ - RECEITA;28730008997-2011#JOAQUIM EDVAN PINTO#EMISSOR DE CUPOM FISCAL#PROCESSO;9;2026-07-10;
SEFAZ - RECEITA;28730009393-2011#-#EMISSOR DE CUPOM FISCAL#PROCESSO;8;2026-07-10;
SEFAZ - RECEITA;28730009322-2011#MARCELO CLEY DE LIMA FURTADO#EMISSOR DE CUPOM FISCAL#PROCESSO;6;2026-07-10;
SEFAZ - RECEITA;28730009297-2011#LUIZ BEZERRA DA SILVA#EMISSOR DE CUPOM FISCAL#PROCESSO;8;2026-07-10;
SEFAZ - RECEITA;28730009640-2011#-#EMISSOR DE CUPOM FISCAL#PROCESSO;7;2026-07-10;
SEFAZ - RECEITA;28730009641-2011#-#EMISSOR DE CUPOM FISCAL#PROCESSO;7;2026-07-10;
SEFAZ - RECEITA;28730009642-2011#-#EMISSOR DE CUPOM FISCAL#PROCESSO;7;2026-07-10;
SEFAZ - RECEITA;28730009643-2011#-#EMISSOR DE CUPOM FISCAL#PROCESSO;7;2026-07-10;
SEFAZ - RECEITA;28730011365-2011#-#EMISSOR DE CUPOM FISCAL#PROCESSO;6;2026-07-10;
SEFAZ - RECEITA;28730012149-2011#-#EMISSOR DE CUPOM FISCAL#PROCESSO;6;2026-07-10;
SEFAZ - RECEITA;28730012756-2011#-#EMISSOR DE CUPOM FISCAL#PROCESSO;7;2026-07-10;
SEFAZ - RECEITA;28730013279-2011#-#EMISSOR DE CUPOM FISCAL#PROCESSO;7;2026-07-10;
SEFAZ - RECEITA;28730013281-2011#-#EMISSOR DE CUPOM FISCAL#PROCESSO;7;2026-07-10;
SEFAZ - RECEITA;28730013282-2011#-#EMISSOR DE CUPOM FISCAL#PROCESSO;7;2026-07-10;
SEFAZ - RECEITA;28730013284-2011#-#EMISSOR DE CUPOM FISCAL#PROCESSO;7;2026-07-10;
SEFAZ - RECEITA;28730013285-2011#-#EMISSOR DE CUPOM FISCAL#PROCESSO;7;2026-07-10;
SEFAZ - RECEITA;28730014184-2011#-#EMISSOR DE CUPOM FISCAL#PROCESSO;8;2026-07-10;
SEFAZ - RECEITA;28730014186-2011#-#EMISSOR DE CUPOM FISCAL#PROCESSO;14;2026-07-10;
SEFAZ - RECEITA;28730014187-2011#-#EMISSOR DE CUPOM FISCAL#PROCESSO;9;2026-07-10;
SEFAZ - RECEITA;28730014188-2011#-#EMISSOR DE CUPOM FISCAL#PROCESSO;16;2026-07-10;
SEFAZ - RECEITA;28730014191-2011#-#EMISSOR DE CUPOM FISCAL#PROCESSO;6;2026-07-10;
SEFAZ - RECEITA;28730014192-2011#-#EMISSOR DE CUPOM FISCAL#PROCESSO;8;2026-07-10;
SEFAZ - RECEITA;28730014902-2011#-#EMISSOR DE CUPOM FISCAL#PROCESSO;7;2026-07-10;
SEFAZ - RECEITA;28730015836-2011#-#EMISSOR DE CUPOM FISCAL#PROCESSO;6;2026-07-10;
SEFAZ - RECEITA;28730014017-2011#-#EMISSOR DE CUPOM FISCAL#PROCESSO;6;2026-07-10;
SEFAZ - RECEITA;28730012462-2011#-#EMISSOR DE CUPOM FISCAL#PROCESSO;11;2026-07-10;
SEFAZ - RECEITA;28730012461-2011#-#EMISSOR DE CUPOM FISCAL#PROCESSO;7;2026-07-10;
SEFAZ - RECEITA;28730016657-2011#-#EMISSOR DE CUPOM FISCAL#PROCESSO;9;2026-07-10;
SEFAZ - RECEITA;28730016810-2011#-#EMISSOR DE CUPOM FISCAL#PROCESSO;9;2026-07-10;
SEFAZ - RECEITA;28730016811-2011#-#EMISSOR DE CUPOM FISCAL#PROCESSO;10;2026-07-10;
SEFAZ - RECEITA;28730017043-2011#-#EMISSOR DE CUPOM FISCAL#PROCESSO;8;2026-07-10;
SEFAZ - RECEITA;28730016827-2011#-#EMISSOR DE CUPOM FISCAL#PROCESSO;7;2026-07-10;
SEFAZ - RECEITA;28730016829-2011#-#EMISSOR DE CUPOM FISCAL#PROCESSO;7;2026-07-10;
SEFAZ - RECEITA;28730016830-2011#-#EMISSOR DE CUPOM FISCAL#PROCESSO;7;2026-07-10;
SEFAZ - RECEITA;28730017492-2011#-#EMISSOR DE CUPOM FISCAL#PROCESSO;6;2026-07-10;
SEFAZ - RECEITA;28730018068-2011#-#EMISSOR DE CUPOM FISCAL#PROCESSO;9;2026-07-10;
SEFAZ - RECEITA;28730018063-2011#-#EMISSOR DE CUPOM FISCAL#PROCESSO;9;2026-07-10;
SEFAZ - RECEITA;28730018061-2011#-#EMISSOR DE CUPOM FISCAL#PROCESSO;9;2026-07-10;
SEFAZ - RECEITA;28730018066-2011#-#EMISSOR DE CUPOM FISCAL#PROCESSO;9;2026-07-10;
SEFAZ - RECEITA;28730018069-2011#-#EMISSOR DE CUPOM FISCAL#PROCESSO;9;2026-07-10;
SEFAZ - RECEITA;28730018070-2011#-#EMISSOR DE CUPOM FISCAL#PROCESSO;9;2026-07-10;
SEFAZ - RECEITA;28730018375-2011#-#EMISSOR DE CUPOM FISCAL#PROCESSO;6;2026-07-10;
SEFAZ - RECEITA;28730018840-2011#-#EMISSOR DE CUPOM FISCAL#PROCESSO;12;2026-07-10;
SEFAZ - RECEITA;28730018841-2011#-#EMISSOR DE CUPOM FISCAL#PROCESSO;14;2026-07-10;
SEFAZ - RECEITA;28730018949-2011#-#EMISSOR DE CUPOM FISCAL#PROCESSO;10;2026-07-10;
SEFAZ - RECEITA;28730018951-2011#-#EMISSOR DE CUPOM FISCAL#PROCESSO;13;2026-07-10;
SEFAZ - RECEITA;28730018952-2011#-#EMISSOR DE CUPOM FISCAL#PROCESSO;10;2026-07-10;
SEFAZ - RECEITA;28730018971-2011#-#EMISSOR DE CUPOM FISCAL#PROCESSO;7;2026-07-10;
SEFAZ - RECEITA;28730018977-2011#-#EMISSOR DE CUPOM FISCAL#PROCESSO;7;2026-07-10;
SEFAZ - RECEITA;28730020482-2011#-#EMISSOR DE CUPOM FISCAL#PROCESSO;12;2026-07-10;
SEFAZ - RECEITA;28730020486-2011#-#EMISSOR DE CUPOM FISCAL#PROCESSO;8;2026-07-10;
SEFAZ - RECEITA;28730016420-2011#-#EMISSOR DE CUPOM FISCAL#PROCESSO;7;2026-07-10;
SEFAZ - RECEITA;28730019095-2011#-#EMISSOR DE CUPOM FISCAL#PROCESSO;8;2026-07-10;
SEFAZ - RECEITA;28730019317-2011#-#EMISSOR DE CUPOM FISCAL#PROCESSO;4;2026-07-10;
SEFAZ - RECEITA;28730019627-2011#-#EMISSOR DE CUPOM FISCAL#PROCESSO;4;2026-07-10;
SEFAZ - RECEITA;28730019319-2011#-#EMISSOR DE CUPOM FISCAL#PROCESSO;4;2026-07-10;
SEFAZ - RECEITA;28730019321-2011#-#EMISSOR DE CUPOM FISCAL#PROCESSO;10;2026-07-10;
SEFAZ - RECEITA;28730019630-2011#-#EMISSOR DE CUPOM FISCAL#PROCESSO;4;2026-07-10;
SEFAZ - RECEITA;28730019629-2011#-#EMISSOR DE CUPOM FISCAL#PROCESSO;4;2026-07-10;
SEFAZ - RECEITA;28730019624-2011#-#EMISSOR DE CUPOM FISCAL#PROCESSO;5;2026-07-10;
SEFAZ - RECEITA;28730020180-2011#-#EMISSOR DE CUPOM FISCAL#PROCESSO;7;2026-07-10;
SEFAZ - RECEITA;28730020183-2011#-#EMISSOR DE CUPOM FISCAL#PROCESSO;9;2026-07-10;
SEFAZ - RECEITA;28730020265-2011#-#EMISSOR DE CUPOM FISCAL#PROCESSO;7;2026-07-10;
SEFAZ - RECEITA;2873021392-2011#SHOE DOS CALÇADOS LTDA-ME#EMISSOR DE CUPOM FISCAL#PROCESSO;6;2026-07-10;
SEFAZ - RECEITA;28730021085-2011#-#EMISSOR DE CUPOM FISCAL#PROCESSO;4;2026-07-10;
SEFAZ - RECEITA;28730019198-2011#-#EMISSOR DE CUPOM FISCAL#PROCESSO;7;2026-07-10;
SEFAZ - RECEITA;28730019097-2011#-#EMISSOR DE CUPOM FISCAL#PROCESSO;6;2026-07-10;
SEFAZ - RECEITA;28730019762-2011#-#EMISSOR DE CUPOM FISCAL#PROCESSO;6;2026-07-10;
SEFAZ - RECEITA;28730022159-2011#-#EMISSOR DE CUPOM FISCAL#PROCESSO;42;2026-07-10;
SEFAZ - RECEITA;28730022365-2011#-#EMISSOR DE CUPOM FISCAL#PROCESSO;8;2026-07-10;
SEFAZ - RECEITA;28730022182-2011#-#EMISSOR DE CUPOM FISCAL#PROCESSO;7;2026-07-10;
SEFAZ - RECEITA;28730022233-2011#-#EMISSOR DE CUPOM FISCAL#PROCESSO;7;2026-07-10;
SEFAZ - RECEITA;28730022642-2011#-#EMISSOR DE CUPOM FISCAL#PROCESSO;6;2026-07-10;
SEFAZ - RECEITA;28730022643-2011#-#EMISSOR DE CUPOM FISCAL#PROCESSO;6;2026-07-10;
SEFAZ - RECEITA;28730019577-2011#-#EMISSOR DE CUPOM FISCAL#PROCESSO;10;2026-07-10;
SEFAZ - RECEITA;28730019578-2011#-#EMISSOR DE CUPOM FISCAL#PROCESSO;10;2026-07-10;
SEFAZ - RECEITA;28730019579-2011#-#EMISSOR DE CUPOM FISCAL#PROCESSO;10;2026-07-10;
SEFAZ - RECEITA;28730019580-2011#-#EMISSOR DE CUPOM FISCAL#PROCESSO;10;2026-07-10;
SEFAZ - RECEITA;28730019576-2011#-#EMISSOR DE CUPOM FISCAL#PROCESSO;7;2026-07-10;
SEFAZ - RECEITA;28730022819-2011#-#EMISSOR DE CUPOM FISCAL#PROCESSO;6;2026-07-10;
SEFAZ - RECEITA;28730023960-2011#TANIA CRISTINA AMANAJAS DA SILVA#EMISSOR DE CUPOM FISCAL#PROCESSO;7;2026-07-10;
SEFAZ - RECEITA;28730025330-2011#LUIS DA CONCEIÇÃO PEREIRA GOES DA COSTA#EMISSOR DE CUPOM FISCAL#PROCESSO;8;2026-07-10;
SEFAZ - RECEITA;28730024523-2011#ADEMÀR CIRILO COSTA#EMISSOR DE CUPOM FISCAL#PROCESSO;8;2026-07-10;
SEFAZ - RECEITA;28730024513-2011#ADEMÀR CIRILO COSTA#EMISSOR DE CUPOM FISCAL#PROCESSO;7;2026-07-10;
SEFAZ - RECEITA;28730024520-2011#ADEMAR CIRILO COSTA#EMISSOR DE CUPOM FISCAL#PROCESSO;7;2026-07-10;
SEFAZ - RECEITA;28730024508-2011#ADEMAR CIRILO COSTA#EMISSOR DE CUPOM FISCAL#PROCESSO;7;2026-07-10;
SEFAZ - RECEITA;28730025319-2011#FABIO PORTELA DOS SANTOS#EMISSOR DE CUPOM FISCAL#PROCESSO;14;2026-07-10;
SEFAZ - RECEITA;28730024429-2011#SAUL ARAUJO ANDRADE#EMISSOR DE CUPOM FISCAL#PROCESSO;8;2026-07-10;
SEFAZ - RECEITA;28730024766-2011#LUISIGNAN SILVA DA CRUZ#EMISSOR DE CUPOM FISCAL#PROCESSO;6;2026-07-10;
SEFAZ - RECEITA;28730025714-2011#JOSE ERIVALDO MARAMALDE DO COUTO#EMISSOR DE CUPOM FISCAL#PROCESSO;6;2026-07-10;
SEFAZ - RECEITA;1316262026-0#IVAN JOSE DE LIMA#SAIDA DE VEICULO DA ALCMS#PROCESSO;12;2026-07-10;
SEFAZ - RECEITA;9285452025-4#EQUINOCIO HOSPITALAR LTDA#RELATORIO#PROCESSO;114;2026-07-10;
SEFAZ - RECEITA;6236542025-7#EQUINOCIO HOSPITALAR LTDA#RELATORIO#PROCESSO;117;2026-07-10;
SEFAZ - RECEITA;5059382025-8#EQUINOCIO HOSPITALAR#RELATORIO#PROCESSO;102;2026-07-10;
SEFAZ - RECEITA;1180352025-6#EQUINOCIO HOSPITALAR LTDA#RELATORIO#PROCESSO;128;2026-07-10;
SEFAZ - RECEITA;3980782025-1#EQUINOCIO HOSPITALAR LTDA#RELATORIO#PROCESSO;109;2026-07-10;
SEFAZ - RECEITA;2026862025-5#EQUINOCIO HOSPITALAR LTDA#RELATORIO#PROCESSO;100;2026-07-10;
SEFAZ - RECEITA;2966442025-5#EQUINOCIO HOSPITALAR LTDA#RELATORIO#PROCESSO;81;2026-07-10;
SEFAZ - RECEITA;6152262025-7#CLIENT CO SERVIÇOS DE REDE NORDESTE SA#APURAÇÃO DE TRIBUTOS#PROCESSO;7;2026-07-10;
SEFAZ - RECEITA;6154402025-2#CLARO SA#APURAÇÃO DE TRIBUTOS#PROCESSO;7;2026-07-10;
SEFAZ - RECEITA;4975092025-2#TELEFONICA BRASIL SA#APURAÇÃO DE TRIBUTOS#PROCESSO;6;2026-07-10;
SEFAZ - RECEITA;4975102025-5#TELEFONICA BRASIL SA#APURAÇÃO DE TRIBUTOS#PROCESSO;6;2026-07-10;
SEFAZ - RECEITA;4974222025-5#CLIENT CO SERVILOS DE REDE NORDESTE SA#APURAÇÃO DE TRIBUTOS#PROCESSO;7;2026-07-10;
SEFAZ - RECEITA;49751620205-2#TIM SA#APURAÇÃO DE TRIBUTOS#PROCESSO;7;2026-07-10;
SEFAZ - RECEITA;4975132025-9#TIM SA#APURAÇÃO DE TRIBUTOS#PROCESSO;6;2026-07-10;
SEFAZ - RECEITA;4974272025-8#CLIENT CO SERVIÇOS DE REDE NORDESTE SA#APURAÇÃO DE TRIBUTOS#PROCESSO;6;2026-07-10;
SEFAZ - RECEITA;1421872025-8#BRASIL NORTE BEBIDAS LTDA#RESTITUIÇÃO DO ICMS#PROCESSO;27;2026-07-10;
SEFAZ - RECEITA;1421842025-4#BRASIL NORTE BEBIDAS LTDA#RESTITUIÇÃO DO ICMS#PROCESSO;27;2026-07-10;
SEFAZ - RECEITA;0004202022-0#OI SA#PEDIDO DE USO DE CREDITO TRIBUTARIO#PROCESSO;131;2026-07-10;
SEFAZ - RECEITA;0205252021-0#OI SA#PEDIDO DE USO DE CREDITO TRIBUTARIO#PROCESSO;130;2026-07-10;
SEFAZ - RECEITA;0108992013-0#ANDREIA S V TAVARES ME#ARRECADAÇÃO#PROCESSO;56;2026-07-10;
SEFAZ - RECEITA;7045692025-0#NIVALDO DE BESSA COSTA#CANCELAMENTO DE NF-E#PROCESSO;3;2026-07-10;
SEFAZ - RECEITA;3621092025-0#A. L. COMERCIO LTDA#BAIXA DE DAR PAGO#PROCESSO;9;2026-07-10;
SEFAZ - RECEITA;7814892025-7#MARISA E. F. MANCIO LTDA#RECLAMAÇÃO#PROCESSO;13;2026-07-10;
SEFAZ - RECEITA;6774792025-5#W. G. ENERGIA SOLAR LTDA#INFORMAÇÕES REF. AO PROCESSO Nº 0267192024-5#PROCESSO;5;2026-07-10;
SEFAZ - RECEITA;6773892025-4#EASYWATT SOLUÇÕES INOVADORAS EM EFICIENCIA ENERGETICA LTDA#INFORMAÇÕES#PROCESSO;6;2026-07-10;
SEFAZ - RECEITA;2028302025-3#BRASIL NORTE BEBIDAS LTDA#RESTITUIÇÃO DO ICMS#PROCESSO;29;2026-07-10;
SEFAZ - RECEITA;5102362025-1#NESTLE BRASIL LTDA#COPIA REPROGRAFICA DO PROCESSO Nº 0021872019-0#PROCESSO;7;2026-07-10;
SEFAZ - RECEITA;5100932025-4#NESTLE BRASIL LTDA#COPIA REPROGRAFICA DO PROCESSO Nº 0149642019-5#PROCESSO;9;2026-07-10;
SEFAZ - RECEITA;5100562025-3#NESTLE BRASIL LTDA#COPIA REPROGRAFICA DO PROCESSO Nº 0149642019-5#PROCESSO;9;2026-07-10;
SEFAZ - RECEITA;0149642019-5#NESTLE BRASIL LTDA#RESTITUIÇÃO DO ICMS#PROCESSO;52;2026-07-10;
SEFAZ - RECEITA;28730005870-2015#WAGNER OTONY DO NASCIMENTO#PEDIDO DE RESTITUIÇÃO DE ICMS#PROCESSO;46;2026-07-10;
SEFAZ - RECEITA;28730012046-2014#AMAUTO AMAPA AUTOMOVEIS LTDA#ARRECADAÇÃO#PROCESSO;45;2026-07-10;
SEFAZ - RECEITA;28730010970-2013#RUY GUILHERME SMITH NEVES#ARRECADAÇÃO#PROCESSO;8;2026-07-10;
SEFAZ - RECEITA;28730010961-2013#RUY GUILHERME SMITH NEVES#ARRECADAÇÃO#PROCESSO;8;2026-07-10;
SEFAZ - RECEITA;28730010969-2013#RUY GUILHERME SMITH NEVES#ARRECADAÇÃO#PROCESSO;8;2026-07-10;
SEFAZ - RECEITA;28730010968-2013#RUY GUILHERME SMITH NEVES#ARRECADAÇÃO#PROCESSO;8;2026-07-10;
SEFAZ - RECEITA;28730010967-2013#RUY GUILHERME SMITH NEVES#ARRECADAÇÃO#PROCESSO;8;2026-07-10;
SEFAZ - RECEITA;28730010966-2013#RUY GUILHERME SMITH NEVES#ARRECADAÇÃO#PROCESSO;8;2026-07-10;
SEFAZ - RECEITA;28730010962-2013#RUY GUILHERME SMITH NEVES#ARRECADAÇÃO#PROCESSO;8;2026-07-10;
SEFAZ - RECEITA;28730010964-2013#RUY GUILHERME SMITH NEVES#ARRECADAÇÃO#PROCESSO;8;2026-07-10;
SEFAZ - RECEITA;28730010965-2013#RUY GUILHERME SMITH NEVES#OFCIO PARA SECRETARIO DA SEFAZ#PROCESSO;8;2026-07-10;
SEFAZ - RECEITA;0282902013-8#D OLIVEIRA EVANGELISTA FROES-EPP#ARRECADAÇÃO#PROCESSO;16;2026-07-10;
SEFAZ - RECEITA;28730001085-2015#DENISE DE SOUZA SILVA DE ANDRADE#OFCIO PARA SECRETARIO DA SEFAZ#PROCESSO;11;2026-07-10;
SEFAZ - RECEITA;287300230828-2014#TORK & SOUZA COMERCIO REPRESENTAÇÃO - EPP#PEDIDO DE USO DE CRETIDO TRIBUTARIO#PROCESSO;14;2026-07-10;
SEFAZ - RECEITA;2873000179-2015#P Q COSTA ME#OFCIO PARA SECRETARIO DA SEFAZ#PROCESSO;9;2026-07-10;
SEFAZ - RECEITA;28730017110-2014#MACAPA TECIDOS LTDA#DENUNCIAS#PROCESSO;14;2026-07-10;
SEFAZ - RECEITA;28730005312-2015#CPITAL MORENA TRANSPORTES EIRELI#OFCIO PARA SECRETARIO DA SEFAZ#PROCESSO;6;2026-07-10;
SEFAZ - RECEITA;28730001925-2015#A L DISTRIBUIDORA LTDA EPP#OFCIO PARA SECRETARIO DA SEFAZ#PROCESSO;15;2026-07-10;
SEFAZ - RECEITA;0129772014-0#COMPANHIA BRASILEIRA DE BEBIDAS#ARRECADAÇÃO#PROCESSO;8;2026-07-10;
SEFAZ - RECEITA;28730005251-2015#J, B, CONSTRUÇÕES LTDA#OFICIO PARA O SECRETARIO DA SRE#PROCESSO;6;2026-07-10;
SEFAZ - RECEITA;28730005254-2015#LEONCIO PIRES DOURADO PINTO#OFICIO PARA SECRETARIO SRE#PROCESSO;8;2026-07-10;
SEFAZ - RECEITA;0106922012-4#J I AZEVEDO DE AGUIAR ME#DENUNCIAS#PROCESSO;72;2026-07-10;
SEFAZ - RECEITA;2873000283-2015#MARCELO DE OLIVEIRA CARVALHO#PEDIDO DE RESTITUIÇÃO DE ICMS#PROCESSO;33;2026-07-10;
SEFAZ - RECEITA;0001372015-5#D. G DA SILVA EPP#ARRECADAÇÃO#PROCESSO;24;2026-07-10;
SEFAZ - RECEITA;0118192015-9#D. G. DA SILVA-EPP#BAIXA DE G. N. R. E. PAGO#PROCESSO;18;2026-07-10;
SEFAZ - RECEITA;28730001001-2015#MARIA DAS GRAÇAS GOMES BRANDÃO#COMPENSASAÇAO DE DEBITOS - ICMS#PROCESSO;12;2026-07-10;
SEFAZ - RECEITA;0157322015-9#PIZZARIA ARGENTINA LTDA-ME#DENUNCIAS#PROCESSO;7;2026-07-10;
SEFAZ - RECEITA;0158032015-5#FRIGORIFICO AMAZONIA EMPREENDIMENTOS#RESTITUIÇÃO DE ICMS#PROCESSO;6;2026-07-10;
SEFAZ - RECEITA;018-2015#CEARENSE TAPES LTDA#AÇÃO FISCALIZATORIA#OFICIO;18;2026-07-10;
SEFAZ - RECEITA;28730021443-2014#FRANCISCO GOMES BARRIGA NETO#FISCALIZAÇÃO#PROCESSO;71;2026-07-10;
SEFAZ - RECEITA;0275572025-5#IPIRANGA PRODUTOS DE PETROLEO S.A#OFICIO PARA O SECRETARIO DA SARE#PROCESSO;17;2026-07-10;
SEFAZ - RECEITA;9929572025-3#HUGHES TELECOMUNICACOES DO BRASIL LTDA#RESTITUIÇAO DO ICMS#PROCESSO;52;2026-07-10;
SEFAZ - RECEITA;0414552026-2#ROSILENE VALERIO DE SOUSA#SAIDA DE VEICULO ALCMS#PROCESSO;14;2026-07-10;
SEFAZ - RECEITA;0413622026-0#SAFRA CREDITO FINANCIAMENTO E INVESTIMENTO SA#SAIDA DE VEICULO ALCMS#PROCESSO;17;2026-07-10;
SEFAZ - RECEITA;0413552026-0#ROBERVAM ROCHA DE AGUIAR#SAIDA DE VEICULO ALCMS#PROCESSO;8;2026-07-10;
SEFAZ - RECEITA;0413582026-3#JOSUE SANTOS MONTEIRO JUNIOR#SAIDA DE VEICULO ALCMS#PROCESSO;8;2026-07-10;
SEFAZ - RECEITA;0358602026-0#JOSE AIRTON MENEZES SA#SAIDA DE VEICULO ALCMS#PROCESSO;6;2026-07-10;
SEFAZ - RECEITA;PROCESSO Nº 8337212025-6;46;2026-07-10;
SEFAZ - RECEITA;PROCESSO Nº 6117252025-9;8;2026-07-10;
SEFAZ - RECEITA;PROCESSO Nº 3588712025-8;12;2026-07-10;
SEFAZ - RECEITA;PROCESSO Nº 0740412026-8;5;2026-07-10;
SEFAZ - RECEITA;PROCESSO Nº 1196112026-7;7;2026-07-10;
SEFAZ - RECEITA;PROCESSO Nº 0191712024-9;13;2026-07-10;
SEFAZ - RECEITA;PROCESSO Nº 0191662024-8;13;2026-07-10;
SEFAZ - RECEITA;PROCESSO Nº 0191682024-7;13;2026-07-10;
SEFAZ - RECEITA;PROCESSO Nº 0191722024-3;12;2026-07-10;
SEFAZ - RECEITA;PROCESSO Nº 0145672024-4;8;2026-07-10;
SEFAZ - RECEITA;PROCESSO Nº 0140502024-5;8;2026-07-10;
SEFAZ - RECEITA;PROCESSO Nº 0140482024-8;8;2026-07-10;
SEFAZ - RECEITA;PROCESSO Nº 0140492024-2;8;2026-07-10;
SEFAZ - RECEITA;PROCESSO Nº 0140542024-3;8;2026-07-10;
SEFAZ - RECEITA;PROCESSO Nº 0140522024-4;8;2026-07-10;
SEFAZ - RECEITA;PROCESSO Nº 0140532024-9;8;2026-07-10;
SEFAZ - RECEITA;PROCESSO Nº 0140552024-8;8;2026-07-10;
SEFAZ - RECEITA;PROCESSO Nº 0140742024-0;11;2026-07-10;
SEFAZ - RECEITA;PROCESSO Nº 0140422024-0;14;2026-07-10;
SEFAZ - RECEITA;PROCESSO Nº 0173462024-2;10;2026-07-10;
SEFAZ - RECEITA;PROCESSO Nº 0145262024-5;12;2026-07-10;
SEFAZ - RECEITA;0147232024-7#CONQUISTA MOTOS E MOTORES LTDA#AUTORIZAÇAO SAIDA VEICULO#PROCESSO;12;2026-07-10;
SEFAZ - RECEITA;0156342024-4#MARIA DE JESUS DE OLIVEIRA SILVA#AUTORIZAÇAO SAIDA VEICULO#PROCESSO;11;2026-07-10;
SEFAZ - RECEITA;0143172024-0#JR RENT A CAR LTDA-ME#AUTORIZAÇAO SAIDA VEICULO#PROCESSO;23;2026-07-10;
SEFAZ - RECEITA;0145722024-5#MONACO MOTOCENTER LAGOA COMERCIAL LTDA#AUTORIZAÇAO DE SAIDA DEFITIVA PARA VEICULO#PROCESSO;8;2026-07-10;
SEFAZ - RECEITA;0145722024-5#MONACO MOTOCENTER LAGOA COMERCIAL LTDA#AUTORIZAÇAO SAIDA DEFITIVA DE VEICULO#PROCESSO;8;2026-07-10;
SEFAZ - RECEITA;0145652024-5#MONACO MOTOCENTER LAGOA COMERCIAL LTDA#AUTORIZAÇAO SAIDA VEICULO#PROCESSO;8;2026-07-10;
SEFAZ - RECEITA;0145642024-0#MONACO MOTOCENTER LAGOA COMERCIAL LTDA#AUTORIZAÇAO SAIDA VEICULO#PROCESSO;8;2026-07-10;
SEFAZ - RECEITA;0145622024-1#MONACO MOTOCENTER LAGOA COMERCIAL LTDA#AUTORIZAÇAO SAIDA VEICULO#PROCESSO;8;2026-07-10;
SEFAZ - RECEITA;0144362024-6#JOELSON AMARAL DA CONCEIÇAO#AUTORIZAÇAO SAIDA VEICULO#PROCESSO;11;2026-07-10;
SEFAZ - RECEITA;0155402024-7#MOSELLI VEICULOS LTDA#AUTORIZAÇAO SAIDA VEICULO#PROCESSO;13;2026-07-10;
SEFAZ - RECEITA;0152092024-5#MERCEDEZ BENS L ARREND MERCANTI#AUTORIZAÇAO SAIDA VEICULO#PROCESSO;17;2026-07-10;
SEFAZ - RECEITA;0147532024-8#MAX JHONNY AZEVEDO FURTADO#AUTORIZAÇAO SAIDA VEICULO#PROCESSO;13;2026-07-10;
SEFAZ - RECEITA;1399882026-4#STHEFANY ANDREA BRAZAO DOS REIS#BAIXA DE DEBITO#PROCESSO;6;2026-07-10;
SEFAZ - RECEITA;1366292026-3#TELEFONICA BRASIL S.A#INFORMAÇOES#PROCESSO;17;2026-07-10;
SEFAZ - RECEITA;1367922026-0#QUILOMBO RAIZ INOVA SIMPLES#PEDIDO DE REATIVAÇAO#PROCESSO;17;2026-07-10;
SEFAZ - RECEITA;8863682025-1#RRX TIMBER EXPORT LTDA#SOLICITAÇAO REGIME ESPECIAL#PROCESSO;18;2026-07-10;
SEFAZ - RECEITA;1401010077161800332025#SEFAZ AP#PEDIDO REGIME ESPECIAL#OFICIO;60;2026-07-10;
SEFAZ - RECEITA;1164132026-5#LUIZ CARLOS PEREIRA MEIRELLES#AUTORIZACAO DE SAIDA DE VEICULOS DA ALCMS#PROCESSO;12;2026-07-10;
SEFAZ - RECEITA;1152722026-5#MONACO MOTOCENTER LAGOA COMERCIAL LTDA#AUTORIZACAO DE SAIDA DE VEICULOS DA ALCMS#PROCESSO;8;2026-07-10;
SEFAZ - RECEITA;1152692026-3#MONACO MOTOCENTER LAGOA COMERCIAL LTDA#AUTORIZACAO DE SAIDA DE VEICULOS DA ALCMS#PROCESSO;8;2026-07-10;
SEFAZ - RECEITA;1152642026-0#MONACO MOTOCENTER LAGOA COMERCIAL LTDA#AUTORIZACAO DE SAIDA DE VEICULOS DA ALCMS#PROCESSO;8;2026-07-10;
SEFAZ - RECEITA;1152652026-5#MONACO MOTOCENTER LAGOA COMERCIAL LTDA#AUTORIZACAO DE SAIDA DE VEICULOS DA ALCMS#PROCESSO;8;2026-07-10;
SEFAZ - RECEITA;1152672026-4#MONACO MOTOCENTER LAGOA LTDA#AUTORIZACAO DE SAIDA DE VEICULOS DA ALCMS#PROCESSO;8;2026-07-10;
SEFAZ - RECEITA;1152662026-0#MONACO MOTOCENTER LAGOA COMERCIAL LTDA#AUTORIZACAO DE SAIDA DE VEICULOS DA ALCMS#PROCESSO;8;2026-07-10;
SEFAZ - RECEITA;1152372026-3#MONACO MOTOCENTER LAGOA COMERCIAL LTDA#AUTORIZACAO DE SAIDA DE VEICULOS DA ALCMS#PROCESSO;7;2026-07-10;
SEFAZ - RECEITA;1152382026-8#MONACO MOTOCENTER LAGOA COMERCIAL LTDA#AUTORIZACAO DE SAIDA DE VEICULOS DA ALCMS#PROCESSO;7;2026-07-10;
SEFAZ - RECEITA;1152392026-2#MONACO MOTOCENTER LAGOA COMERCIAL LTDA#AUTORIZACAO DE SAIDA DE VEICULOS DA ALCMS#PROCESSO;7;2026-07-10;
SEFAZ - RECEITA;1152612026-7#MONACO MOTOCENTER LAGOA COMERCIAL LTDA#AUTORIZACAO DE SAIDA DE VEICULOS DA ALCMS#PROCESSO;8;2026-07-10;
SEFAZ - RECEITA;1152632026-6#MONACO MOTOCENTER LAGOA COMERCIAL LTDA#AUTORIZACAO DE SAIDA DE VEICULOS DA ALCMS#PROCESSO;8;2026-07-10;
SEFAZ - RECEITA;1152332026-5#MONACO MOTOCENTER LAGOA COMERCIAL LTDA#AUTORIZACAO DE SAIDA DE VEICULOS DA ALCMS#PROCESSO;9;2026-07-10;
SEFAZ - RECEITA;1152292026-9#MONACO MOTOCENTER LAGOA COMERCIAL LTDA#AUTORIZACAO DE SAIDA DE VEICULOS DA ALCMS#PROCESSO;8;2026-07-10;
SEFAZ - RECEITA;1152362026-9#MONACO MOTOCENTER LAGOA COMERCIAL LTDA#AUTORIZACAO DE SAIDA DE VEICULOS DA ALCMS#PROCESSO;7;2026-07-10;
SEFAZ - RECEITA;1152752026-9#MONACO MOTOCENTER LAGOA COMERCIAL LTDA#AUTORIZACAO DE SAIDA DE VEICULOS DA ALCMS#PROCESSO;7;2026-07-10;
SEFAZ - RECEITA;1151332026-2#NOVA FORMA EMPREENDIMENTOS LTDA#AUTORIZACAO DE SAIDA DE VEICULOS DA ALCMS#PROCESSO;24;2026-07-10;
SEFAZ - RECEITA;1151182026-8#ROSINALDO DA SILVA DE SIQUEIRA#AUTORIZACAO DE SAIDA DE VEICULOS DA ALCMS#PROCESSO;7;2026-07-10;
SEFAZ - RECEITA;1151492026-3#BETRAL VEICULOS ELETRICOS LTDA#AUTORIZACAO DE SAIDA DE VEICULOS DA ALCMS#PROCESSO;9;2026-07-10;
SEFAZ - RECEITA;1151142026-0#BANCO J. SAFRA S A#AUTORIZACAO DE SAIDA DE VEICULOS DA ALCMS#PROCESSO;12;2026-07-10;
SEFAZ - RECEITA;1151212026-0#BANCO PAN S A#AUTORIZACAO DE SAIDA DE VEICULOS DA ALCMS#PROCESSO;19;2026-07-10;
SEFAZ - RECEITA;1150942026-6#MARIA DO SOCORRO FERNANDES DA SILVA#AUTORIZACAO DE SAIDA DE VEICULOS DA ALCMS#PROCESSO;9;2026-07-10;
SEFAZ - RECEITA;1164102026-1#MAX WILLIAN VERAS SILVA#AUTORIZACAO DE SAIDA DE VEICULOS DA ALCMS#PROCESSO;11;2026-07-10;
SEFAZ - RECEITA;1172732026-3#MARIA DO SOCORRO LOPES#AUTORIZACAO DE SAIDA DE VEICULOS DA ALCMS#PROCESSO;17;2026-07-10;
SEFAZ - RECEITA;1173812026-0#CLADINILSON ROGERIO LEMANSKI#AUTORIZACAO DE SAIDA DE VEICULOS DA ALCMS#PROCESSO;18;2026-07-10;
SEFAZ - RECEITA;1173562026-2#P. S. R. BENTES LTDA#AUTORIZACAO DE SAIDA DE VEICULOS DA ALCMS#PROCESSO;18;2026-07-10;
SEFAZ - RECEITA;1152282026-4#MONACO MOTOCENTER LAGOA COMERCIAL LTDA#AUTORIZACAO DE SAIDA DE VEICULOS DA ALCMS#PROCESSO;7;2026-07-10;
SEFAZ - RECEITA;0954902026-6#CIANPORT - CIA NORTE DE NAVEGACAO E PORTOS#REGISTRO EXTEMPORANEO DE INGRESSO#PROCESSO;13;2026-07-10;
SEFAZ - RECEITA;0934022026-9#DISTRIBUIDORA DA AMAZONIA LTDA#CANCELAMENTO EXTEMPORANEO DA NF-E#PROCESSO;32;2026-07-10;
SEFAZ - RECEITA;0933982026-6#DISTRIBUIDORA DA AMAZONIA LTDA#CANCELAMENTO EXTEMPORANEO DA NF-E#PROCESSO;32;2026-07-10;
SEFAZ - RECEITA;1175732026-1#BANCO PAN S A#AUTORIZACAO DE SAIDA DE VEICULOS DA ALCMS#PROCESSO;18;2026-07-10;
SEFAZ - RECEITA;1175462026-4#CONSORCIO NACIONAL HONDA LTDA#AUTORIZACAO DE SAIDA DE VEICULOS DA ALCMS#PROCESSO;29;2026-07-10;
SEFAZ - RECEITA;1173942026-8#FELIPE DA SILVA GOMES#AUTORIZACAO DE SAIDA DE VEICULOS DA ALCMS#PROCESSO;8;2026-07-10;
SEFAZ - RECEITA;1173982026-6#CRISTIANE DO SOCORRO CABRAL CAMBRAIA#AUTORIZACAO DE DOCUMENTOS FISCAIS SRE#PROCESSO;11;2026-07-10;
SEFAZ - RECEITA;1173862026-3#GUARDIA CONSTRUCOES E SERVICOS LTDA#AUTORIZACAO DE SAIDA DE VEICULOS DA ALCMS#PROCESSO;11;2026-07-10;
SEFAZ - RECEITA;1173892026-7#F.D CATRARIO COMERCIO LTDA#AUTORIZACAO DE SAIDA DE VEICULOS DA ALCMS#PROCESSO;10;2026-07-10;
SEFAZ - RECEITA;1173822026-5#ROSANGELA BORGES MARACAIPE#AUTORIZACAO DE SAIDA DE VEICULOS DA ALCMS#PROCESSO;13;2026-07-10;
SEFAZ - RECEITA;1162222026-9#ARNALDO BRITO AMANAJAS#AUTORIZACAO DE SAIDA DE VEICULOS DA ALCMS#PROCESSO;7;2026-07-10;
SEFAZ - RECEITA;1162862026-9#EDEANGELES DE SOUZA MARTINS#AUTORIZACAO DE SAIDA DE VEICULOS DA ALCMS#PROCESSO;14;2026-07-10;
SEFAZ - RECEITA;1151532026-0#MARAMALDE & FAVACHO ADVOGADAS ASSOCIADAS LTDA ME#AUTORIZACAO DE SAIDA DE VEICULOS DA ALCMS#PROCESSO;17;2026-07-10;
SEFAZ - RECEITA;1124202026-8#ELIVALDO ALVES LEAO#AUTORIZACAO DE SAIDA DE VEICULOS DA ALCMS#PROCESSO;7;2026-07-10;
SEFAZ - RECEITA;1124152026-7#D B FONSECA LTDA#AUTORIZACAO DE SAIDA DE VEICULOS DA ALCMS#PROCESSO;17;2026-07-10;
SEFAZ - RECEITA;1124182026-0#DISTRIBUIDORA LIDERANCA LTDA#AUTORIZACAO DE SAIDA DE VEICULOS DA ALCMS#PROCESSO;22;2026-07-10;
SEFAZ - RECEITA;9968782025-0#VALDINEI XAVIER DE OLIVEIRA#AUTORIZACAO DE SAIDA DE VEICULOS DA ALCMS#PROCESSO;11;2026-07-10;
SEFAZ - RECEITA;9968742025-1#ALANO LINHARES BATISTA#AUTORIZACAO DE SAIDA DE VEICULOS DA ALCMS#PROCESSO;15;2026-07-10;
SEFAZ - RECEITA;9968732025-7#BANCO BRADESCO FINANCIAMENTOS S A#AUTORIZACAO DE SAIDA DE VEICULOS DA ALCMS#PROCESSO;18;2026-07-10;
SEFAZ - RECEITA;9968722025-2#AUGE CONSTRUCOES E SANEAMENTO EIRELI EPP#AUTORIZACAO DE SAIDA DE VEICULOS DA ALCMS#PROCESSO;20;2026-07-10;
SEFAZ - RECEITA;9968702025-3#BANCO PAN S A#AUTORIZACAO DE SAIDA DE VEICULOS DA ALCMS#PROCESSO;16;2026-07-10;
SEFAZ - RECEITA;9970352025-1#RAIMUNDO ALMI SOARES SILVA#AUTORIZACAO DE SAIDA DE VEICULOS DA ALCMS#PROCESSO;16;2026-07-10;
SEFAZ - RECEITA;9970372025-0#ESPERIDIAO PEREIRA DE VASCONCELOS#AUTORIZACAO DE SAIDA DE VEICULOS DA ALCMS#PROCESSO;16;2026-07-10;
SEFAZ - RECEITA;9970342025-7#PAIXAO & OLIVEIRA LTDA#AUTORIZACAO DE SAIDA DE VEICULOS DA ALCMS#PROCESSO;30;2026-07-10;
SEFAZ - RECEITA;9973092025-7#MONACO MOTOCENTER LAGOA COMERCIAL LTDA#AUTORIZACAO DE SAIDA DE VEICULOS DA ALCMS#PROCESSO;7;2026-07-10;
SEFAZ - RECEITA;1174972026-4#BRIANE DOS SANTOS LINO#AUTORIZACAO DE SAIDA DE VEICULOS DA ALCMS#PROCESSO;14;2026-07-10;
SEFAZ - RECEITA;1175702026-8#KARLA CAMILA NASCIMENTO DIAS#AUTORIZACAO DE SAIDA DE VEICULOS DA ALCMS#PROCESSO;10;2026-07-10;
SEFAZ - RECEITA;1175692026-5#ANDRESSA MARIA SERIQUE RODRIGUES#AUTORIZACAO DE SAIDA DE VEICULOS DA ALCMS#PROCESSO;11;2026-07-10;
SEFAZ - RECEITA;1049822026-5#COLD QUEEN COMERCIO DE POLPAS E REPRESENTACAO LTDA#CANCELAMENTO EXTEMPORANEO DA NF-E#PROCESSO;28;2026-07-10;
SEFAZ - RECEITA;0979642026-0#MD EMPREENDIMENTOS LTDA#CANCELAMENTO EXTEMPORANEO DA NF-E#PROCESSO;14;2026-07-10;
SEFAZ - RECEITA;0934032026-3#DISTRIBUIDORA DA AMAZONIA LTDA#CANCELAMENTO EXTEMPORANEO DA NF-E#PROCESSO;32;2026-07-10;
SEFAZ - RECEITA;0934002026-0#DISTRIBUIDORA DA AMAZONIA LTDA#CANCELAMENTO EXTEMPORANEO DA NF-E#PROCESSO;33;2026-07-10;
SEFAZ - RECEITA;7193372025-5#BALI BRASIL SERVICOS DE BANDA LARGA LTDA#APURACAO DE TRIBUTOS DE TELECOMUNICACOES#PROCESSO;5;2026-07-10;
SEFAZ - RECEITA;6155382025-8#TIM S A#APURACAO DE TRIBUTOS DE TELECOMUNICACOES#PROCESSO;20;2026-07-10;
SEFAZ - RECEITA;7050372025-9#OI S A - EM RECUPERACAO JUDICIAL#APURACAO DE TRIBUTOS DE TELECOMUNICACOES#PROCESSO;16;2026-07-10;
SEFAZ - RECEITA;7193392025-4#SKY SERVICOS BANDA LARGA LTDA#APURACAO DE TRIBUTOS DE TELECOMUNICACOES#PROCESSO;5;2026-07-10;
SEFAZ - RECEITA;7193402025-7#SKY SERVICOS DE BANDA LARGA LTDA#APURACAO DE TRIBUTOS DE TELECOMUNICACOES#PROCESSO;12;2026-07-10;
SEFAZ - RECEITA;7050352025-0#OI S A - EM RECUPERACAO JUDICIAL#APRESENTACAO DE RECIBO DE DECLARACAO#PROCESSO;8;2026-07-10;
SEFAZ - RECEITA;7050302025-7#OI S A - EM RECUPERACAO JUDICIAL#APURACAO DE TRIBUTOS DE TELECOMUNICACOES#PROCESSO;8;2026-07-10;
SEFAZ - RECEITA;7576192025-5#BALI BRASIL SERVICOS DE BANDA LARGA LTDA#RELATORIO#PROCESSO;5;2026-07-10;
SEFAZ - RECEITA;7482682025-9#CLARO S A#APURACAO DE TRIBUTOS DE TELECOMUNICACOES#PROCESSO;6;2026-07-10;
SEFAZ - RECEITA;7486062025-9#TIM S A#APURACAO DE TRIBUTOS DE TELECOMUNICACOES#PROCESSO;5;2026-07-10;
SEFAZ - RECEITA;7576162025-1#SKY SERVICOS BANDA LARGA LTDA#RELATORIO#PROCESSO;5;2026-07-10;
SEFAZ - RECEITA;7576112025-9#SKY SERVICOS DE BANDA LARGA LTDA#RELATORIO#PROCESSO;12;2026-07-10;
SEFAZ - RECEITA;7486092025-2#TELEFONICA BRASIL S A#APURACAO DE TRIBUTOS DE TELECOMUNICACOES#PROCESSO;5;2026-07-10;
SEFAZ - RECEITA;7433412025-3#TELEFONICA BRASIL S A#APURACAO DE TRIBUTOS DE TELECOMUNICACOES#PROCESSO;6;2026-07-10;
SEFAZ - RECEITA;7580552025-7#VIVO S A#APURACAO DE TRIBUTOS DE TELECOMUNICACOES#PROCESSO;5;2026-07-10;
SEFAZ - RECEITA;7486082025-8#TIM S A#APURACAO DE TRIBUTOS DE TELECOMUNICACOES#PROCESSO;5;2026-07-10;
SEFAZ - RECEITA;7486032025-5#TIM S A#APURACAO DE TRIBUTOS DE TELECOMUNICACOES#PROCESSO;5;2026-07-10;
SEFAZ - RECEITA;9537222025-2#TIM S A#APURACAO DE TRIBUTOS DE TELECOMUNICACOES#PROCESSO;14;2026-07-10;
SEFAZ - RECEITA;7819312025-6#CLIENT CO SERVICOS DE REDE NORDESTE S A#APURACAO DE TRIBUTOS DE TELECOMUNICACOES#PROCESSO;6;2026-07-10;
SEFAZ - RECEITA;5675362025-7#OI S A - EM RECUPERACAO JUDICIAL#APURACAO DE TRIBUTOS DE TELECOMUNICACOES#PROCESSO;17;2026-07-10;
SEFAZ - RECEITA;5675402025-3#OI S A - EM RECUPERACAO JUDICIAL#APURACAO DE TRIBUTOS DE TELECOMUNICACOES#PROCESSO;9;2026-07-10;
SEFAZ - RECEITA;6287312025-8#TELEFONICA BRASIL S A#APURACAO DE TRIBUTOS DE TELECOMUNICACOES#PROCESSO;15;2026-07-10;
SEFAZ - RECEITA;7722552025-3#TELEFONICA BRASIL S A#APURACAO DE TRIBUTOS TELECOMUNICACOES#PROCESSO;6;2026-07-10;
SEFAZ - RECEITA;1114602026-0#EDMAR LIMA OLIVEIRA JUNIOR#AUTORIZACAO DE SAIDA DE VEICULO DA ALCMS#PROCESSO;10;2026-07-10;
SEFAZ - RECEITA;1113992026-0#JOSE PATERNO#AUTORIZACAO DE SAIDA DE VEICULO DA ALCMS#PROCESSO;16;2026-07-10;
SEFAZ - RECEITA;1113242026-1#CONQUISTA MOTOS E MOTORES LTDA#AUTORIZACAO DE SAIDA DE VEICULO DA ALCMS#PROCESSO;9;2026-07-10;
SEFAZ - RECEITA;1113262026-0#CONQUISTA MOTOS E MOTORES LTDA#AUTORIZACAO DE SAIDA DE VEICULO DA ALCMS#PROCESSO;10;2026-07-10;
SEFAZ - RECEITA;1113352026-0#CONQUISTA MOTOS E MOTORES LTDA#AUTORIZACAO DE SAIDA DE VEICULO DA ALCMS#PROCESSO;9;2026-07-10;
SEFAZ - RECEITA;1113492026-1#CONQUISTA MOTOS E MOTORES LTDA#AUTORIZACAO DE SAIDA DE VEICULO DA ALCMS#PROCESSO;9;2026-07-10;
SEFAZ - RECEITA;1113512026-9#CONQUISTA MOTOS E MOTORES LTDA#AUTORIZACAO DE SAIDA DE VEICULO DA ALCMS#PROCESSO;9;2026-07-10;
SEFAZ - RECEITA;1113542026-2#CONQUISTA MOTOS E MOTORES LTDA#AUTORIZACAO DE SAIDA DE VEICULO DA ALCMS#PROCESSO;9;2026-07-10;
SEFAZ - RECEITA;1113172026-1#ALDENILSON PEREIRA DE ARAUJO#AUTORIZACAO DE SAIDA DE VEICULO DA ALCMS#PROCESSO;11;2026-07-10;
SEFAZ - RECEITA;1126182026-6#FAST SERVICOS LTDA#AUTORIZACAO DE SAIDA DE VEICULO DA ALCMS#PROCESSO;24;2026-07-10;
SEFAZ - RECEITA;1150912026-2#JELSO NERES DOS SANTOS#AUTORIZACAO DE SAIDA DE VEICULO DA ALCMS#PROCESSO;11;2026-07-10;
SEFAZ - RECEITA;1124642026-0#MARCELO FURTADO CAVALCANTE#AUTORIZACAO DE SAIDA DE VEICULO DA ALCMS#PROCESSO;10;2026-07-10;
SEFAZ - RECEITA;0904582026-9#MONACO MOTOCENTER LAGOA COMERCIAL LTDA#SAIDA DE VEICULO DA ALCMS#PROCESSO;8;2026-07-10;
SEFAZ - RECEITA;0904562026-0#MONACO MOTOCENTER LAGOA COMERCIAL LTDA#SAIDA DE VEICULO DA ALCMS#PROCESSO;7;2026-07-10;
SEFAZ - RECEITA;0904482026-5#PEDRO RABELO GIRAO#SAIDA DE VEICULO DA ALCMS#PROCESSO;16;2026-07-10;
SEFAZ - RECEITA;0904492026-0#SIGMA EMPRESARIAL LTDA#SAIDA DE VEICULO DA ALCMS#PROCESSO;28;2026-07-10;
SEFAZ - RECEITA;0878392026-9#MEDCLIN SERVICOS E PRODUTOS MEDICO HOSPITALAR LTDA#SAIDA DE VEICULO DA ALCMS#PROCESSO;22;2026-07-10;
SEFAZ - RECEITA;0879152026-6#AMBIENTAL ENGENHARIA EIRELI#SAIDA DE VEICULO DA ALCMS#PROCESSO;14;2026-07-10;
SEFAZ - RECEITA;0877952026-0#D DE N DA ROCHA FARIA EIRELI#SAIDA DE VEICULO DA ALCMS#PROCESSO;19;2026-07-10;
SEFAZ - RECEITA;0907192026-7#LEANDRO DE BRITO VIANA#SAIDA DE VEICULO DA ALCMS#PROCESSO;16;2026-07-10;
SEFAZ - RECEITA;0904952026-0#A R L EMPREENDIMENTOS LTDA#SAIDA DE VEICULO DA ALCMS#PROCESSO;27;2026-07-10;
SEFAZ - RECEITA;0904592026-3#MONACO MOTOCENTER LAGOA COMERCIAL LTDA#SAIDA DE VEICULO DA ALCMS#PROCESSO;8;2026-07-10;
SEFAZ - RECEITA;0904642026-4#MONACO MOTOCENTER LAGOA COMERCIAL LTDA#SAIDA DE VEICULO DA ALCMS#PROCESSO;8;2026-07-10;
SEFAZ - RECEITA;0904572026-4#MONACO MOTOCENTER LAGOA COMERCIAL LTDA#SAIDA DE VEICULO DA ALCMS#PROCESSO;7;2026-07-10;
SEFAZ - RECEITA;0904622026-5#MONACO MOTOCENTER LAGOA COMERCIAL LTDA#SAIDA DE VEICULO DA ALCMS#PROCESSO;8;2026-07-10;
SEFAZ - RECEITA;0905212026-9#SIGMA EMPRESARIAL LTDA#SAIDA DE VEICULO DA ALCMS#PROCESSO;19;2026-07-10;
SEFAZ - RECEITA;0810312026-0#MONACO MOTOCENTER LAGOA COMERCIAL LTDA#SAIDA DE VEICULO DA ALCMS#PROCESSO;7;2026-07-10;
SEFAZ - RECEITA;0810182026-4#VIP EMPREENDIMENTOS LTDA#SAIDA DE VEICULO DA ALCMS#PROCESSO;18;2026-07-10;
SEFAZ - RECEITA;0812482026-0#VERA LUCIA DOS SANTOS AGUIAR#SAIDA DE VEICULO DA ALCMS#PROCESSO;12;2026-07-10;
SEFAZ - RECEITA;0809102026-0#LEANDRO DE BRITO VIANA#SAIDA DE VEICULO DA ALCMS#PROCESSO;16;2026-07-10;
SEFAZ - RECEITA;0572972026-2#LINDOVAL ALCANTARA JUNIOR#SAIDA DE VEICULO DA ALCMS#PROCESSO;16;2026-07-10;
SEFAZ - RECEITA;0572732026-7#ATACADAO DA OBRA LTDA#SAIDA DE VEICULO DA ALCMS#PROCESSO;19;2026-07-10;
SEFAZ - RECEITA;0572722026-2#BRUNA DE SOUSA MARINHO#SAIDA DE VEICULO DA ALCMS#PROCESSO;17;2026-07-10;
SEFAZ - RECEITA;0485122026-0#MONACO MOTOCENTER LAGOA COMERCIAL LTDA#SAIDA DE VEICULO ALCMS#PROCESSO;7;2026-07-10;
SEFAZ - RECEITA;0485172026-2#MONACO MOTOCENTER LAGOA COMERCIAL LTDA#SAIDA DE VEICULO ALCMS#PROCESSO;7;2026-07-10;
SEFAZ - RECEITA;0485132026-4#MONACO MOTOCENTER LAGOA COMERCIAL LTDA#SAIDA DE VEICULO ALCMS#PROCESSO;7;2026-07-10;
SEFAZ - RECEITA;0485142026-9#MONACO MOTOCENTER LAGOA COMERCIAL LTDA#SAIDA DE VEICULO ALCMS#PROCESSO;8;2026-07-10;
SEFAZ - RECEITA;0485192026-1#MONACO MOTOCENTER LAGOA COMERCIAL LTDA#SAIDA DE VEICULO ALCMS#PROCESSO;7;2026-07-10;
SEFAZ - RECEITA;0488932026-1#EDNA DE JESUS COUTINHO GUEDES#SAIDA DE VEICULO ALCMS#PROCESSO;7;2026-07-10;
SEFAZ - RECEITA;0485972026-1#V.F SERRAO E CIA LTDA#SAIDA DE VEICULO ALCMS#PROCESSO;18;2026-07-10;
SEFAZ - RECEITA;0547952026-1#MONACO MOTOCENTER LAGOA COMERCIAL LTDA#SAIDA DE VEICULO ALCMS#PROCESSO;8;2026-07-10;
SEFAZ - RECEITA;0547922026-8#MONACO MOTOCENTER LAGOA COMERCIAL LTDA#SAIDA DE VEICULO ALCMS#PROCESSO;7;2026-07-10;
SEFAZ - RECEITA;0547942026-7#MONACO MOTOCENTER LAGOA COMERCIAL LTDA#SAIDA DE VEICULO ALCMS#PROCESSO;8;2026-07-10;
SEFAZ - RECEITA;0484212026-6#RENILSON PEREIRA ALVES#SAIDA DE VEICULO ALCMS#PROCESSO;9;2026-07-10;
SEFAZ - RECEITA;0449772026-8#MINISTERIO PUBLICO DO ESTADO DO AMAPA#SAIDA DE VEICULO ALCMS#PROCESSO;18;2026-07-10;
SEFAZ - RECEITA;0449782026-2#MINISTERIO PUBLICO DO ESTADO DO AMAPA#SAIDA DE VEICULO ALCMS#PROCESSO;20;2026-07-10;
SEFAZ - RECEITA;0452292026-1#ELDORADO VEICULOS E PECAS LTDA#SAIDA DE VEICULO ALCMS#PROCESSO;10;2026-07-10;
SEFAZ - RECEITA;0452332026-8#ELDORADO VEICULOS E PECAS LTDA#SAIDA DE VEICULO ALCMS#PROCESSO;8;2026-07-10;
SEFAZ - RECEITA;0452352026-7#ELDORADO VEICULOS E PECAS LTDA#SAIDA DE VEICULO ALCMS#PROCESSO;9;2026-07-10;
SEFAZ - RECEITA;0418622026-3#WANDERLEI NEPOMUCENO CAMBRAIA#SAIDA DE VEICULO ALCMS#PROCESSO;10;2026-07-10;
SEFAZ - RECEITA;0418672026-6#EMANUELLE DE FREITAS ROCHA#SAIDA DE VEICULO ALCMS#PROCESSO;11;2026-07-10;
SEFAZ - RECEITA;0420192026-7#HERALDO SERRAO PANTOJA#SAIDA DE VEICULO ALCMS#PROCESSO;12;2026-07-10;
SEFAZ - RECEITA;0416882026-2#INACIO EDMAR AGUIAR FILHO#SAIDA DE VEICULO ALCMS#PROCESSO;11;2026-07-10;
SEFAZ - RECEITA;0416912026-4#ERICA CRISTIANE MONTEIRO DE MORAES#SAIDA DE VEICULO ALCMS#PROCESSO;12;2026-07-10;
SEFAZ - RECEITA;0416932026-3#WIRLEI PINHEIRO#SAIDA DE VEICULO ALCMS#PROCESSO;26;2026-07-10;
SEFAZ - RECEITA;0943182026-9#ALEX PIMENTEL DA GAMA#SAIDA DE VEICULO ALCMS#PROCESSO;12;2026-07-10;
SEFAZ - RECEITA;0939382026-0#CAROLINE SIMARA SCHULER VILLA#SAIDA DE VEICULO ALCMS#PROCESSO;11;2026-07-10;
SEFAZ - RECEITA;0942892026-6#LENILSON PINHEIRO DE OLIVEIRA#SAIDA DE VEICULO ALCMS#PROCESSO;9;2026-07-10;
SEFAZ - RECEITA;0942912026-3#ELANE DE SOUSA ALBUQUERQUE#SAIDA DE VEICULO ALCMS#PROCESSO;10;2026-07-10;
SEFAZ - RECEITA;0943212026-0#LINDOMAR SOUZA PEREIRA#SAIDA DE VEICULO ALCMS#PROCESSO;8;2026-07-10;
SEFAZ - RECEITA;0943232026-0#BRUNO PELEGRIN MORAES#SAIDA DE VEICULO ALCMS#PROCESSO;10;2026-07-10;
SEFAZ - RECEITA;0939012026-8#MONACO MOTOCENTER LAGOA COMERCIAL LTDA#SAIDA DE VEICULO ALCMS#PROCESSO;9;2026-07-10;
SEFAZ - RECEITA;0938802026-0#MONACO MOTOCENTER LAGOA COMERCIAL LTDA#SAIDA DE VEICULO ALCMS#PROCESSO;7;2026-07-10;
SEFAZ - RECEITA;0938822026-9#MONACO MOTOCENTER LAGOA COMERCIAL LTDA#SAIDA DE VEICULO ALCMS#PROCESSO;7;2026-07-10;
SEFAZ - RECEITA;0938842026-8#MONACO MOTOCENTER LAGOA COMERCIAL LTDA#SAIDA DE VEICULO ALCMS#PROCESSO;7;2026-07-10;
SEFAZ - RECEITA;0938922026-2#MONACO MOTOCENTER LAGOA COMERCIAL LTDA#SAIDA DE VEICULO ALCMS#PROCESSO;7;2026-07-10;
SEFAZ - RECEITA;1411112026-1#DAVID DA COSTA DOS PASSOS#SAIDA DE VEICULO ALCMS#PROCESSO;8;2026-07-10;
SEFAZ - RECEITA;1412412026-5#DANIELE CRISTINO DUTRA#SAIDA DE VEICULO ALCMS#PROCESSO;14;2026-07-10;
SEFAZ - RECEITA;1412782026-8#MONACO MOTOCENTER LAGOA COMERCIAL LTDA#SAIDA DE VEICULO ALCMS#PROCESSO;8;2026-07-10;
SEFAZ - RECEITA;1412452026-3#MONACO MOTOCENTER LAGOA COMERCIAL LTDA#SAIDA DE VEICULO ALCMS#PROCESSO;9;2026-07-10;
SEFAZ - RECEITA;1412482026-7#MONACO MOTOCENTER LAGOA COMERCIAL LTDA#SAIDA DE VEICULO DA ALCMS#PROCESSO;7;2026-07-10;
SEFAZ - RECEITA;1412512026-9#MONACO MOTOCENTER LAGOA COMERCIAL LTDA#SAIDA DE VEICULO DA ALCMS#PROCESSO;8;2026-07-10;
SEFAZ - RECEITA;1412402026-0#MONACO MOTOCENTER LAGOA COMERCIAL LTDA#SAIDA DE VEICULO DA ALCMS#PROCESSO;8;2026-07-10;
SEFAZ - RECEITA;1412802026-5#MONACO MOTOCENTER LAGOA COMERCIAL LTDA#SAIDA DE VEICULO DA ALCMS#PROCESSO;8;2026-07-10;
SEFAZ - RECEITA;1412772026-3#MONACO MOTOCENTER LAGOA COMERCIAL LTDA#SAIDA DE VEICULO DA ALCMS#PROCESSO;8;2026-07-10;
SEFAZ - RECEITA;1412502026-4#MONACO MOTOCENTER LAGOA COMERCIAL LTDA#SAIDA DE VEICULO DA ALCMS#PROCESSO;8;2026-07-10;
SEFAZ - RECEITA;1412532026-8#MONACO MOTOCENTER LAGOA COMERCIAL LTDA#SAIDA DE VEICULO DA ALCMS#PROCESSO;8;2026-07-10;
SEFAZ - RECEITA;1412472026-2#MONACO MOTOCENTER LAGOA COMERCIAL LTDA#SAIDA DE VEICULO DA ALCMS#PROCESSO;7;2026-07-10;
SEFAZ - RECEITA;1412442026-9#VEGA SEUL AUTOMOTORES COMERCIAL LTDA#SAIDA DE VEICULO DA ALCMS#PROCESSO;8;2026-07-10;
SEFAZ - RECEITA;1412832026-9#MONACO MOTOCENTER LAGOA COMERCIAL LTDA#SAIDA DE VEICULO DA ALCMS#PROCESSO;8;2026-07-10;
SEFAZ - RECEITA;1412812026-0#MONACO MOTOCENTER LAGOA COMERCIAL LTDA#SAIDA DE VEICULO DA ALCMS#PROCESSO;8;2026-07-10;
SEFAZ - RECEITA;1412592026-5#MONACO MOTOCENTER LAGOA COMERCIAL LTDA#SAIDA DE VEICULO DA ALCMS#PROCESSO;8;2026-07-10;
SEFAZ - RECEITA;1414002026-1#ELDORADO VEICULOS E PECAS LTDA#SAIDA DE VEICULO DA ALCMS#PROCESSO;10;2026-07-10;
SEFAZ - RECEITA;1258852026-0#P R COMERCIO LTDA#SAIDA DE VEICULO DA ALCMS#PROCESSO;24;2026-07-10;
SEFAZ - RECEITA;1314152026-7#GILDA ELEN LUCAS PINHO#SAIDA DE VEICULO DA ALCMS#PROCESSO;17;2026-07-10;
SEFAZ - RECEITA;1258372026-0#CONQUISTA MOTOS E MOTORES LTDA#SAIDA DE VEICULO DA ALCMS#PROCESSO;9;2026-07-10;
SEFAZ - RECEITA;1258482026-9#CONQUISTA MOTOS E MOTORES LTDA#SAIDA DE VEICULO DA ALCMS#PROCESSO;9;2026-07-10;
SEFAZ - RECEITA;1258472026-4#CONQUISTA MOTOS E MOTORES LTDA#SAIDA DE VEICULO DA ALCMS#PROCESSO;9;2026-07-10;
SEFAZ - RECEITA;1258702026-3#CONQUISTA MOTOS E MOTORES LTDA#SAIDA DE VEICULO DA ALCMS#PROCESSO;9;2026-07-10;
SEFAZ - RECEITA;1258772026-5#CONQUISTA MOTOS E MOTORES LTDA#SAIDA DE VEICULO DA ALCMS#PROCESSO;9;2026-07-10;
SEFAZ - RECEITA;1258342026-7#CONQUISTA MOTOS E MOTORES LTDA#SAIDA DE VEICULO DA ALCMS#PROCESSO;9;2026-07-10;
SEFAZ - RECEITA;1258872026-9#BANCO GM-GENERAL MOTORS S.A#SAIDA DE VEICULO DA ALCMS#PROCESSO;21;2026-07-10;
SEFAZ - RECEITA;1259212026-2#AMAURI CARNEIRO NOBRE#SAIDA DE VEICULO DA ALCMS#PROCESSO;8;2026-07-10;
SEFAZ - RECEITA;1259172026-6#BANCO SANTANDER BANESPA#SAIDA DE VEICULO DA ALCMS#PROCESSO;17;2026-07-10;
SEFAZ - RECEITA;1259232026-1#CARLOS BIANCHINI DIAS DOS SANTOS#SAIDA DE VEICULO DA ALCMS#PROCESSO;8;2026-07-10;
SEFAZ - RECEITA;1258792026-4#JOSE MILTON DA CONCEICAO PESSOA#SAIDA DE VEICULO DA ALCMS#PROCESSO;12;2026-07-10;
SEFAZ - RECEITA;1282202026-4#MONACO MOTOCENTER LAGOA COMERCIAL LTDA#SAIDA DE VEICULO DA ALCMS#PROCESSO;7;2026-07-10;
SEFAZ - RECEITA;1282612026-3#MONACO MOTOCENTER LAGOA COMERCIAL LTDA#SAIDA DE VEICULO DA ALCMS#PROCESSO;7;2026-07-10;
SEFAZ - RECEITA;1282592026-6#MONACO MOTOCENTER LAGOA COMERCIAL LTDA#SAIDA DE VEICULO DA ALCMS#PROCESSO;8;2026-07-10;
SEFAZ - RECEITA;1282552026-8#MONACO MOTOCENTER LAGOA COMERCIAL LTDA#SAIDA DE VEICULO DA ALCMS#PROCESSO;7;2026-07-10;
SEFAZ - RECEITA;1282532026-9#MONACO MOTOCENTER LAGOA COMERCIAL LTDA#SAIDA DE VEICULO DA ALCMS#PROCESSO;8;2026-07-10;
SEFAZ - RECEITA;1282502026-5#MONACO MOTOCENTER LAGOA COMERCIAL LTDA#SAIDA DE VEICULO DA ALCMS#PROCESSO;7;2026-07-10;
SEFAZ - RECEITA;1282482026-8#MONACO MOTOCENTER LAGOA COMERCIAL LTDA#SAIDA DE VEICULO DA ALCMS#PROCESSO;8;2026-07-10;
SEFAZ - RECEITA;1282432026-5#MONACO MOTOCENTER LAGOA COMERCIAL LTDA#SAIDA DE VEICULO DA ALCMS#PROCESSO;7;2026-07-10;
SEFAZ - RECEITA;1282232026-8#MONACO MOTOCENTER LAGOA COMERCIAL LTDA#SAIDA DE VEICULO DA ALCMS#PROCESSO;7;2026-07-10;
SEFAZ - RECEITA;1316072026-8#DAVID BARBOSA LOPES#SAIDA DE VEICULO DA ALCMS#PROCESSO;21;2026-07-10;
SEFAZ - RECEITA;1329562026-1#MONACO MOTOCENTER LAGOA COMERCIAL LTDA#SAIDA DE VEICULO DA ALCMS#PROCESSO;7;2026-07-10;
SEFAZ - RECEITA;1329572026-6#MONACO MOTOCENTER LAGOA COMERCIAL LTDA#SAIDA DE VEICULO DA ALCMS#PROCESSO;7;2026-07-10;
SEFAZ - RECEITA;1329552026-7#MONACO MOTOCENTER LAGOA COMERCIAL LTDA#SAIDA DE VEICULO DA ALCMS#PROCESSO;8;2026-07-10;
SEFAZ - RECEITA;1329542026-2#MONACO MOTOCENTER LAGOA COMERCIAL LTDA#SAIDA DE VEICULO DA ALCMS#PROCESSO;8;2026-07-10;
SEFAZ - RECEITA;1329532026-8#MONACO MOTOCENTER LAGOA COMERCIAL LTDA#SAIDA DE VEICULO DA ALCMS#PROCESSO;10;2026-07-10;
SEFAZ - RECEITA;1316772026-3#BRENO WILLAMES CHAVES REIS#SAIDA DE VEICULO DA ALCMS#PROCESSO;11;2026-07-10;
SEFAZ - RECEITA;1314792026-7#FE INTERMEDIACAO E COMERCIO DE VEICULOS LTDA#SAIDA DE VEICULO DA ALCMS#PROCESSO;17;2026-07-10;
SEFAZ - RECEITA;1314802026-0#LOCACERTO SERVICOS LTDA#SAIDA DE VEICULO DA ALCMS#PROCESSO;17;2026-07-10;
SEFAZ - RECEITA;1315452026-0#ALVARO J DE SOUSA#SAIDA DE VEICULO DA ALCMS#PROCESSO;9;2026-07-10;
SEFAZ - RECEITA;1328162026-4#EDUARDO FORNER FIORE#SAIDA DE VEICULO DA ALCMS#PROCESSO;14;2026-07-10;
SEFAZ - RECEITA;1316932026-2#BANCO BRADESCO FINANCIAMENTO S.A#SAIDA DE VEICULO DA ALCMS#PROCESSO;25;2026-07-10;
SEFAZ - RECEITA;1316982026-5#RUTH DE ALMEIDA SANTOS#SAIDA DE VEICULO DA ALCMS#PROCESSO;8;2026-07-10;
SEFAZ - RECEITA;1316992026-0#HERNAN MACIEL DE OLIVEIRA FILHO#SAIDA DE VEICULO DA ALCMS#PROCESSO;9;2026-07-10;
SEFAZ - RECEITA;1315822026-1#ANAID MENEZES FIGUEIREDO#SAIDA DE VEICULO DA ALCMS#PROCESSO;12;2026-07-10;
SEFAZ - RECEITA;1316302026-7#BENEDITO LUIZ DE AQUINO#SAIDA DE VEICULO DA ALCMS#PROCESSO;11;2026-07-10;
SEFAZ - RECEITA;1316292026-4#ANDRADE & BRITO LTDA#SAIDA DE VEICULO DA ALCMS#PROCESSO;11;2026-07-10;
SEFAZ - RECEITA;1316182026-6#LUCIANO FERREIRA DUARTE#SAIDA DE VEICULO DA ALCMS#PROCESSO;11;2026-07-10;
SEFAZ - RECEITA;1316942026-7#SUYAN EVELYN DE SOUZA CHAVES#SAIDA DE VEICULO DA ALCMS#PROCESSO;8;2026-07-10;
SEFAZ - RECEITA;1315942026-4#RODRIGO DE SOUZA LIMA#SAIDA DE VEICULO DA ALCMS#PROCESSO;10;2026-07-10;
SEFAZ - RECEITA;1315912026-0#BIANCA CARVALHO SALES#SAIDA DE VEICULO DA ALCMS#PROCESSO;10;2026-07-10;
SEFAZ - RECEITA;1315922026-5#FRANCISCO ASSIS DE AGUIAR#SAIDA DE VEICULO DA ALCMS#PROCESSO;11;2026-07-10;
SEFAZ - RECEITA;1311592026-0#JOAO DA COSTA OLIVEIRA#SAIDA DE VEICULO DA ALCMS#PROCESSO;11;2026-07-10;
SEFAZ - RECEITA;1005392026-1#MONACO MOTOCENTER LAGOA COMERCIAL LTDA#AUTORIZAÇÃO PARA SAIDA DE VEICULO#PROCESSO;7;2026-07-10;
SEFAZ - RECEITA;0105252026-0#MONACO MOTOCENTER LAGOA COMERCIAL LTDA#AUTORIZAÇÃO PARA SAIDA DE VEICULO#PROCESSO;7;2026-07-10;
SEFAZ - RECEITA;0290092026-4#MARCOS PAULO DOS SANTOS SILVA#AUTORIZAÇÃO PARA SAIDA DE VEICULO#PROCESSO;7;2026-07-10;
SEFAZ - RECEITA;0291442026-9#LIVIA SICCU NASCIMENTO SALES#AUTORIZAÇÃO PARA SAIDA DE VEICULO#PROCESSO;15;2026-07-10;
SEFAZ - RECEITA;0291452026-3#DAISE SANTOS TUPINAMBA#AUTORIZAÇÃO PARA SAIDA DE VEICULO#PROCESSO;13;2026-07-10;
SEFAZ - RECEITA;0291512026-9#VINHOS & CO. LTDA#AUTORIZAÇÃO PARA SAIDA DE VEICULO#PROCESSO;12;2026-07-10;
SEFAZ - RECEITA;0294442026-7#MONACO MOTOCENTER LAGOA COMERCIAL LTDA#AUTORIZAÇÃO PARA SAIDA DE VEICULO#PROCESSO;7;2026-07-10;
SEFAZ - RECEITA;0294402026-9#MONACO MOTOCENTER LAGOA COMERCIAL LTDA#AUTORIZAÇÃO PARA SAIDA DE VEICULO#PROCESSO;7;2026-07-10;
SEFAZ - RECEITA;0294102026-8#MONACO MOTOCENTER LAGOA COMERCIAL LTDA#AUTORIZAÇÃO PARA SAIDA DE VEICULO#PROCESSO;7;2026-07-10;
SEFAZ - RECEITA;0293492026-7#MONACO MOTOCENTER LAGOA COMERCIAL LTDA#AUTORIZAÇÃO PARA SAIDA DE VEICULO#PROCESSO;7;2026-07-10;
SEFAZ - RECEITA;0293072026-3#MONACO MOTOCENTER LAGOA COMERCIAL LTDA#AUTORIZAÇÃO PARA SAIDA DE VEICULO#PROCESSO;7;2026-07-10;
SEFAZ - RECEITA;0293062026-9#MONACO MOTOCENTER LAGOA COMERCIAL LTDA#AUTORIZAÇÃO PARA SAIDA DE VEICULO#PROCESSO;9;2026-07-10;
SEFAZ - RECEITA;0294452026-1#MONACO MOTOCENTER LAGOA COMERCIAL LTDA#AUTORIZAÇÃO PARA SAIDA DE VEICULO#PROCESSO;7;2026-07-10;
SEFAZ - RECEITA;0351432026-8#VALBER SANTOS FONSECA#AUTORIZAÇÃO PARA SAIDA DE VEICULO#PROCESSO;8;2026-07-10;
SEFAZ - RECEITA;0352842026-0#PRISCILA PIRES VILHENA#AUTORIZAÇÃO PARA SAIDA DE VEICULO#PROCESSO;14;2026-07-10;
SEFAZ - RECEITA;0352922026-4#DUBAI AUTOMOvEIS LTDA#AUTORIZAÇÃO PARA SAIDA DE VEICULO#PROCESSO;14;2026-07-10;
SEFAZ - RECEITA;0106702026-8#MONACO MOTOCENTER LAGOA COMERCIAL LTDA#AUTORIZAÇÃO PARA SAIDA DE VEICULO#PROCESSO;7;2026-07-10;
SEFAZ - RECEITA;0103302026-5#MONACO MOTOCENTER LAGOA COMERCIAL LTDA#AUTORIZAÇÃO PARA SAIDA DE VEICULO#PROCESSO;9;2026-07-10;
SEFAZ - RECEITA;0103802026-3#MONACO MOTOCENTER LAGOA COMERCIAL LTDA#AUTORIZAÇÃO PARA SAIDA DE VEICULO#PROCESSO;9;2026-07-10;
SEFAZ - RECEITA;01037822026-6#MONACO MOTOCENTER LAGOA COMERCIAL LTDA#AUTORIZAÇÃO PARA SAIDA DE VEICULO#PROCESSO;9;2026-07-10;
SEFAZ - RECEITA;0102462026-3#MONACO MOTOCENTER LAGOA COMERCIAL LTDA#AUTORIZAÇÃO PARA SAIDA DE VEICULO#PROCESSO;9;2026-07-10;
SEFAZ - RECEITA;0107422026-9#MONACO MOTOCENTER LAGOA COMERCIAL LTDA#AUTORIZAÇÃO PARA SAIDA DE VEICULO#PROCESSO;8;2026-07-10;
SEFAZ - RECEITA;0105242026-5#MONACO MOTOCENTER LAGOA COMERCIAL LTDA#AUTORIZAÇÃO PARA SAIDA DE VEICULO#PROCESSO;8;2026-07-10;
SEFAZ - RECEITA;0105212026-1#MONACO MOTOCENTER LAGOA COMERCIAL LTDA#AUTORIZAÇÃO PARA SAIDA DE VEICULO#PROCESSO;9;2026-07-10;
SEFAZ - RECEITA;0105012026-4#MONACO MOTOCENTER LAGOA COMERCIAL LTDA#AUTORIZAÇÃO PARA SAIDA DE VEICULO#PROCESSO;7;2026-07-10;
SEFAZ - RECEITA;0104352026-0#MONACO MOTOCENTER LAGOA COMERCIAL LTDA#AUTORIZAÇÃO PARA SAIDA DE VEICULO#PROCESSO;8;2026-07-10;
SEFAZ - RECEITA;0103892026-4#MONACO MOTOCENTER LAGOA COMERCIAL LTDA#AUTORIZAÇÃO PARA SAIDA DE VEICULO#PROCESSO;7;2026-07-10;
SEFAZ - RECEITA;0103882026-0#MONACO MOTOCENTER LAGOA COMERCIAL LTDA#AUTORIZAÇÃO PARA SAIDA DE VEICULO#PROCESSO;7;2026-07-10;
SEFAZ - RECEITA;0103812026-8#MONACO MOTOCENTER LAGOA COMERCIAL LTDA#AUTORIZAÇÃO PARA SAIDA DE VEICULO#PROCESSO;8;2026-07-10;
SEFAZ - RECEITA;0103862026-0#MONACO MOTOCENTER LAGOA COMERCIAL LTDA#AUTORIZAÇÃO PARA SAIDA DE VEICULO#PROCESSO;8;2026-07-10;
SEFAZ - RECEITA;0102452026-9#MONACO MOTOCENTER LAGOA COMERCIAL LTDA#AUTORIZAÇÃO PARA SAIDA DE VEICULO#PROCESSO;8;2026-07-10;
SEFAZ - RECEITA;0102902026-4#MONACO MOTOCENTER LAGOA COMERCIAL LTDA#AUTORIZAÇÃO PARA SAIDA DE VEICULO#PROCESSO;8;2026-07-10;
SEFAZ - RECEITA;0103752026-2#MONACO MOTOCENTER LAGOA COMERCIAL LTDA#AUTORIZAÇÃO PARA SAIDA DE VEICULO#PROCESSO;8;2026-07-10;
SEFAZ - RECEITA;0102432026-0#MONACO MOTOCENTER LAGOA COMERCIAL LTDA#AUTORIZAÇÃO PARA SAIDA DE VEICULO#PROCESSO;10;2026-07-10;
SEFAZ - RECEITA;02874522026-8#CONQUISTA MOTOS E MOTORES LTDA#AUTORIZAÇÃO PARA SAIDA DE VEICULO#PROCESSO;10;2026-07-10;
SEFAZ - RECEITA;0288602026-5#CONQUISTA MOTOS E MOTORES LTDA#AUTORIZAÇÃO PARA SAIDA DE VEICULO#PROCESSO;9;2026-07-10;
SEFAZ - RECEITA;0288592026-2#CONQUISTA MOTOS E MOTORES LTDA#AUTORIZAÇÃO PARA SAIDA DE VEICULO#PROCESSO;9;2026-07-10;
SEFAZ - RECEITA;0288582026-8#CONQUISTA MOTOS E MOTORES LTDA#AUTORIZAÇÃO PARA SAIDA DE VEICULO#PROCESSO;9;2026-07-10;
SEFAZ - RECEITA;0288092026-4#CONQUISTA MOTOS E MOTORES LTDA#AUTORIZAÇÃO PARA SAIDA DE VEICULO#PROCESSO;10;2026-07-10;
SEFAZ - RECEITA;0287222026-7#CONQUISTA MOTOS E MOTORES LTDA#AUTORIZAÇÃO PARA SAIDA DE VEICULO#PROCESSO;9;2026-07-10;
SEFAZ - RECEITA;0287242026-6#CONQUISTA MOTOS E MOTORES LTDA#AUTORIZAÇÃO PARA SAIDA DE VEICULO#PROCESSO;10;2026-07-10;
SEFAZ - RECEITA;0288572026-3#CONQUISTA MOTOS E MOTORES LTDA#AUTORIZAÇÃO PARA SAIDA DE VEICULO#PROCESSO;10;2026-07-10;
SEFAZ - RECEITA;0105272026-9#MONACO MOTOCENTER LAGOA COMERCIAL LTDA#AUTORIZAÇÃO PARA SAIDA DE VEICULO#PROCESSO;7;2026-07-10;
SEFAZ - RECEITA;0105302026-0#MONACO MOTOCENTER LAGOA COMERCIAL LTDA#AUTORIZAÇÃO PARA SAIDA DE VEICULO#PROCESSO;7;2026-07-10;
SEFAZ - RECEITA;0105312026-5#MONACO MOTOCENTER LAGOA COMERCIAL LTDA#AUTORIZAÇÃO PARA SAIDA DE VEICULO#PROCESSO;8;2026-07-10;
SEFAZ - RECEITA;0105332026-4#MONACO MOTOCENTER LAGOA COMERCIAL LTDA#AUTORIZAÇÃO PARA SAIDA DE VEICULO#PROCESSO;8;2026-07-10;
SEFAZ - RECEITA;0105352026-3#MONACO MOTOCENTER LAGOA COMERCIAL LTDA#AUTORIZAÇÃO PARA SAIDA DE VEICULO#PROCESSO;7;2026-07-10;
SEFAZ - RECEITA;0105362026-8#MONACO MOTOCENTER LAGOA COMERCIAL LTDA#AUTORIZAÇÃO PARA SAIDA DE VEICULO#PROCESSO;7;2026-07-10;
SEFAZ - RECEITA;0105942026-0#MONACO MOTOCENTER LAGOA COMERCIAL LTDA#AUTORIZAÇÃO PARA SAIDA DE VEICULO#PROCESSO;7;2026-07-10;
SEFAZ - RECEITA;0106682026-0#MONACO MOTOCENTER LAGOA COMERCIAL LTDA#AUTORIZAÇÃO PARA SAIDA DE VEICULO#PROCESSO;7;2026-07-10;
SEFAZ - RECEITA;0762892026-8#MARCELINO DE SOUZA PEREIRA#AUTORIZAÇÃO PARA SAIDA DE VEICULO#PROCESSO;7;2026-07-10;
SEFAZ - RECEITA;0787452026-2#CONQUISTA MOTOS E MOTORES LTDA#AUTORIZAÇÃO PARA SAIDA DE VEICULO#PROCESSO;11;2026-07-10;
SEFAZ - RECEITA;0787492026-0#CONQUISTA MOTOS E MOTORES LTDA#AUTORIZAÇÃO PARA SAIDA DE VEICULO#PROCESSO;11;2026-07-10;
SEFAZ - RECEITA;0787442026-8#CONQUISTA MOTOS E MOTORES LTDA#AUTORIZAÇÃO PARA SAIDA DE VEICULO#PROCESSO;11;2026-07-10;
SEFAZ - RECEITA;0787472026-1#CONQUISTA MOTOS E MOTORES LTDA#AUTORIZAÇÃO PARA SAIDA DE VEICULO#PROCESSO;11;2026-07-10;
SEFAZ - RECEITA;0787502026-3#CONQUISTA MOTOS E MOTORES LTDA#AUTORIZAÇÃO PARA SAIDA DE VEICULO#PROCESSO;9;2026-07-10;
SEFAZ - RECEITA;0787512026-8#CONQUISTA MOTOS E MOTORES LTDA#AUTORIZAÇÃO PARA SAIDA DE VEICULO#PROCESSO;11;2026-07-10;
SEFAZ - RECEITA;0812352026-3#HERON DE SOUZA MOURA#AUTORIZAÇÃO PARA SAIDA DE VEICULO#PROCESSO;10;2026-07-10;
SEFAZ - RECEITA;0810322026-4#MONACO MOTOCENTER LAGOA COMERCIAL LTDA#AUTORIZAÇÃO PARA SAIDA DE VEICULO#PROCESSO;7;2026-07-10;
SEFAZ - RECEITA;0810292026-2#MONACO MOTOCENTER LAGOA COMERCIAL LTDA#AUTORIZAÇÃO PARA SAIDA DE VEICULO#PROCESSO;7;2026-07-10;
SEFAZ - RECEITA;0810302026-5#MONACO MOTOCENTER LAGOA COMERCIAL LTDA#AUTORIZAÇÃO PARA SAIDA DE VEICULO#PROCESSO;7;2026-07-10;
SEFAZ - RECEITA;0814242026-0#GOIAS SERVICOS E CONSTRUCAO#AUTORIZAÇÃO PARA SAIDA DE VEICULO#PROCESSO;16;2026-07-10;
SEFAZ - RECEITA;0814262026-0#SEBASTIAO MIRANDA NETO-ME#AUTORIZAÇÃO PARA SAIDA DE VEICULO#PROCESSO;20;2026-07-10;
SEFAZ - RECEITA;0812242026-5#ANDRE AUGUSTO LOPES DE AGUIAR#AUTORIZAÇÃO PARA SAIDA DE VEICULO#PROCESSO;16;2026-07-10;
SEFAZ - RECEITA;0715722026-1#VALMIR FERREIRA SARGES#AUTORIZAÇÃO PARA SAIDA DE VEICULO#PROCESSO;12;2026-07-10;
SEFAZ - RECEITA;0646182026-4#DORIVANA BARBOSA ALVES#AUTORIZAÇÃO PARA SAIDA DE VEICULO#PROCESSO;6;2026-07-10;
SEFAZ - RECEITA;0645632026-7#CARLOS PONTE GOMES#AUTORIZAÇÃO PARA SAIDA DE VEICULO#PROCESSO;8;2026-07-10;
SEFAZ - RECEITA;0646782026-6#ALVARO J DE SOUSA#AUTORIZAÇÃO PARA SAIDA DE VEICULO#PROCESSO;16;2026-07-10;
SEFAZ - RECEITA;0762162026-9#BANCO PAN SA#AUTORIZAÇÃO PARA SAIDA DE VEICULO#PROCESSO;17;2026-07-10;
SEFAZ - RECEITA;0761652026-0#BANCO PAN SA#AUTORIZAÇÃO PARA SAIDA DE VEICULO#PROCESSO;17;2026-07-10;
SEFAZ - RECEITA;0740132026-6#-#AUTORIZAÇÃO PARA SAIDA DE VEICULO#PROCESSO;12;2026-07-10;
SEFAZ - RECEITA;0737892026-6#CELINA MARIA RIBEIRO DE FARIAS AUGUSTIN#AUTORIZAÇÃO PARA SAIDA DE VEICULO#PROCESSO;10;2026-07-10;
SEFAZ - RECEITA;0739822026-0#EDNA DE OLIVEIRA GOMES MACIEL#AUTORIZAÇÃO PARA SAIDA DE VEICULO#PROCESSO;17;2026-07-10;
SEFAZ - RECEITA;0739832026-4#JARDEL COUTINHO BARBOZA COSTA#AUTORIZAÇÃO PARA SAIDA DE VEICULO#PROCESSO;17;2026-07-10;
SEFAZ - RECEITA;0739872026-2#RONATHAN MAIA DE DEUS#AUTORIZAÇÃO PARA SAIDA DE VEICULO#PROCESSO;20;2026-07-10;
SEFAZ - RECEITA;0739872026-1#MARCOS VINICIUS MARTINS GOMES#AUTORIZAÇÃO PARA SAIDA DE VEICULO#PROCESSO;20;2026-07-10;
SEFAZ - RECEITA;0765482026-7#FRANCISCO MARTINS DE SOUZA#AUTORIZAÇÃO PARA SAIDA DE VEICULO#PROCESSO;12;2026-07-10;
SEFAZ - RECEITA;0916662026-0#ROSEMARY SOUZA DE ALMEIDA#AUTORIZAÇÃO PARA SAIDA DE VEICULO#PROCESSO;15;2026-07-10;
SEFAZ - RECEITA;0916312026-7#KARLIDON HUMBERTO DA SILVA#AUTORIZAÇÃO PARA SAIDA DE VEICULO#PROCESSO;10;2026-07-10;
SEFAZ - RECEITA;0916082026-8#WANDER LUIZ SOUZA#AUTORIZAÇÃO PARA SAIDA DE VEICULO#PROCESSO;14;2026-07-10;
SEFAZ - RECEITA;0912092026-1#SONIA MARIA DAS NEVES#AUTORIZAÇÃO PARA SAIDA DE VEICULO#PROCESSO;9;2026-07-10;
SEFAZ - RECEITA;0911762026-0#LAVOISIER VIGARIO DE MELO#AUTORIZAÇÃO PARA SAIDA DE VEICULO#PROCESSO;10;2026-07-10;
SEFAZ - RECEITA;0911752026-6#JOAO MARTINS DARMACIO#AUTORIZAÇÃO PARA SAIDA DE VEICULO#PROCESSO;13;2026-07-10;
SEFAZ - RECEITA;0911742026-1#EDILSON SILVA BOAVENTURA#AUTORIZAÇÃO PARA SAIDA DE VEICULO#PROCESSO;11;2026-07-10;
SEFAZ - RECEITA;0911492026-3#ANTONIO LUCIANO ALVES ASSUNÇÃO#AUTORIZAÇÃO PARA SAIDA DE VEICULO#PROCESSO;14;2026-07-10;
SEFAZ - RECEITA;0911592026-7#DULCIRENE DE SOUZA BORGES#AUTORIZAÇÃO PARA SAIDA DE VEICULO#PROCESSO;13;2026-07-10;
SEFAZ - RECEITA;0904602026-6#MONACO MOTOCENTER LAGOA COMERCIAL LTDA#AUTORIZAÇÃO PARA SAIDA DE VEICULO#PROCESSO;7;2026-07-10;
SEFAZ - RECEITA;0904632026-0#MONACO MOTOCENTER LAGOA COMERCIAL LTDA#AUTORIZAÇÃO PARA SAIDA DE VEICULO#PROCESSO;7;2026-07-10;
SEFAZ - RECEITA;0904862026-0#RITA ALVES DE QUEIROZ#AUTORIZAÇÃO PARA SAIDA DE VEICULO#PROCESSO;10;2026-07-10;
SEFAZ - RECEITA;0904922026-6#AYMORE CREDITO FINANCEIRO E INVESTIMENTO SA#AUTORIZAÇÃO PARA SAIDA DE VEICULO#PROCESSO;19;2026-07-10;
SEFAZ - RECEITA;0904372026-7#JO SOUZA DA SILVA#AUTORIZAÇÃO PARA SAIDA DE VEICULO#PROCESSO;13;2026-07-10;
SEFAZ - RECEITA;0911082026-4#MONACO MOTOCENTER LAGOA COMERCIAL LTDA#AUTORIZAÇÃO PARA SAIDA DE VEICULO#PROCESSO;21;2026-07-10;
SEFAZ - RECEITA;0910982026-4#MONACO MOTOCENTER LAGOA COMERCIAL LTDA#AUTORIZAÇÃO PARA SAIDA DE VEICULO#PROCESSO;14;2026-07-10;
SEFAZ - RECEITA;0907802026-1#MONACO MOTOCENTER LAGOA COMERCIAL LTDA#AUTORIZAÇÃO PARA SAIDA DE VEICULO#PROCESSO;7;2026-07-10;
SEFAZ - RECEITA;0907792026-9#MONACO MOTOCENTER LAGOA COMERCIAL LTDA#AUTORIZAÇÃO PARA SAIDA DE VEICULO#PROCESSO;7;2026-07-10;
SEFAZ - RECEITA;0907782026-4#MONACO MOTOCENTER LAGOA COMERCIAL LTDA#AUTORIZAÇÃO PARA SAIDA DE VEICULO#PROCESSO;8;2026-07-10;
SEFAZ - RECEITA;0907762026-5#MONACO MOTOCENTER LAGOA COMERCIAL LTDA#AUTORIZAÇÃO PARA SAIDA DE VEICULO#PROCESSO;7;2026-07-10;
SEFAZ - RECEITA;0907712026-2#MONACO MOTOCENTER LAGOA COMERCIAL LTDA#AUTORIZAÇÃO PARA SAIDA DE VEICULO#PROCESSO;9;2026-07-10;
SEFAZ - RECEITA;0907722026-7#MONACO MOTOCENTER LAGOA COMERCIAL LTDA#AUTORIZAÇÃO PARA SAIDA DE VEICULO#PROCESSO;8;2026-07-10;
SEFAZ - RECEITA;0908162026-6#A. E. SIMOES AROUCHE LTDA#AUTORIZAÇÃO PARA SAIDA DE VEICULO#PROCESSO;10;2026-07-10;
SEFAZ - RECEITA;0907882026-8#FRANCISCO ALVES DE BRITO#AUTORIZAÇÃO PARA SAIDA DE VEICULO#PROCESSO;9;2026-07-10;
SEFAZ - RECEITA;0911132026-5#MONACO MOTOCENTER LAGOA COMERCIAL LTDA#AUTORIZAÇÃO PARA SAIDA DE VEICULO#PROCESSO;7;2026-07-10;
SEFAZ - RECEITA;0911282026-1#MONACO MOTOCENTER LAGOA COMERCIAL LTDA#AUTORIZAÇÃO PARA SAIDA DE VEICULO#PROCESSO;7;2026-07-10;
SEFAZ - RECEITA;0911292026-6#MONACO MOTOCENTER LAGOA COMERCIAL LTDA#AUTORIZAÇÃO PARA SAIDA DE VEICULO#PROCESSO;7;2026-07-10;
SEFAZ - RECEITA;0911322026-8#MONACO MOTOCENTER LAGOA COMERCIAL LTDA#AUTORIZAÇÃO PARA SAIDA DE VEICULO#PROCESSO;7;2026-07-10;
SEFAZ - RECEITA;0911332026-2#MONACO MOTOCENTER LAGOA COMERCIAL LTDA#AUTORIZAÇÃO PARA SAIDA DE VEICULO#PROCESSO;7;2026-07-10;
SEFAZ - RECEITA;0911362026-6#MONACO MOTOCENTER LAGOA COMERCIAL LTDA#AUTORIZAÇÃO PARA SAIDA DE VEICULO#PROCESSO;7;2026-07-10;
SEFAZ - RECEITA;0911372026-0#MONACO MOTOCENTER LAGOA COMERCIAL LTDA#AUTORIZAÇÃO PARA SAIDA DE VEICULO#PROCESSO;8;2026-07-10;
SEFAZ - RECEITA;0597072026-7#LUZIEL DOS REIS NASCIMENTO#AUTORIZAÇÃO PARA SAIDA DE VEICULO#PROCESSO;10;2026-07-10;
SEFAZ - RECEITA;0620452026-1#MONACO MOTOCENTER LAGOA COMERCIAL LTDA#AUTORIZAÇÃO PARA SAIDA DE VEICULO#PROCESSO;7;2026-07-10;
SEFAZ - RECEITA;0620422026-8#MONACO MOTOCENTER LAGOA COMERCIAL LTDA#AUTORIZAÇÃO PARA SAIDA DE VEICULO#PROCESSO;7;2026-07-10;
SEFAZ - RECEITA;0619942026-8#MONACO MOTOCENTER LAGOA COMERCIAL LTDA#AUTORIZAÇÃO PARA SAIDA DE VEICULO#PROCESSO;8;2026-07-10;
SEFAZ - RECEITA;0621142026-9#LETICIA MARTINS GOMES#AUTORIZAÇÃO PARA SAIDA DE VEICULO#PROCESSO;10;2026-07-10;
SEFAZ - RECEITA;0737872026-7#J. B. LAJES PGTU LTDA#AUTORIZAÇÃO PARA SAIDA DE VEICULO#PROCESSO;18;2026-07-10;
SEFAZ - RECEITA;0761602026-7#J. DA SILVA F. ROCHA LTDA#AUTORIZAÇÃO PARA SAIDA DE VEICULO#PROCESSO;15;2026-07-10;
SEFAZ - RECEITA;0741012026-6#AMANDA SOUSA MACHADO#AUTORIZAÇÃO PARA SAIDA DE VEICULO#PROCESSO;12;2026-07-10;
SEFAZ - RECEITA;0735702026-6#JEZIEL DE SOUSA LOPES#AUTORIZAÇÃO PARA SAIDA DE VEICULO#PROCESSO;15;2026-07-10;
SEFAZ - RECEITA;0735712026-0#ADALTO SOARES FERREIRA#AUTORIZAÇÃO PARA SAIDA DE VEICULO#PROCESSO;14;2026-07-10;
SEFAZ - RECEITA;0715752026-5#LUCAS MACIEL PICANÇO#AUTORIZAÇÃO PARA SAIDA DE VEICULO#PROCESSO;14;2026-07-10;
SEFAZ - RECEITA;0572052026-0#IVANILDO BERNANEY BARRETO DIAS#AUTORIZAÇÃO PARA SAIDA DE VEICULO#PROCESSO;10;2026-07-10;
SEFAZ - RECEITA;0574432026-1#CONQUISTA MOTOS E MOTORES LTDA#AUTORIZAÇÃO PARA SAIDA DE VEICULO#PROCESSO;9;2026-07-10;
SEFAZ - RECEITA;0595782026-1#EVANDRO FAVACHO DE ALMEIDA#AUTORIZAÇÃO PARA SAIDA DE VEICULO#PROCESSO;7;2026-07-10;
SEFAZ - RECEITA;0599132026-8#MARIA DO SOCORRO FERREIRA BARBOSA#AUTORIZAÇÃO PARA SAIDA DE VEICULO#PROCESSO;11;2026-07-10;
SEFAZ - RECEITA;0597742026-9#MONACO MOTOCENTER LAGOA COMERCIAL LTDA#AUTORIZAÇÃO PARA SAIDA DE VEICULO#PROCESSO;9;2026-07-10;
SEFAZ - RECEITA;0597682026-3#CIA DESENV. DOS VALES S FRANC. E PARNAIBA#AUTORIZAÇÃO PARA SAIDA DE VEICULO#PROCESSO;65;2026-07-10;
SEFAZ - RECEITA;0597652026-0#CIA DESENV. DOS VALES S FRANC. E PARNAIBA#AUTORIZAÇÃO PARA SAIDA DE VEICULO#PROCESSO;63;2026-07-10;
SEFAZ - RECEITA;0596512026-5#SHEILA DA CONCEIÇÃO SILVA RODRIGUES#AUTORIZAÇÃO PARA SAIDA DE VEICULO#PROCESSO;10;2026-07-10;
SEFAZ - RECEITA;9170112025-9#BRASIL NORTE BEBIDAS#COPIA REPROG. OU SEMELHANTE DE PROCESSO#PROCESSO;20;2026-07-10;
SEFAZ - RECEITA;9230042025-2#BRASIL NORTE BEBIDAS#COPIA REPROG. OU SEMELHANTE DE PROCESSO#PROCESSO;13;2026-07-10;
SEFAZ - RECEITA;8935132025-1#BRASIL NORTE BEBIDAS SA#COPIA REPROG. OU SEMELHANTE DE PROCESSO#PROCESSO;21;2026-07-10;
SEFAZ - RECEITA;2460252026-0#MABEZA COMPANY LTDA#AUTORIZAÇÃO PARA SAIDA DE VEICULO#PROCESSO;25;2026-07-10;
SEFAZ - RECEITA;2461482026-3#MONACO MOTOCENTER LAGOA COMERCIAL LTDA#AUTORIZAÇÃO PARA SAIDA DE VEICULO#PROCESSO;7;2026-07-10;
SEFAZ - RECEITA;2461422026-6#MONACO MOTOCENTER LAGOA COMERCIAL LTDA#AUTORIZAÇÃO PARA SAIDA DE VEICULO#PROCESSO;8;2026-07-10;
SEFAZ - RECEITA;2461112026-0#MONACO MOTOCENTER LAGOA COMERCIAL LTDA#AUTORIZAÇÃO PARA SAIDA DE VEICULO#PROCESSO;8;2026-07-10;
SEFAZ - RECEITA;0263842023-9#NUTRIAMA LTDA#CONSULTA FORMULADA#PROCESSO;43;2026-07-10;
SEFAZ - RECEITA;0263852023-3#NUTRIAMA LTDA#CONSULTA FORMULADA#PROCESSO;41;2026-07-10;
SEFAZ - RECEITA;0263862023-8#NUTRIAMA LTDA#CONSULTA FORMULADA#PROCESSO;45;2026-07-10;
SEFAZ - RECEITA;1315842026-0#ROCA SANITARIOS BRASIL LTDA#ALTERAÇÃO CADASTRAL#PROCESSO;14;2026-07-10;
SEFAZ - RECEITA;2361382026-9#POTENGI EMPREENDIMENTOS EIRELI#AUTORIZAÇAO SAIDA VEICULO#PROCESSO;25;2026-07-10;
SEFAZ - RECEITA;2239982026-6#AGILSON S. DE OLIVEIRA ME#AUTORIZAÇAO SAIDA VEICULO#PROCESSO;17;2026-07-10;
SEFAZ - RECEITA;2216702026-0#M. E. N VIANA LTDA#AUTORIZAÇAO SAIDA VEICULO#PROCESSO;14;2026-07-10;
SEFAZ - RECEITA;2217192026-2#MONACO MOTOCENTER LAGOA COMERCIAL LTDA#AUTORIZAÇAO SAIDA VEICULO#PROCESSO;7;2026-07-10;
SEFAZ - RECEITA;2059902026-1#RICARDO NEGRAO PANTOJA#AUTORIZAÇAO SAIDA VEICULO#PROCESSO;22;2026-07-10;
SEFAZ - RECEITA;2059922026-0#MATEUS MOTA BARROS#AUTORIZAÇAO SAIDA VEICULO#PROCESSO;22;2026-07-10;
SEFAZ - RECEITA;1947802026-9#GRACILENE DORIA DA SILVA#AUTORIZAÇAO SAIDA VEICULO#PROCESSO;9;2026-07-10;
SEFAZ - RECEITA;1948232026-3#VIVIANE MIYAMURA#AUTORIZAÇAO SAIDA VEICULO#PROCESSO;30;2026-07-10;
SEFAZ - RECEITA;2831262026-5#CASA VIDRO E ALUMINIO LTDA#AUTORIZAÇAO SAIDA VEICULO#PROCESSO;27;2026-07-10;
SEFAZ - RECEITA;2815172026-3#CONQUISTA MOTOS E MOTORES LTDA#AUTORIZAÇAO SAIDA VEICULO#PROCESSO;10;2026-07-10;
SEFAZ - RECEITA;2814892026-5#CONQUISTA MOTOS E MOTORES LTDA#AUTORIZAÇAO SAIDA VEICULO#PROCESSO;10;2026-07-10;
SEFAZ - RECEITA;2814812026-9#CONQUISTA MOTOS E MOTORES LTDA#AUTORIZAÇAO SAIDA VEICULO#PROCESSO;10;2026-07-10;
SEFAZ - RECEITA;3025322026-2#ANDERSON RAMOS GOMES#AUTORIZAÇAO SAIDA VEICULO#PROCESSO;11;2026-07-10;
SEFAZ - RECEITA;2861492026-1#ANA CRISTINA SILVA BORGES#AUTORIZAÇAO SAIDA VEICULO#PROCESSO;13;2026-07-10;
SEFAZ - RECEITA;2359592026-0#CONQUISTA MOTOS E MOTORES LTDA#AUTORIZAÇAO SAIDA VEICULO#PROCESSO;10;2026-07-10;
SEFAZ - RECEITA;2359582026-6#CONQUISTA MOTOS E MOTORES LTDA#AUTORIZAÇAO DE SAIDA VEICULO ALCMS#PROCESSO;10;2026-07-10;
SEFAZ - RECEITA;2337012026-7#ALOISIO SOARES PANTOJA#AUTORIZAÇAO DE SAIDA VEICULO ALCMS#PROCESSO;12;2026-07-10;
SEFAZ - RECEITA;2726312026-7#AYMORE CREDITO FINANCIAMENTO E INVESTIMENTO S A#AUTORIZACAO DE SAIDA DE VEICULO DA ALCMS#PROCESSO;15;2026-07-10;
SEFAZ - RECEITA;2708892026-3#E. PIERRE BARBOSA#AUTORIZACAO DE SAIDA DE VEICULO DA ALCMS#PROCESSO;20;2026-07-10;
SEFAZ - RECEITA;2996022026-5#ALLIANZ SEGUROS-AGF BRASIL SEGUROS#AUTORIZACAO DE SAIDA DE VEICULO DA ALCMS#PROCESSO;21;2026-07-10;
SEFAZ - RECEITA;3009012026-4#FRANCISCO DE BRITO VIEIRA#AUTORIZACAO DE SAIDA DE VEICULO DA ALCMS#PROCESSO;16;2026-07-10;
SEFAZ - RECEITA;3009332026-4#EDIELSON DE SOUZA MARTINS-ME#AUTORIZACAO DE SAIDA DE VEICULO DA ALCMS#PROCESSO;11;2026-07-10;
SEFAZ - RECEITA;2996472026-2#DAIANA MONIQUE FREIRE MACEDO#AUTORIZACAO DE SAIDA DE VEICULO DA ALCMS#PROCESSO;10;2026-07-10;
SEFAZ - RECEITA;2977482026-6#CONQUISTA MOTOS E MOTORES LTDA#AUTORIZACAO DE SAIDA DE VEICULO DA ALCMS#PROCESSO;10;2026-07-10;
SEFAZ - RECEITA;2887002026-6#CONQUISTA MOTOS E MOTORES LTDA#AUTORIZACAO DE SAIDA DE VEICULO DA ALCMS#PROCESSO;10;2026-07-10;
SEFAZ - RECEITA;2887052026-9#CONQUISTA MOTOS E MOTORES LTDA#AUTORIZACAO DE SAIDA DE VEICULO DA ALCMS#PROCESSO;10;2026-07-10;
SEFAZ - RECEITA;2885922026-2#JOAO DUARTE CRISPIM#AUTORIZACAO DE SAIDA DE VEICULO DA ALCMS#PROCESSO;8;2026-07-10;
SEFAZ - RECEITA;2888332026-3#GUERRA MOTORS LTDA#AUTORIZACAO DE SAIDA DE VEICULO DA ALCMS#PROCESSO;15;2026-07-10;
SEFAZ - RECEITA;2887162026-7#MARLENE LIMA DE SOUZA#AUTORIZACAO DE SAIDA DE VEICULO DA ALCMS#PROCESSO;11;2026-07-10;
SEFAZ - RECEITA;2887142026-8#JOSE VITOR DA SILVA DOS SANTOS#AUTORIZACAO DE SAIDA DE VEICULO DA ALCMS#PROCESSO;9;2026-07-10;
SEFAZ - RECEITA;PROCESSO Nº 0089582014;80;2026-07-10;
SEFAZ - RECEITA;2193212026-2#BACABA VEICULOS LTDA#AUTORIZAÇÃO PARA SAIDA DE VEICULO#PROCESSO;17;2026-07-10;
SEFAZ - RECEITA;2193492026-6#MISO VEICULOS LTDA#AUTORIZAÇÃO PARA SAIDA DE VEICULO#PROCESSO;17;2026-07-10;
SEFAZ - RECEITA;2193472025-7#VIA MARCONI VEICULOS LTDA#AUTORIZAÇÃO PARA SAIDA DE VEICULO#PROCESSO;17;2026-07-10;
SEFAZ - RECEITA;2241192026-1#BANCO BRADESCO FINANCIAMENTOS SA#AUTORIZAÇÃO PARA SAIDA DE VEICULO#PROCESSO;16;2026-07-10;
SEFAZ - RECEITA;2241222026-3#CONSORCIO NACIONAL HONDA LTDA#AUTORIZAÇÃO PARA SAIDA DE VEICULO#PROCESSO;19;2026-07-10;
SEFAZ - RECEITA;2241132026-4#VANILZA SANTOS MORAES#AUTORIZAÇÃO PARA SAIDA DE VEICULO#PROCESSO;22;2026-07-10;
SEFAZ - RECEITA;2241112026-5#RUAN MATHEUS PORTAL TOURINHO#AUTORIZAÇÃO PARA SAIDA DE VEICULO#PROCESSO;22;2026-07-10;
SEFAZ - RECEITA;2240802026-3#PEDRO SOUSA DOS SANTOS#AUTORIZAÇÃO PARA SAIDA DE VEICULO#PROCESSO;22;2026-07-10;
SEFAZ - RECEITA;2240902026-7#HIAGO MOGUEL BARBOSA DE SOUSA#AUTORIZAÇÃO PARA SAIDA DE VEICULO#PROCESSO;22;2026-07-10;
SEFAZ - RECEITA;2241072026-9#ALEF COSTA VIEIRA#AUTORIZAÇÃO PARA SAIDA DE VEICULO#PROCESSO;21;2026-07-10;
SEFAZ - RECEITA;2241082026-3#FABRICIO DA SILVA NERES#AUTORIZAÇÃO PARA SAIDA DE VEICULO#PROCESSO;22;2026-07-10;
SEFAZ - RECEITA;2241232026-8#MARCIA CRISTINA SILVA LOBATO#AUTORIZAÇÃO PARA SAIDA DE VEICULO#PROCESSO;8;2026-07-10;
SEFAZ - RECEITA;2241502026-5#R & B SERVIÇOS DE TELECOMUNICAÇÃO LTDA-EPP#AUTORIZAÇÃO PARA SAIDA DE VEICULO#PROCESSO;19;2026-07-10;
SEFAZ - RECEITA;2800222026-9#BANCO PAN SA#AUTORIZAÇÃO PARA SAIDA DE VEICULO#PROCESSO;21;2026-07-10;
SEFAZ - RECEITA;2798802026-9#MONACO MOTOCENTER LAGOA COMERCIAL LTDA#AUTORIZAÇÃO PARA SAIDA DE VEICULO#PROCESSO;6;2026-07-10;
SEFAZ - RECEITA;2798662026-9#MONACO MOTOCENTER LAGOA COMERCIAL LTDA#AUTORIZAÇÃO PARA SAIDA DE VEICULO#PROCESSO;7;2026-07-10;
SEFAZ - RECEITA;2798432026-8#MONACO MOTOCENTER LAGOA COMERCIAL LTDA#AUTORIZAÇÃO PARA SAIDA DE VEICULO#PROCESSO;7;2026-07-10;
SEFAZ - RECEITA;2798372026-2#MONACO MOTOCENTER LAGOA COMERCIAL LTDA#AUTORIZAÇÃO PARA SAIDA DE VEICULO#PROCESSO;7;2026-07-10;
SEFAZ - RECEITA;2798392026-1#MONACO MOTOCENTER LAGOA COMERCIAL LTDA#AUTORIZAÇÃO PARA SAIDA DE VEICULO#PROCESSO;7;2026-07-10;
SEFAZ - RECEITA;2798382026-7#MONACO MOTOCENTER LAGOA COMERCIAL LTDA#AUTORIZAÇÃO PARA SAIDA DE VEICULO#PROCESSO;7;2026-07-10;
SEFAZ - RECEITA;2798442026-2#MONACO MOTOCENTER LAGOA COMERCIAL LTDA#AUTORIZAÇÃO PARA SAIDA DE VEICULO#PROCESSO;7;2026-07-10;
SEFAZ - RECEITA;2798612026-6#MONACO MOTOCENTER LAGOA COMERCIAL LTDA#AUTORIZAÇÃO PARA SAIDA DE VEICULO#PROCESSO;7;2026-07-10;
SEFAZ - RECEITA;2798472026-6#MONACO MOTOCENTER LAGOA COMERCIAL LTDA#AUTORIZAÇÃO PARA SAIDA DE VEICULO#PROCESSO;7;2026-07-10;
SEFAZ - RECEITA;2798792026-6#ELDORADO VEICULOS E PEÇAS LTDA#AUTORIZAÇÃO PARA SAIDA DE VEICULO#PROCESSO;7;2026-07-10;
SEFAZ - RECEITA;2725942026-0#ODIR FERREIRA PALHETA#AUTORIZAÇÃO PARA SAIDA DE VEICULO#PROCESSO;12;2026-07-10;
SEFAZ - RECEITA;2728342026-6#ELDORADO VEICULOS E PEÇAS LTDA#AUTORIZAÇÃO PARA SAIDA DE VEICULO#PROCESSO;8;2026-07-10;
SEFAZ - RECEITA;2728322026-7#ELDORADO VEICULOS E PEÇAS LTDA#AUTORIZAÇÃO PARA SAIDA DE VEICULO#PROCESSO;8;2026-07-10;
SEFAZ - RECEITA;2728302026-8#ELDORADO VEICULOS E PEÇAS LTDA#AUTORIZAÇÃO PARA SAIDA DE VEICULO#PROCESSO;8;2026-07-10;
SEFAZ - RECEITA;2728132026-4#ELDORADO VEICULOS E PEÇAS LTDA#AUTORIZAÇÃO PARA SAIDA DE VEICULO#PROCESSO;8;2026-07-10;
SEFAZ - RECEITA;2726452006-6#AYMORE CREDITO FINANCEIRO E INVESTIMENTO S A#AUTORIZAÇÃO PARA SAIDA DE VEICULO#PROCESSO;21;2026-07-10;
SEFAZ - RECEITA;2726762026-4#RECHE GALDEANO & CIA LTDA#AUTORIZAÇÃO PARA SAIDA DE VEICULO#PROCESSO;10;2026-07-10;
SEFAZ - RECEITA;2726852026-3#RECHE GALDEANO & CIA LTDA#AUTORIZAÇÃO PARA SAIDA DE VEICULO#PROCESSO;11;2026-07-10;
SEFAZ - RECEITA;2726822026-0#RECHE GALDEANO & CIA LTDA#AUTORIZAÇÃO PARA SAIDA DE VEICULO#PROCESSO;10;2026-07-10;
SEFAZ - RECEITA;2726392026-3#RAIMUNDO NONATO FERREIRA RAMOS#AUTORIZAÇÃO PARA SAIDA DE VEICULO#PROCESSO;7;2026-07-10;
SEFAZ - RECEITA;2726352026-5#AYMORE CREDITO FINANCIAMENTO E INVESTIMENTO SA#AUTORIZAÇÃO PARA SAIDA DE VEICULO#PROCESSO;19;2026-07-10;
SEFAZ - RECEITA;2460282026-3#NATALIA LUCIA FERREIRA GOMES#AUTORIZAÇÃO PARA SAIDA DE VEICULO#PROCESSO;13;2026-07-10;
SEFAZ - RECEITA;2460332026-4#FABIANA OLIVEIRA#AUTORIZAÇÃO PARA SAIDA DE VEICULO#PROCESSO;13;2026-07-10;
SEFAZ - RECEITA;2461492026-8#MONACO MOTOCENTER LAGOA COMERCIAL LTDA#AUTORIZAÇÃO PARA SAIDA DE VEICULO#PROCESSO;7;2026-07-10;
SEFAZ - RECEITA;2461462026-4#MONACO MOTOCENTER LAGOA COMERCIAL LTDA#AUTORIZAÇÃO PARA SAIDA DE VEICULO#PROCESSO;7;2026-07-10;
SEFAZ - RECEITA;2461082026-9#MONACO MOTOCENTER LAGOA COMERCIAL LTDA#AUTORIZAÇÃO PARA SAIDA DE VEICULO#PROCESSO;8;2026-07-10;
SEFAZ - RECEITA;2461042026-0#MONACO MOTOCENTER LAGOA COMERCIAL LTDA#AUTORIZAÇÃO PARA SAIDA DE VEICULO#PROCESSO;8;2026-07-10;
SEFAZ - RECEITA;2461002026-2#MONACO MOTOCENTER LAGOA COMERCIAL LTDA#AUTORIZAÇÃO PARA SAIDA DE VEICULO#PROCESSO;8;2026-07-10;
SEFAZ - RECEITA;2460972026-4#MONACO MOTOCENTER LAGOA COMERCIAL LTDA#AUTORIZAÇÃO PARA SAIDA DE VEICULO#PROCESSO;7;2026-07-10;
SEFAZ - RECEITA;2460512026-2#MONACO MOTOCENTER LAGOA COMERCIAL LTDA#AUTORIZAÇÃO PARA SAIDA DE VEICULO#PROCESSO;7;2026-07-10;
SEFAZ - RECEITA;2460942026-0#MONACO MOTOCENTER LAGOA COMERCIAL LTDA#AUTORIZAÇÃO PARA SAIDA DE VEICULO#PROCESSO;7;2026-07-10;
SEFAZ - RECEITA;2460922026-1#MONACO MOTOCENTER LAGOA COMERCIAL LTDA#AUTORIZAÇÃO PARA SAIDA DE VEICULO#PROCESSO;7;2026-07-10;
SEFAZ - RECEITA;2460472026-6#MONACO MOTOCENTER LAGOA COMERCIAL LTDA#AUTORIZAÇÃO PARA SAIDA DE VEICULO#PROCESSO;7;2026-07-10;
SEFAZ - RECEITA;2460902026-2#MONACO MOTOCENTER LAGOA COMERCIAL LTDA#AUTORIZAÇÃO PARA SAIDA DE VEICULO#PROCESSO;7;2026-07-10;
SEFAZ - RECEITA;2460432026-8#MONACO MOTOCENTER LAGOA COMERCIAL LTDA#AUTORIZAÇÃO PARA SAIDA DE VEICULO#PROCESSO;7;2026-07-10;
SEFAZ - RECEITA;2460852026-1#MONACO MOTOCENTER LAGOA COMERCIAL LTDA#AUTORIZAÇÃO PARA SAIDA DE VEICULO#PROCESSO;7;2026-07-10;
SEFAZ - RECEITA;2460832026-2#MONACO MOTOCENTER LAGOA COMERCIAL LTDA#AUTORIZAÇÃO PARA SAIDA DE VEICULO#PROCESSO;7;2026-07-10;
SEFAZ - RECEITA;2460352026-3#MONACO MOTOCENTER LAGOA COMERCIAL LTDA#AUTORIZAÇÃO PARA SAIDA DE VEICULO#PROCESSO;7;2026-07-10;
SEFAZ - RECEITA;2460292026-8#MONACO MOTOCENTER LAGOA COMERCIAL LTDA#AUTORIZAÇÃO PARA SAIDA DE VEICULO#PROCESSO;7;2026-07-10;
SEFAZ - RECEITA;2460222026-6#MONACO MOTOCENTER LAGOA COMERCIAL LTDA#AUTORIZAÇÃO PARA SAIDA DE VEICULO#PROCESSO;7;2026-07-10;
SEFAZ - RECEITA;2460272026-9#MONACO MOTOCENTER LAGOA COMERCIAL LTDA#AUTORIZAÇÃO PARA SAIDA DE VEICULO#PROCESSO;7;2026-07-10;
SEFAZ - RECEITA;2460212026-1#MONACO MOTOCENTER LAGOA COMERCIAL LTDA#AUTORIZAÇÃO PARA SAIDA DE VEICULO#PROCESSO;7;2026-07-10;
SEFAZ - RECEITA;2461252026-2#MONACO MOTOCENTER LAGOA COMERCIAL LTDA#AUTORIZAÇÃO PARA SAIDA DE VEICULO#PROCESSO;7;2026-07-10;
SEFAZ - RECEITA;2461012026-7#MONACO MOTOCENTER LAGOA COMERCIAL LTDA#AUTORIZAÇÃO PARA SAIDA DE VEICULO#PROCESSO;8;2026-07-10;
SEFAZ - RECEITA;2461032026-6#MONACO MOTOCENTER LAGOA COMERCIAL LTDA#AUTORIZAÇÃO PARA SAIDA DE VEICULO#PROCESSO;8;2026-07-10;
SEFAZ - RECEITA;2461062026-0#MONACO MOTOCENTER LAGOA COMERCIAL LTDA#AUTORIZAÇÃO PARA SAIDA DE VEICULO#PROCESSO;7;2026-07-10;
SEFAZ - RECEITA;2461092026-3#MONACO MOTOCENTER LAGOA COMERCIAL LTDA#AUTORIZAÇÃO PARA SAIDA DE VEICULO#PROCESSO;8;2026-07-10;
SEFAZ - RECEITA;2461272026-1#MONACO MOTOCENTER LAGOA COMERCIAL LTDA#AUTORIZAÇÃO PARA SAIDA DE VEICULO#PROCESSO;8;2026-07-10;
SEFAZ - RECEITA;2460812026-3#MONACO MOTOCENTER LAGOA COMERCIAL LTDA#AUTORIZAÇÃO PARA SAIDA DE VEICULO#PROCESSO;7;2026-07-10;
SEFAZ - RECEITA;2460912026-7#MONACO MOTOCENTER LAGOA COMERCIAL LTDA#AUTORIZAÇÃO PARA SAIDA DE VEICULO#PROCESSO;7;2026-07-10;
SEFAZ - RECEITA;2461052026-5#MONACO MOTOCENTER LAGOA COMERCIAL LTDA#AUTORIZAÇÃO PARA SAIDA DE VEICULO#PROCESSO;7;2026-07-10;
SEFAZ - RECEITA;2460992026-3#MONACO MOTOCENTER LAGOA COMERCIAL LTDA#AUTORIZAÇÃO PARA SAIDA DE VEICULO#PROCESSO;8;2026-07-10;
SEFAZ - RECEITA;2460262026-4#MONACO MOTOCENTER LAGOA COMERCIAL LTDA#AUTORIZAÇÃO PARA SAIDA DE VEICULO#PROCESSO;7;2026-07-10;
SEFAZ - RECEITA;2460392026-1#MONACO MOTOCENTER LAGOA COMERCIAL LTDA#AUTORIZAÇÃO PARA SAIDA DE VEICULO#PROCESSO;7;2026-07-10;
SEFAZ - RECEITA;1789642026-0#SOL MAIS AMAPA LTDA#CANCELAMENTO EXTEMPORANEO DE NF#PROCESSO;18;2026-07-10;
SEFAZ - RECEITA;1091242026-0#J. NAURO DA SILVA#PEDIDO DE REATIVAÇÃO#PROCESSO;5;2026-07-10;
SEFAZ - RECEITA;1091622026-5#D. C. RODRIGUES#PEDIDO DE REATIVAÇÃO#PROCESSO;20;2026-07-10;
SEFAZ - RECEITA;1049232026-8#A. P. BELO RODRIGUES#REATIVAÇÃO COM ALTERAÇÃO#PROCESSO;20;2026-07-10;
SEFAZ - RECEITA;1050102026-8#M. S. VARIEDADE & SERVIÇOS LTDA#PEDIDO DE REATIVAÇÃO#PROCESSO;23;2026-07-10;
SEFAZ - RECEITA;0419632026-0#BELLO PISO LTDA#CANCELAMENTO DE NF Nº 19425#PROCESSO;22;2026-07-10;
SEFAZ - RECEITA;9225932025-2#R. DE A. ROSA COUTINHO-ME#DENUNCIA ESPONTANEA DE DEBITO DE ICMS#PROCESSO;22;2026-07-10;
SEFAZ - RECEITA;PROCESSO Nº 0084502014;19;2026-07-10;
SEFAZ - RECEITA;PROCESSO Nº 0082842014;17;2026-07-10;
SEFAZ - RECEITA;PROCESSO Nº 0082452014;24;2026-07-10;
SEFAZ - RECEITA;PROCESSO Nº 0081392014;12;2026-07-10;
SEFAZ - RECEITA;PROCESSO Nº 0081382014;12;2026-07-10;
SEFAZ - RECEITA;2403972026-1#JOSE MARTINS CORREA#AUTORIZACAO DE SAIDA DE VEICULO DA ALCMS#PROCESSO;17;2026-07-10;
SEFAZ - RECEITA;2403672026-0#SILVIO DEZIDERIO ANDRIANI#AUTORIZACAO DE SAIDA DE VEICULO DA ALCMS#PROCESSO;16;2026-07-10;
SEFAZ - RECEITA;2403662026-6#VIACAO VALE DO AMAZONAS LTDA#AUTORIZACAO DE SAIDA DE VEICULO DA ALCMS#PROCESSO;20;2026-07-10;
SEFAZ - RECEITA;2403282026-0#JOSIANE CARLA DE SOUZA SOUZA#AUTORIZACAO DE SAIDA DE VEICULO DA ALCMS#PROCESSO;10;2026-07-10;
SEFAZ - RECEITA;2389002026-7#SHEKINAH VEICULOS LTDA#AUTORIZACAO DE SAIDA DE VEICULO DA ALCMS#PROCESSO;18;2026-07-10;
SEFAZ - RECEITA;2388162026-5#RONNIELDA QUADROS DA SILVA#AUTORIZACAO DE SAIDA DE VEICULO DA ALCMS#PROCESSO;11;2026-07-10;
SEFAZ - RECEITA;2388982026-3#MANUELA LUZIA NOGUEIRA CHADA MEDEIROS#AUTORIZACAO DE SAIDA DE VEICULO DA ALCMS#PROCESSO;12;2026-07-10;
SEFAZ - RECEITA;2462542026-1#MAICON DA SILVA BARROS#AUTORIZACAO DE SAIDA DE VEICULO DA ALCMS#PROCESSO;7;2026-07-10;
SEFAZ - RECEITA;2477452026-8#MONACO MOTOCENTER LAGOA COMERCIAL LTDA#AUTORIZACAO DE SAIDA DE VEICULO DA ALCMS#PROCESSO;7;2026-07-10;
SEFAZ - RECEITA;2477472026-7#MONACO MOTOCENTER LAGOA COMERCIAL LTDA#AUTORIZACAO DE SAIDA DE VEICULO DA ALCMS#PROCESSO;7;2026-07-10;
SEFAZ - RECEITA;2477492026-6#MONACO MOTOCENTER LAGOA COMERCIAL LTDA#AUTORIZACAO DE SAIDA DE VEICULO DA ALCMS#PROCESSO;7;2026-07-10;
SEFAZ - RECEITA;2477422026-4#MONACO MOTOCENTER LAGOA COMERCIAL LTDA#AUTORIZACAO DE SAIDA DE VEICULO DA ALCMS#PROCESSO;7;2026-07-10;
SEFAZ - RECEITA;2491442026-0#M. J. COMERCIO E TRANSPORTES LTDA#AUTORIZACAO DE SAIDA DE VEICULO DA ALCMS#PROCESSO;14;2026-07-10;
SEFAZ - RECEITA;2461932026-9#ROSILEIA PALHETA SOUSA#AUTORIZACAO DE SAIDA DE VEICULO DA ALCMS#PROCESSO;8;2026-07-10;
SEFAZ - RECEITA;2477062026-8#REINALDO RAMOS PENHA#AUTORIZACAO DE SAIDA DE VEICULO DA ALCMS#PROCESSO;6;2026-07-10;
SEFAZ - RECEITA;2461952026-8#ROSILEIA PALHETA SOUSA#AUTORIZACAO DE SAIDA DE VEICULO DA ALCMS#PROCESSO;7;2026-07-10;
SEFAZ - RECEITA;2507792026-5#ROSINALDO PANTOJA#AUTORIZACAO DE SAIDA DE VEICULO DA ALCMS#PROCESSO;8;2026-07-10;
SEFAZ - RECEITA;2507102026-2#RAIMUNDO NONATO VIANA#AUTORIZACAO DE SAIDA DE VEICULO DA ALCMS#PROCESSO;17;2026-07-10;
SEFAZ - RECEITA;2507082026-5#GUSTAVO MARTINS DE OLIVEIRA#AUTORIZACAO DE SAIDA DE VEICULO DA ALCMS#PROCESSO;15;2026-07-10;
SEFAZ - RECEITA;2493802026-2#BANCO PAN S A#AUTORIZACAO DE SAIDA DE VEICULO DA ALCMS#PROCESSO;19;2026-07-10;
SEFAZ - RECEITA;2493812026-7#BANCO PAN S A#AUTORIZACAO DE SAIDA DE VEICULO DA ALCMS#PROCESSO;20;2026-07-10;
SEFAZ - RECEITA;2493822026-1#BANCO PAN S A#AUTORIZACAO DE SAIDA DE VEICULO DA ALCMS#PROCESSO;16;2026-07-10;
SEFAZ - RECEITA;2494162026-7#ROSANE DOS SANTOS BATISTA#AUTORIZACAO DE SAIDA DE VEICULO DA ALCMS#PROCESSO;8;2026-07-10;
SEFAZ - RECEITA;2493512026-6#ELIELTON ALMEIDA DOS SANTOS#AUTORIZACAO DE SAIDA DE VEICULO DA ALCMS#PROCESSO;12;2026-07-10;
SEFAZ - RECEITA;2493392026-5#FRANCIONE LIMA SOUSA#AUTORIZACAO DE SAIDA DE VEICULO DA ALCMS#PROCESSO;10;2026-07-10;
SEFAZ - RECEITA;2493412026-2#MARIA JOSE LOPES#AUTORIZACAO DE SAIDA DE VEICULO DA ALCMS#PROCESSO;23;2026-07-10;
SEFAZ - RECEITA;2493422026-7#RENAN TRINDADE DA SILVA#AUTORIZACAO DE SAIDA DE VEICULO DA ALCMS#PROCESSO;13;2026-07-10;
SEFAZ - RECEITA;2493382026-0#ADLINO NUNES CARDOSO#AUTORIZACAO DE SAIDA DE VEICULO DA ALCMS#PROCESSO;12;2026-07-10;
SEFAZ - RECEITA;2492632026-6#LIDIA MOREIRA CORREA#AUTORIZACAO DE SAIDA DE VEICULO DA ALCMS#PROCESSO;9;2026-07-10;
SEFAZ - RECEITA;0908272026-4#LETICIA VALESCA COUTINHO SANTOS#AVALIACAO E CALCULO DE ITCD#DIVERSOS;121;2026-07-10;
SEFAZ - RECEITA;2037672026-3#CLIMATEC COMERCIO E SERVICOS LTDA-EPP#AUTORIZACAO DE SAIDA DE VEICULO DA ALCMS#DIVERSOS;8;2026-07-10;
SEFAZ - RECEITA;2509942026-5#ANDERSON CAMPOS BUTENCO#AUTORIZACAO DE SAIDA DE VEICULO DA ALCMS#PROCESSO;7;2026-07-10;
SEFAZ - RECEITA;2508562026-7#ANGELA DO SOCORRO CORREA BELEZA#AUTORIZACAO DE SAIDA DE VEICULO DA ALCMS#PROCESSO;10;2026-07-10;
SEFAZ - RECEITA;2509092026-5#INACIO TEN CATEN#AUTORIZACAO DE SAIDA DE VEICULO DA ALCMS#PROCESSO;12;2026-07-10;
SEFAZ - RECEITA;2566332026-1#BUENO E BARAUNA C. LTDA-EPP#AUTORIZACAO DE SAIDA DE VEICULO DA ALCMS#PROCESSO;14;2026-07-10;
SEFAZ - RECEITA;2524102026-8#JOSELITO DOS SANTOS#AUTORIZACAO DE SAIDA DE VEICULO DA ALCMS#PROCESSO;8;2026-07-10;
SEFAZ - RECEITA;2524442026-7#MONACO MOTOCENTER LAGOA COMERCIAL LTDA#AUTORIZACAO DE SAIDA DE VEICULO DA ALCMS#PROCESSO;12;2026-07-10;
SEFAZ - RECEITA;2524892026-4#MARCIO MENDES CAVALCANTE#AUTORIZACAO DE SAIDA DE VEICULO DA ALCMS#PROCESSO;13;2026-07-10;
SEFAZ - RECEITA;1994332026-5#DIAGEO BRASIL LTDA#PEDIDO DE BAIXA#PROCESSO;26;2026-07-10;
SEFAZ - RECEITA;2567492026-5#AMAPA PISCINAS LTDA-EPP#AUTORIZACAO DE SAIDA DE VEICULO DA ALCMS#PROCESSO;14;2026-07-10;
SEFAZ - RECEITA;2567542026-6#MONACO MOTOCENTER LAGOA COMERCIAL LTDA#AUTORIZACAO DE SAIDA DE VEICULO DA ALCMS#PROCESSO;7;2026-07-10;
SEFAZ - RECEITA;2582022026-9#THALIA MAGALHAES HERCULANO#AUTORIZACAO DE SAIDA DE VEICULO DA ALCMS#PROCESSO;17;2026-07-10;
SEFAZ - RECEITA;2582472026-6#MONACO MOTOCENTER LAGOA COMERCIAL LTDA#AUTORIZACAO DE SAIDA DE VEICULO DA ALCMS#PROCESSO;8;2026-07-10;
SEFAZ - RECEITA;2582462026-1#MONACO MOTOCENTER LAGOA COMERCIAL LTDA#AUTORIZACAO DE SAIDA DE VEICULO DA ALCMS#PROCESSO;7;2026-07-10;
SEFAZ - RECEITA;2582432026-8#MONACO MOTOCENTER LAGOA COMERCIAL LTDA#AUTORIZACAO DE SAIDA DE VEICULO DA ALCMS#PROCESSO;8;2026-07-10;
SEFAZ - RECEITA;2582422026-3#MONACO MOTOCENTER LAGOA COMERCIAL LTDA#AUTORIZACAO DE SAIDA DE VEICULO DA ALCMS#PROCESSO;8;2026-07-10;
SEFAZ - RECEITA;2582412026-9#MONACO MOTOCENTER LAGOA COMERCIAL LTDA#AUTORIZACAO DE SAIDA DE VEICULO DA ALCMS#PROCESSO;8;2026-07-10;
SEFAZ - RECEITA;2582172026-5#MONACO MOTOCENTER LAGOA COMERCIAL LTDA#AUTORIZACAO DE SAIDA DE VEICULO DA ALCMS#PROCESSO;8;2026-07-10;
SEFAZ - RECEITA;2582402026-4#MONACO MOTOCENTER LAGOA COMERCIAL LTDA#AUTORIZACAO DE SAIDA DE VEICULO DA ALCMS#PROCESSO;7;2026-07-10;
SEFAZ - RECEITA;2584522026-2#BANCO BRADESCO S A#AUTORIZACAO DE SAIDA DE VEICULO DA ALCMS#PROCESSO;18;2026-07-10;
SEFAZ - RECEITA;2584502026-3#BANCO PAN S A#AUTORIZACAO DE SAIDA DE VEICULO DA ALCMS#PROCESSO;19;2026-07-10;
SEFAZ - RECEITA;2622232026-0#GABRIELY VITORIA SILVA DE OLIVEIRA#AUTORIZACAO DE SAIDA DE VEICULO DA ALCMS#PROCESSO;16;2026-07-10;
SEFAZ - RECEITA;2622252026-0#RAFAEL GUEDES CAPIBERIBE#AUTORIZACAO DE SAIDA DE VEICULO DA ALCMS#PROCESSO;13;2026-07-10;
SEFAZ - RECEITA;2622282026-3#BACABA VEICULOS LTDA#AUTORIZACAO DE SAIDA DE VEICULO DA ALCMS#PROCESSO;36;2026-07-10;
SEFAZ - RECEITA;2623072026-4#NOELMA BASTOS RAIOL#AUTORIZACAO DE SAIDA DE VEICULO DA ALCMS#PROCESSO;8;2026-07-10;
SEFAZ - RECEITA;2624112026-3#CAMILA LOPES MAIA#AUTORIZACAO DE SAIDA DE VEICULO DA ALCMS#PROCESSO;15;2026-07-10;
SEFAZ - RECEITA;2639432026-9#CONQUISTA MOTOS E MOTORES LTDA#AUTORIZACAO DE SAIDA DE VEICULO DA ALCMS#PROCESSO;10;2026-07-10;
SEFAZ - RECEITA;2639402026-5#CONQUISTA MOTOS E MOTORES LTDA#AUTORIZACAO DE SAIDA DE VEICULO DA ALCMS#PROCESSO;10;2026-07-10;
SEFAZ - RECEITA;2639382026-8#CONQUISTA MOTOS E MOTORES LTDA#AUTORIZACAO DE SAIDA DE VEICULO DA ALCMS#PROCESSO;10;2026-07-10;
SEFAZ - RECEITA;2639342026-0#CONQUISTA MOTOS E MOTORES LTDA#AUTORIZACAO DE SAIDA DE VEICULO DA ALCMS#PROCESSO;10;2026-07-10;
SEFAZ - RECEITA;2639312026-6#CONQUISTA MOTOS E MOTORES LTDA#AUTORIZACAO DE SAIDA DE VEICULO DA ALCMS#PROCESSO;10;2026-07-10;
SEFAZ - RECEITA;2639162026-1#MONACO MOTOCENTER LAGOA COMERCIAL LTDA#AUTORIZACAO DE SAIDA DE VEICULO DA ALCMS#PROCESSO;8;2026-07-10;
SEFAZ - RECEITA;2639052026-3#CONQUISTA MOTOS E MOTORES LTDA#AUTORIZACAO DE SAIDA DE VEICULO DA ALCMS#PROCESSO;10;2026-07-10;
SEFAZ - RECEITA;2639502026-9#MONACO MOTOCENTER LAGOA COMERCIAL LTDA#AUTORIZACAO DE SAIDA DE VEICULO DA ALCMS#PROCESSO;7;2026-07-10;
SEFAZ - RECEITA;2639452026-8#MONACO MOTOCENTER LAGOA COMERCIAL LTDA#AUTORIZACAO DE SAIDA DE VEICULO DA ALCMS#PROCESSO;8;2026-07-10;
SEFAZ - RECEITA;2639462026-2#CONQUISTA MOTOS E MOTORES LTDA#AUTORIZACAO DE SAIDA DE VEICULO DA ALCMS#PROCESSO;10;2026-07-10;
SEFAZ - RECEITA;2639522026-8#CONQUISTA MOTOS E MOTORES LTDA#AUTORIZACAO DE SAIDA DE VEICULO DA ALCMS#PROCESSO;10;2026-07-10;
SEFAZ - RECEITA;2639932026-7#MONACO MOTOCENTER LAGOA COMERCIAL LTDA#AUTORIZACAO DE SAIDA DE VEICULO DA ALCMS#PROCESSO;8;2026-07-10;
SEFAZ - RECEITA;2639912026-8#MONACO MOTOCENTER LAGOA COMERCIAL LTDA#AUTORIZACAO DE SAIDA DE VEICULO DA ALCMS#PROCESSO;8;2026-07-10;
SEFAZ - RECEITA;2639572026-0#MONACO MOTOCENTER LAGOA COMERCIAL LTDA#AUTORIZACAO DE SAIDA DE VEICULO DA ALCMS#PROCESSO;7;2026-07-10;
SEFAZ - RECEITA;2639762026-3#MONACO MOTOCENTER LAGOA COMERCIAL LTDA#AUTORIZACAO DE SAIDA DE VEICULO DA ALCMS#PROCESSO;8;2026-07-10;
SEFAZ - RECEITA;2639392026-2#MONACO MOTOCENTER LAGOA COMERCIAL LTDA#AUTORIZACAO DE SAIDA DE VEICULO DA ALCMS#PROCESSO;8;2026-07-10;
SEFAZ - RECEITA;2639422026-4#MONACO MOTOCENTER LAGOA COMERCIAL LTDA#AUTORIZACAO DE SAIDA DE VEICULO DA ALCMS#PROCESSO;7;2026-07-10;
SEFAZ - RECEITA;2639372026-3#MONACO MOTOCENTER LAGOA COMERCIAL LTDA#AUTORIZACAO DE SAIDA DE VEICULO DA ALCMS#PROCESSO;7;2026-07-10;
SEFAZ - RECEITA;2639322026-0#MONACO MOTOCENTER LAGOA COMERCIAL LTDA#AUTORIZACAO DE SAIDA DE VEICULO DA ALCMS#PROCESSO;7;2026-07-10;
SEFAZ - RECEITA;2638932026-4#CONQUISTA MOTOS E MOTORES LTDA#AUTORIZACAO DE SAIDA DE VEICULO DA ALCMS#PROCESSO;10;2026-07-10;
SEFAZ - RECEITA;2638882026-3#CONQUISTA MOTOS EMOTORES LTDA#AUTORIZACAO DE SAIDA DE VEICULO DA ALCMS#PROCESSO;10;2026-07-10;
SEFAZ - RECEITA;2639542026-7#CONQUISTA MOTOS E MOTORES LTDA#AUTORIZACAO DE SAIDA DE VEICULO DA ALCMS#PROCESSO;10;2026-07-10;
SEFAZ - RECEITA;2639582026-5#CONQUISTA MOTOS E MOTORES LTDA#AUTORIZACAO DE SAIDA DE VEICULO DA ALCMS#PROCESSO;10;2026-07-10;
SEFAZ - RECEITA;1411732026-2#SEMPRE-MICROCERVEJARIA LTDA#PEDIDO DE BAIXA#PROCESSO;25;2026-07-10;
SEFAZ - RECEITA;1584692026-8#RGD SOLAR DESENVOLVIMENTO LTDA#PEDIDO DE BAIXA#PROCESSO;41;2026-07-10;
SEFAZ - RECEITA;1102382026-9#ESTALEIRO E NAVEGACAO TRES IRMAOS LTDA#PEDIDO DE BAIXA#PROCESSO;31;2026-07-10;
SEFAZ - RECEITA;1923582026-0#M DE F MOURAO LTDA#PEDIDO DE BAIXA#PROCESSO;11;2026-07-10;
SEFAZ - RECEITA;2169972026-6#J NAURO DA SILVA#PEDIDO DE BAIXA#PROCESSO;14;2026-07-10;
SEFAZ - RECEITA;2169942026-2#J. NAURO DA SILVA-EPP#PEDIDO DE BAIXA#PROCESSO;14;2026-07-10;
SEFAZ - RECEITA;2169992026-5#J. NAURO DA SILVA-EPP#PEDIDO DE BAIXA#PROCESSO;15;2026-07-10;
SEFAZ - RECEITA;2800432026-0#BANCO PAN S A#AUTORIZACAO DE SAIDA DE VEICULO DA ALCMS#PROCESSO;21;2026-07-10;
SEFAZ - RECEITA;2815242026-3#CASSIO ALMEIDA QUARESMA#AUTORIZACAO DE SAIDA DE VEICULO DA ALCMS#PROCESSO;8;2026-07-10;
SEFAZ - RECEITA;2815212026-0#SAFIRA MOTORS LTDA#AUTORIZACAO DE SAIDA DE VEICULO DA ALCMS#PROCESSO;16;2026-07-10;
SEFAZ - RECEITA;2815272026-7#A. N. GOMES LTDA#AUTORIZACAO DE SAIDA DE VEICULO DA ALCMS#PROCESSO;18;2026-07-10;
SEFAZ - RECEITA;2726302026-2#BANCO PAN S A#AUTORIZACAO DE SAIDA DE VEICULO DA ALCMS#PROCESSO;17;2026-07-10;
SEFAZ - RECEITA;2712322026-9#JOAO FLORENCIO NETO#AUTORIZACAO DE SAIDA DE VEICULO DA ALCMS#PROCESSO;9;2026-07-10;
SEFAZ - RECEITA;2711102026-0#THIAGO DA SILVA BEZERRA#AUTORIZACAO DE SAIDA DE VEICULO DA ALCMS#PROCESSO;13;2026-07-10;
SEFAZ - RECEITA;2724842026-3#EDIMARA PANTOJA DA SILVA#AUTORIZACAO DE SAIDA DE VEICULO DA ALCMS#PROCESSO;6;2026-07-10;
SEFAZ - RECEITA;2710392026-5#CARLOS KLEDSON ALVES DA SILVA#AUTORIZACAO DE SAIDA DE VEICULO DA ALCMS#PROCESSO;8;2026-07-10;
SEFAZ - RECEITA;2711462026-8#GERALDO JAIR DUARTE GONCALVES#AUTORIZACAO DE SAIDA DE VEICULO DA ALCMS#PROCESSO;15;2026-07-10;
SEFAZ - RECEITA;2695742026-4#EZENEIA COSTA NERI#AUTORIZACAO DE SAIDA DE VEICULO DA ALCMS#PROCESSO;8;2026-07-10;
SEFAZ - RECEITA;2695782026-2#MONACO MOTOCENTER LAGOA COMERCIAL LTDA#AUTORIZACAO DE SAIDA DE VEICULO DA ALCMS#PROCESSO;8;2026-07-10;
SEFAZ - RECEITA;2695812026-4#MONACO MOTOCENTER LAGOA COMERCIAL LTDA#AUTORIZACAO DE SAIDA DE VEICULO DA ALCMS#PROCESSO;8;2026-07-10;
SEFAZ - RECEITA;2695802026-0#MONACO MOTOCENTER LAGOA COMERCIAL LTDA#AUTORIZACAO DE SAIDA DE VEICULO DA ALCMS#PROCESSO;7;2026-07-10;
SEFAZ - RECEITA;2694762026-0#EDEVALDO CASTRO GONCALVES#AUTORIZACAO DE SAIDA DE VEICULO DA ALCMS#PROCESSO;9;2026-07-10;
SEFAZ - RECEITA;2654972026-5#VIACAO VALE DO AMAZONAS LTDA#AUTORIZACAO DE SAIDA DE VEICULO DA ALCMS#PROCESSO;23;2026-07-10;
SEFAZ - RECEITA;2995062026-0#IVANALDO DE MAGNO DE OLIVEIRA#AUTORIZACAO DE SAIDA DE VEICULO DA ALCMS#PROCESSO;13;2026-07-10;
SEFAZ - RECEITA;2995102026-7#IZANEIDE SOUZA DOS SANTOS#AUTORIZACAO DE SAIDA DE VEICULO DA ALCMS#PROCESSO;9;2026-07-10;
SEFAZ - RECEITA;2995132026-0#ELIZABETE KERLLEM DE SOUZA BRITO#AUTORIZACAO DE SAIDA DE VEICULO DA ALCMS#PROCESSO;10;2026-07-10;
SEFAZ - RECEITA;2995042026-1#JOSE HUGO SANTOS CUNHA#AUTORIZACAO DE SAIDA DE VEICULO DA ALCMS#PROCESSO;11;2026-07-10;
SEFAZ - RECEITA;2994722026-5#ELAINE SANTOS DE SOUZA#AUTORIZACAO DE SAIDA DE VEICULO DA ALCMS#PROCESSO;17;2026-07-10;
SEFAZ - RECEITA;2996082026-2#ALLIANZ SEGUROS-AGF BRASIL SEGUROS#AUTORIZACAO DE SAIDA DE VEICULO DA ALCMS#PROCESSO;21;2026-07-10;
SEFAZ - RECEITA;2996142026-8#ANDERSON MACEDO FERREIRA#AUTORIZACAO DE SAIDA DE VEICULO DA ALCMS#PROCESSO;16;2026-07-10;
SEFAZ - RECEITA;2996072026-8#SAFIRA MOTORS LTDA#AUTORIZACAO DE SAIDA DE VEICULO DA ALCMS#PROCESSO;23;2026-07-10;
SEFAZ - RECEITA;2996132026-3#EDISIVALDO PAES DO CARMO#AUTORIZACAO DE SAIDA DE VEICULO DA ALCMS#PROCESSO;14;2026-07-10;
SEFAZ - RECEITA;2996102026-0#ALBANO WAGNER DE SOUZA ANAICE#AUTORIZACAO DE SAIDA DE VEICULO DA ALCMS#PROCESSO;13;2026-07-10;
SEFAZ - RECEITA;2996482026-7#VIACAO VALE DO AMAZONAS#AUTORIZACAO DE SAIDA DE VEICULO DA ALCMS#PROCESSO;21;2026-07-10;
SEFAZ - RECEITA;2935922026-4#LOCACERTO SERVICOS LTDA#AUTORIZACAO DE SAIDA DE VEICULO DA ALCMS#PROCESSO;8;2026-07-10;
SEFAZ - RECEITA;2934862026-6#SAVIO SOUSA ALVES#AUTORIZACAO DE SAIDA DE VEICULO DA ALCMS#PROCESSO;11;2026-07-10;
SEFAZ - RECEITA;2977652026-0#CONQUISTA MOTOS E MOTORES LTDA#AUTORIZACAO DE SAIDA DE VEICULO DA ALCMS#PROCESSO;10;2026-07-10;
SEFAZ - RECEITA;2977522026-2#CONQUISTA MOTOS E MOTORES LTDA#AUTORIZACAO DE SAIDA DE VEICULO DA ALCMS#PROCESSO;10;2026-07-10;
SEFAZ - RECEITA;2977502026-3#CONQUISTA MOTOS E MOTORES LTDA#AUTORIZACAO DE DOCUMENTOS FISCAIS SRE#PROCESSO;10;2026-07-10;
SEFAZ - RECEITA;2977122026-8# 8Aº BATALHAO DE ENGENHARIA DE CONSTRUCAO#AUTORIZACAO DE SAIDA DE VEICULO DA ALCMS#PROCESSO;12;2026-07-10;
SEFAZ - RECEITA;2919632026-5#MONACO MOTOCENTER LAGOA COMERCIAL LTDA#AUTORIZACAO DE SAIDA DE VEICULO DA ALCMS#PROCESSO;7;2026-07-10;
SEFAZ - RECEITA;2919622026-0#MONACO MOTOCENTER LAGOA COMERCIAL LTDA#AUTORIZACAO DE SAIDA DE VEICULO DA ALCMS#PROCESSO;7;2026-07-10;
SEFAZ - RECEITA;2919482026-0#MONACO MOTOCENTER LAGOA COMERCIAL LTDA#AUTORIZACAO DE SAIDA DE VEICULO DA ALCMS#PROCESSO;8;2026-07-10;
SEFAZ - RECEITA;2919272026-9#MONACO MOTOCENTER LAGOA COMERCIAL LTDA#AUTORIZACAO DE SAIDA DE VEICULO DA ALCMS#PROCESSO;7;2026-07-10;
SEFAZ - RECEITA;2919242026-5#MONACO MOTOCENTER LAGOA COMERCIAL LTDA#AUTORIZACAO DE SAIDA DE VEICULO DA ALCMS#PROCESSO;7;2026-07-10;
SEFAZ - RECEITA;2919672026-3#ETICA TURISMO VIAGENS RECEPTIVOS LTDA#AUTORIZACAO DE SAIDA DE VEICULO DA ALCMS#PROCESSO;14;2026-07-10;
SEFAZ - RECEITA;2919202026-7#RONALDO BAHIA DA SILVA#AUTORIZACAO DE SAIDA DE VEICULO DA ALCMS#PROCESSO;9;2026-07-10;
SEFAZ - RECEITA;2904592026-3#AYMORE CREDITO FINANCIAMENTO E INVESTIMENTO S A#AUTORIZACAO DE SAIDA DE VEICULO DA ALCMS#PROCESSO;21;2026-07-10;
SEFAZ - RECEITA;2904662026-3#FRANCISCO ALVES DE SOUSA NETO#AUTORIZACAO DE SAIDA DE VEICULO DA ALCMS#PROCESSO;10;2026-07-10;
SEFAZ - RECEITA;2904612026-0#DISTRIBUIDORA BETA LTDA#AUTORIZACAO DE SAIDA DE VEICULO DA ALCMS#PROCESSO;12;2026-07-10;
SEFAZ - RECEITA;2904562026-0#JOAO LUIS PULGATTI-ME#AUTORIZACAO DE SAIDA DE VEICULO DA ALCMS#PROCESSO;17;2026-07-10;
SEFAZ - RECEITA;2904552026-5#CONSORCIO NACIONAL HONDA LTDA#AUTORIZACAO DE SAIDA DE VEICULO DA ALCMS#PROCESSO;27;2026-07-10;
SEFAZ - RECEITA;2904502026-2#BANCO PAN S A#AUTORIZACAO DE SAIDA DE VEICULO DA ALCMS#PROCESSO;17;2026-07-10;
SEFAZ - RECEITA;2904492026-0#BANCO PAN S A#AUTORIZACAO DE SAIDA DE VEICULO DA ALCMS#PROCESSO;13;2026-07-10;
SEFAZ - RECEITA;2904462026-6#BANCO PAN S A#AUTORIZACAO DE SAIDA DE VEICULO DA ALCMS#PROCESSO;17;2026-07-10;
SEFAZ - RECEITA;2901992026-0#GAUSSMAN GERENCIAMENTO E ESTUDOS DE VIABILIDADE LTDA-ME#AUTORIZACAO DE SAIDA DE VEICULO DA ALCMS#PROCESSO;11;2026-07-10;
SEFAZ - RECEITA;2903282026-5#SILVANE TAVARES ALVES#AUTORIZACAO DE SAIDA DE VEICULO DA ALCMS#PROCESSO;7;2026-07-10;
SEFAZ - RECEITA;2918102026-0#MOSELLI VEICULOS LTDA#AUTORIZACAO DE SAIDA DE VEICULO DA ALCMS#PROCESSO;12;2026-07-10;
SEFAZ - RECEITA;2886562026-9#CONQUISTA MOTOS E MOTORES LTDA#AUTORIZACAO DE SAIDA DE VEICULO DA ALCMS#PROCESSO;10;2026-07-10;
SEFAZ - RECEITA;2886612026-0#CONQUISTA MOTOS E MOTORES LTDA#AUTORIZACAO DE SAIDA DE VEICULO DA ALCMS#PROCESSO;10;2026-07-10;
SEFAZ - RECEITA;2886392026-5#CONQUISTA MOTOS E MOTORES LTDA#AUTORIZACAO DE SAIDA DE VEICULO DA ALCMS#PROCESSO;10;2026-07-10;
SEFAZ - RECEITA;2887102026-0#REGINALDO ROBSON GOMES SILVEIRA#AUTORIZACAO DE SAIDA DE VEICULO DA ALCMS#PROCESSO;9;2026-07-10;
SEFAZ - RECEITA;2888692026-1#BARBARA DE OLIVEIRA FERREIRA BRAVO#AUTORIZACAO DE SAIDA DE VEICULO DA ALCMS#PROCESSO;12;2026-07-10;
SEFAZ - RECEITA;2888382026-6#CARLOS ALBERTO CORIO DI BURIASCO#AUTORIZACAO DE SAIDA DE VEICULO DA ALCMS#PROCESSO;13;2026-07-10;
SEFAZ - RECEITA;2888352026-2#AMAZOOM COWORKING E SERVICOS LTDA#AUTORIZACAO DE SAIDA DE VEICULO DA ALCMS#PROCESSO;14;2026-07-10;
SEFAZ - RECEITA;2888322026-9#ANTONIO ALVES DOS SANTOS#AUTORIZACAO DE SAIDA DE VEICULO DA ALCMS#PROCESSO;12;2026-07-10;
SEFAZ - RECEITA;2887572026-6#CLEBISOM SOUZA SILVA#AUTORIZACAO DE SAIDA DE VEICULO DA ALCMS#PROCESSO;6;2026-07-10;
SEFAZ - RECEITA;2887592026-5#DELICIA DO NORTE IND E COMERCIO DE POLPAS DA AMAZONIA LTDA#AUTORIZACAO DE SAIDA DE VEICULO DA ALCMS#PROCESSO;28;2026-07-10;
SEFAZ - RECEITA;2886532026-5#MONACO MOTOCENTER LAGOA COMERCIAL LTDA#AUTORIZACAO DE SAIDA DE VEICULO DA ALCMS#PROCESSO;7;2026-07-10;
SEFAZ - RECEITA;2887062026-3#MONACO MOTOCENTER LAGOA COMERCIAL LTDA#AUTORIZACAO DE SAIDA DE VEICULO DA ALCMS#PROCESSO;7;2026-07-10;
SEFAZ - RECEITA;2886652026-8#MONACO MOTOCENTER LAGOA COMERCIAL LTDA#AUTORIZACAO DE SAIDA DE VEICULO DA ALCMS#PROCESSO;7;2026-07-10;
SEFAZ - RECEITA;2886852026-5#MONACO MOTOCENTER LAGOA COMERCIAL LTDA#AUTORIZACAO DE SAIDA DE VEICULO DA ALCMS#PROCESSO;7;2026-07-10;
SEFAZ - RECEITA;2887012026-0#MONACO MOTOCENTER LAGOA COMERCIAL LTDA#AUTORIZACAO DE SAIDA DE VEICULO DA ALCMS#PROCESSO;7;2026-07-10;
SEFAZ - RECEITA;2887022026-5#MONACO MOTOCENTER LAGOA COMERCIAL LTDA#AUTORIZACAO DE SAIDA DE VEICULO DA ALCMS#PROCESSO;7;2026-07-10;
SEFAZ - RECEITA;2886602026-5#MONACO MOTOCENTER LAGOA COMERCIAL LTDA#AUTORIZACAO DE SAIDA DE VEICULO DA ALCMS#PROCESSO;7;2026-07-10;
SEFAZ - RECEITA;2886632026-9#MONACO MOTOCENTER LAGOA COMERCIAL LTDA#AUTORIZACAO DE SAIDA DE VEICULO DA ALCMS#PROCESSO;7;2026-07-10;
SEFAZ - RECEITA;2886572026-3#MONACO MOTOCENTER LAGOA COMERCIAL LTDA#AUTORIZACAO DE SAIDA DE VEICULO DA ALCMS#PROCESSO;7;2026-07-10;
SEFAZ - RECEITA;2887412026-5#MARIA DO SOCORRO DE SOUZA BRITO#AUTORIZACAO DE SAIDA DE VEICULO DA ALCMS#PROCESSO;10;2026-07-10;
SEFAZ - RECEITA;2887192026-0#VALDERI DIAS DA SILVA#AUTORIZACAO DE SAIDA DE VEICULO DA ALCMS#PROCESSO;10;2026-07-10;
SEFAZ - RECEITA;2887132026-3#RAFAEL BRENNO FERREIRA DA SILVA# AUTORIZACAO DE SAIDA DE VEICULO DA ALCMS#PROCESSO;10;2026-07-10;
SEFAZ - RECEITA;2886472026-0#MONACO MOTOCENTER LAGOA COMERCIAL LTDA#AUTORIZACAO DE SAIDA DE VEICULO DA ALCMS#PROCESSO;7;2026-07-10;
SEFAZ - RECEITA;2886432026-1#MONACO MOTOCENTER LAGOA COMERCIAL LTDA#AUTORIZACAO DE SAIDA DE VEICULO DA ALCMS#PROCESSO;7;2026-07-10;
SEFAZ - RECEITA;2886512026-6#MONACO MOTOCENTER LAGOA COMERCIAL LTDA#AUTORIZACAO DE SAIDA DE VEICULO DA ALCMS#PROCESSO;7;2026-07-10;
SEFAZ - RECEITA;2886422026-7#CONQUISTA MOTOS E MOTORES LTDA#AUTORIZACAO DE SAIDA DE VEICULO DA ALCMS#PROCESSO;10;2026-07-10;
SEFAZ - RECEITA;2886502026-1#CONQUISTA MOTOS E MOTORES LTDA#AUTORIZACAO DE SAIDA DE VEICULO DA ALCMS#PROCESSO;10;2026-07-10;
SEFAZ - RECEITA;2361762026-4#IVANILDO LUIS MACHADO LEMOS#AUTORIZACAO DE SAIDA DE VEICULO DA ALCMS#PROCESSO;7;2026-07-10;
SEFAZ - RECEITA;2361682026-0#HAMADAN SOUSA SARUY CRUZ#AUTORIZACAO DE SAIDA DE VEICULO DA ALCMS#PROCESSO;8;2026-07-10;
SEFAZ - RECEITA;2361692026-4#LIDIANE CARDOSO PELAES#AUTORIZACAO DE SAIDA DE VEICULO DA ALCMS#PROCESSO;8;2026-07-10;
SEFAZ - RECEITA;2361712026-1#IVAN BASTOS#AUTORIZACAO DE SAIDA DE VEICULO DA ALCMS#PROCESSO;8;2026-07-10;
SEFAZ - RECEITA;2361732026-0#JARBAS HENRIQUE REZENDE MENDES#AUTORIZACAO DE SAIDA DE VEICULO DA ALCMS#PROCESSO;7;2026-07-10;
SEFAZ - RECEITA;2359902026-4#CONQUISTA MOTOS E MOTORES LTDA# AUTORIZACAO DE SAIDA DE VEICULO DA ALCMS#PROCESSO;10;2026-07-10;
SEFAZ - RECEITA;2996492026-1#STARLOG TRANSPORTES LTDA#AUTORIZACAO DE SAIDA DE VEICULO DA ALCMS#PROCESSO;34;2026-07-10;
SEFAZ - RECEITA;2265452026-9#BANCO VOLKSWAGEM S.A#AUTORIZAÇAO SAIDA VEICULO#PROCESSO;20;2026-07-10;
SEFAZ - RECEITA;2217232026-9#MONACO MOTOCENTER LAGOA COMERCIAL LTDA#AUTORIZAÇAO SAIDA VEICULO#PROCESSO;7;2026-07-10;
SEFAZ - RECEITA;2217092026-9#MONACO MOTOCENTER LAGOA COMERCIAL LTDA#AUTORIZAÇAO SAIDA VEICULO#PROCESSO;7;2026-07-10;
SEFAZ - RECEITA;2217342026-7#MONACO MOTOCENTER LAGOA COMERCIAL LTDA#AUTORIZAÇAO SAIDA VEICULO#PROCESSO;8;2026-07-10;
SEFAZ - RECEITA;2217512026-0#MONACO MOTOCENTER LAGOA COMERCIAL LTDA#AUTORIZAÇAO SAIDA VEICULO#PROCESSO;7;2026-07-10;
SEFAZ - RECEITA;2217552026-9#MONACO MOTOCENTER LAGOA COMERCIAL LTDA#AUTORIZAÇAO SAIDA VEICULO#PROCESSO;8;2026-07-10;
SEFAZ - RECEITA;2217582026-2#MONACO MOTOCENTER LAGOA COMERCIAL LTDA#AUTORIZAÇAO SAIDA VEICULO#PROCESSO;8;2026-07-10;
SEFAZ - RECEITA;2217602026-0#MONACO MOTOCENTER LAGOA COMERCIAL LTDA#AUTORIZAÇAO SAIDA VEICULO#PROCESSO;8;2026-07-10;
SEFAZ - RECEITA;2217632026-3#MONACO MOTOCENTER LAGOA COMERCIAL LTDA#AUTORIZAÇAO SAIDA VEICULO#PROCESSO;7;2026-07-10;
SEFAZ - RECEITA;2217652026-2#MONACO MOTOCENTER LAGOA COMERCIAL LTDA#AUTORIZAÇAO SAIDA VEICULO#PROCESSO;7;2026-07-10;
SEFAZ - RECEITA;2217682026-6#MONACO MOTOCENTER LAGOA COMERCIAL LTDA#AUTORIZAÇAO SAIDA VEICULO#PROCESSO;7;2026-07-10;
SEFAZ - RECEITA;2239712026-7#IVAN DA SILVA NUNES#AUTORIZAÇAO SAIDA VEICULO#PROCESSO;13;2026-07-10;
SEFAZ - RECEITA;2239692026-0#BETRAL MOTORS LTDA#AUTORIZAÇAO SAIDA VEICULO#PROCESSO;19;2026-07-10;
SEFAZ - RECEITA;2194452026-0#WILSON ALVES PEREIRA FILHO#AUTORIZAÇAO SAIDA VEICULO#PROCESSO;9;2026-07-10;
SEFAZ - RECEITA;2194242026-9#AYMORE CREDITO FINANCIAMENTO E INVESTIMENTO S.A#AUTORIZAÇAO SAIDA VEICULO#PROCESSO;21;2026-07-10;
SEFAZ - RECEITA;2194222026-0#FRANCISCO EVANDRO MORAIS COSTA#AUTORIZAÇAO SAIDA VEICULO#PROCESSO;7;2026-07-10;
SEFAZ - RECEITA;2194142026-5#BANCO PAN S.A#AUTORIZAÇAO SAIDA VEICULO#PROCESSO;17;2026-07-10;
SEFAZ - RECEITA;2217102026-1#BANCO PAN S.A#AUTORIZAÇAO SAIDA VEICULO#PROCESSO;14;2026-07-10;
SEFAZ - RECEITA;2216942026-6#RHUAN DE SOUZA SCHILOSSER#AUTORIZAÇAO SAIDA VEICULO#PROCESSO;8;2026-07-10;
SEFAZ - RECEITA;2217112026-6#MONACO MOTOCENTER LAGOA COMERCIAL LTDA#AUTORIZAÇAO SAIDA VEICULO#PROCESSO;7;2026-07-10;
SEFAZ - RECEITA;2217062026-5#BANCO PAN S.A#AUTORIZAÇAO SAIDA VEICULO#PROCESSO;14;2026-07-10;
SEFAZ - RECEITA;2217132026-5#MONACO MOTOCENTER LAGOA COMERCIAL LTDA#AUTORIZAÇAO SAIDA VEICULO#PROCESSO;7;2026-07-10;
SEFAZ - RECEITA;2217142026-0#MONACO MOTOCENTER LAGOA COMERCIAL LTDA#AUTORIZAÇAO SAIDA VEICULO#PROCESSO;8;2026-07-10;
SEFAZ - RECEITA;2217162026-9#MONACO MOTOCENTER LAGOA COMERCIAL LTDA#AUTORIZAÇAO SAIDA VEICULO#PROCESSO;8;2026-07-10;
SEFAZ - RECEITA;2217212026-0#MONACO MOTOCENTER LAGOA COMERCIAL LTDA#AUTORIZAÇAO SAIDA VEICULO#PROCESSO;8;2026-07-10;
SEFAZ - RECEITA;2193772026-8#AILTON RODRIGUES DA SILVA#AUTORIZAÇAO SAIDA VEICULO#PROCESSO;11;2026-07-10;
SEFAZ - RECEITA;2217022026-7#MONACO MOTOCENTER LAGOA COMERCIAL LTDA#AUTORIZAÇAO SAIDA VEICULO#PROCESSO;7;2026-07-10;
SEFAZ - RECEITA;2193782026-2#ALINE ALVES SERPA#AUTORIZAÇAO SAIDA VEICULO#PROCESSO;11;2026-07-10;
SEFAZ - RECEITA;2170372026-1#ALESSANDRA DE SOUZA OLIVEIRA#AUTORIZAÇAO SAIDA VEICULO#PROCESSO;6;2026-07-10;
SEFAZ - RECEITA;2169932026-8#BETRAL VEICULOS LTDA#AUTORIZAÇAO SAIDA VEICULO#PROCESSO;20;2026-07-10;
SEFAZ - RECEITA;2169952026-7#C DE SOUZA VOLANTE#AUTORIZAÇAO SAIDA VEICULO#PROCESSO;16;2026-07-10;
SEFAZ - RECEITA;2059932026-5#LUIZ SOLANO SILVA#AUTORIZAÇAO SAIDA VEICULO#PROCESSO;23;2026-07-10;
SEFAZ - RECEITA;2060212026-8#JOHNNY JOSE DA SILVA MONTEIRO#AUTORIZAÇAO SAIDA VEICULO#PROCESSO;11;2026-07-10;
SEFAZ - RECEITA;2059992026-2#ISAIAS DE ALMEIDA SALES#AUTORIZAÇAO SAIDA VEICULO#PROCESSO;14;2026-07-10;
SEFAZ - RECEITA;2059952026-4#CALIXTO CRUZ DA SILVA#AUTORIZAÇAO SAIDA VEICULO#PROCESSO;23;2026-07-10;
SEFAZ - RECEITA;2058992026-0#AMARILDO MONTEY DA SILVA#AUTORIZAÇAO SAIDA VEICULO#PROCESSO;11;2026-07-10;
SEFAZ - RECEITA;2059022026-8#HELLYNTON DA SILVA E LIMA#AUTORIZAÇAO SAIDA VEICULO#PROCESSO;11;2026-07-10;
SEFAZ - RECEITA;2060292026-4#MONACO MOTOCENTER LAGOA COMERCIAL LTDA#AUTORIZAÇAO SAIDA VEICULO#PROCESSO;7;2026-07-10;
SEFAZ - RECEITA;2014072026-0#MONACO MOTOCENTER LAGOA COMERCIAL LTDA#AUTORIZAÇAO SAIDA VEICULO#PROCESSO;8;2026-07-10;
SEFAZ - RECEITA;2014082026-4#MONACO MOTOCENTER LAGOA COMERCIAL LTDA#AUTORIZAÇAO SAIDA VEICULO#PROCESSO;7;2026-07-10;
SEFAZ - RECEITA;2014922026-0#ELDORADO VEICULOS E PEÇAS LTDA#AUTORIZAÇAO SAIDA VEICULO#PROCESSO;8;2026-07-10;
SEFAZ - RECEITA;2014942026-9#ELDORADO VEICULOS E PEÇAS LTDA#AUTORIZAÇAO SAIDA VEICULO#PROCESSO;8;2026-07-10;
SEFAZ - RECEITA;2035352026-8#LUIZ CLAUDIO REIS CUNHA#AUTORIZAÇAO SAIDA VEICULO#PROCESSO;8;2026-07-10;
SEFAZ - RECEITA;2035662026-3#RAILANE PINHEIRO CAMPOS#AUTORIZAÇAO SAIDA VEICULO#PROCESSO;6;2026-07-10;
SEFAZ - RECEITA;2035962026-4#ADRIANO DE OLIVEIRA FERREIRA#AUTORIZAÇAO SAIDA VEICULO#PROCESSO;11;2026-07-10;
SEFAZ - RECEITA;2037652026-4#RAIMUNDO CHAVES CAVALCANTE#AUTORIZAÇAO SAIDA VEICULO#PROCESSO;8;2026-07-10;
SEFAZ - RECEITA;2037632026-5#ELAINE CRISTINA ANGELICA RIBEIRO#AUTORIZAÇAO SAIDA VEICULO#PROCESSO;10;2026-07-10;
SEFAZ - RECEITA;1948552026-3#MARIA DE OLIVEIRA NORMANDES#AUTORIZAÇAO SAIDA VEICULO#PROCESSO;12;2026-07-10;
SEFAZ - RECEITA;1925292026-9#MONACO MOTOCENTER LAGOA COMERCIAL LTDA#AUTORIZAÇAO SAIDA VEICULO#PROCESSO;7;2026-07-10;
SEFAZ - RECEITA;1948212026-4#IDEAL INFORMATICA EIRELI#AUTORIZAÇAO SAIDA VEICULO#PROCESSO;26;2026-07-10;
SEFAZ - RECEITA;2831282026-4#VIAÇAO VALE DO AMAZONAS LTDA#AUTORIZAÇAO SAIDA PROCESSO;21;2026-07-10;
SEFAZ - RECEITA;2830842026-5#MONACO MOTOCENTER LAGOA COMERCIAL LTDA#AUTORIZAÇAO SAIDA VEICULO#PROCESSO;7;2026-07-10;
SEFAZ - RECEITA;2830792026-4#MONACO MOTOCENTER LAGOA COMERCIAL LTDA#AUTORIZAÇAO SAIDA VEICULO#PROCESSO;7;2026-07-10;
SEFAZ - RECEITA;2830782026-0#MONACO MOTOCENTER LAGOA COMERCIAL LTDA#AUTORIZAÇAO SAIDA VEICULO#PROCESSO;7;2026-07-10;
SEFAZ - RECEITA;2830752026-6#MONACO MOTOCENTER LAGOA COMERCIAL LTDA#AUTORIZAÇAO SAIDA VEICULO#PROCESSO;7;2026-07-10;
SEFAZ - RECEITA;2830702026-3#MONACO MOTOCENTER LAGOA COMERCIAL LTDA#AUTORIZAÇAO SAIDA VEICULO#PROCESSO;7;2026-07-10;
SEFAZ - RECEITA;2831222026-7#MONACO MOTOCENTER LAGOA COMERCIAL LTDA#AUTORIZAÇAO SAIDA VEICULO#PROCESSO;7;2026-07-10;
SEFAZ - RECEITA;2831212026-2#MONACO MOTOCENTER LAGOA COMERCIAL LTDA#AUTORIZAÇAO SAIDA VEICULO#PROCESSO;7;2026-07-10;
SEFAZ - RECEITA;2831022026-0#MONACO MOTOCENTER LAGOA COMERCIAL LTDA#AUTORIZAÇAO SAIDA VEICULO#PROCESSO;6;2026-07-10;
SEFAZ - RECEITA;2830902026-0#MONACO MOTOCENTER LAGOA COMERCIAL LTDA#AUTORIZAÇAO SAIDA VEICULO#PROCESSO;7;2026-07-10;
SEFAZ - RECEITA;2814922026-7#CONQUISTA MOTOS E MOTORES LTDA#AUTORIZAÇAO SAIDA VEICULO#PROCESSO;10;2026-07-10;
SEFAZ - RECEITA;2814832026-8#CONQUISTA MOTOS E MOTORES LTDA#AUTORIZAÇAO SAIDA VEICULO#PROCESSO;10;2026-07-10;
SEFAZ - RECEITA;2814802026-4#CONQUISTA MOTOS E MOTORES LTDA#AUTORIZAÇAO SAIDA VEICULO#PROCESSO;10;2026-07-10;
SEFAZ - RECEITA;3025312026-8#FRANCISCA SIMONE FIALHO#AUTORIZAÇAO SAIDA VEICULO#PROCESSO;10;2026-07-10;
SEFAZ - RECEITA;3010902026-0#DULCIANE NUNES DINIZ#AUTORIZAÇAO SAIDA VEICULO#PROCESSO;8;2026-07-10;
SEFAZ - RECEITA;3010142026-9#MONACO MOTOCENTER LAGOA COMERCIAL LTDA#AUTORIZAÇAO SAIDA VEICULO#PROCESSO;7;2026-07-10;
SEFAZ - RECEITA;3011342026-9#AMAUTO-AMAPA AUTOMOVEIS LTDA#AUTORIZAÇAO SAIDA VEICULO#PROCESSO;12;2026-07-10;
SEFAZ - RECEITA;3010802026-6#NIVALDO ALMEIDA DE OLIVEIRA#AUTORIZAÇAO SAIDA VEICULO#PROCESSO;11;2026-07-10;
SEFAZ - RECEITA;3010092026-8#ALENIR DAMASCENO BARRIGA#AUTORIZAÇAO SAIDA VEICULO#PROCESSO;15;2026-07-10;
SEFAZ - RECEITA;2994252026-0#MONACO MOTOCENTER LAGOA COMERCIAL LTDA#AUTORIZAÇAO SAIDA VEICULO#PROCESSO;7;2026-07-10;
SEFAZ - RECEITA;2994242026-6#MONACO MOTOCENTER LAGOA COMERCIAL LTDA#AUTORIZAÇAO SAIDA VEICULO#PROCESSO;7;2026-07-10;
SEFAZ - RECEITA;2994232026-1#MONACO MOTOCENTER LAGOA COMERCIAL LTDA#AUTORIZAÇAO SAIDA VEICULO#PROCESSO;7;2026-07-10;
SEFAZ - RECEITA;1399892026-9#PETROLEO BRASILEIRO S.A#CANCELAMENTO EXTEMPORANEO#PROCESSO;11;2026-07-10;
SEFAZ - RECEITA;0789872026-1#PETROLEO BRASILEIRO S.A#CANCELAMENTO EXTEMPORANEO#PROCESSO;15;2026-07-10;
SEFAZ - RECEITA;2860322026-3#REGINALDO PINHEIRO VIANA#AUTORIZAÇAO SAIDA VEICULO#PROCESSO;11;2026-07-10;
SEFAZ - RECEITA;2871082026-4#MILTON JAIR LENIS CAMPO#AUTORIZAÇAO SAIDA VEICULO#PROCESSO;9;2026-07-10;
SEFAZ - RECEITA;2884782026-0#LUCIENA BEZERRA DA SILVA#AUTORIZAÇAO SAIDA VEICULO#PROCESSO;11;2026-07-10;
SEFAZ - RECEITA;2359892026-1#CONQUISTA MOTOS E MOTORES LTDA#AUTORIZAÇAO SAIDA VEICULO#PROCESSO;10;2026-07-10;
SEFAZ - RECEITA;2359882026-7#CONQUISTA MOTOS E MOTORES LTDA#AUTORIZAÇAO SAIDA VEICULO#PROCESSO;10;2026-07-10;
SEFAZ - RECEITA;2359782026-3#CONQUISTA MOTOS E MOTORES LTDA#AUTORIZAÇAO SAIDA VEICULO#PROCESSO;10;2026-07-10;
SEFAZ - RECEITA;2359612026-8#CONQUISTA MOTOS E MOTORES LTDA#AUTORIZAÇAO SAIDA VEICULO#PROCESSO;10;2026-07-10;
SEFAZ - RECEITA;2359572026-1#CONQUISTA MOTOS E MOTORES LTDA#AUTORIZAÇAO DE SAIDA VEICULO ALCMS#PROCESSO;10;2026-07-10;
SEFAZ - RECEITA;2361002026-1#JOCIELSON DE SOUZA OLIVEIRA#AUTORIZAÇAO DE SAIDA VEICULO ALCMS#PROCESSO;9;2026-07-10;
SEFAZ - RECEITA;8388082025-2#MOSELLI VEICULOS LTDA#AUTORIZAÇAO SAIDA VEICULO#PROCESSO;22;2026-07-10;
SEFAZ - RECEITA;8338632025-2#MONACO MOTOCENTER LAGOA COMERCIAL LTDA#AUTORIZAÇAO SAIDA VEICULO#PROCESSO;7;2026-07-10;
SEFAZ - RECEITA;8338612025-3#MONACO MOTOCENTER LAGOA COMERCIAL LTDA#AUTORIZAÇAO SAIDA VEICULO#PROCESSO;7;2026-07-10;
SEFAZ - RECEITA;8338642025-7#MONACO MOTOCENTER LAGOA COMERCIAL LTDA#AUTORIZAÇAO SAIDA VEICULO#PROCESSO;7;2026-07-10;
SEFAZ - RECEITA;8338622025-8#MONACO MOTOCENTER LAGOA COMERCIAL LTDA#AUTORIZAÇAO SAIDA VEICULO#PROCESSO;7;2026-07-10;
SEFAZ - RECEITA;8330922025-7#JOSE AILTON CRUZ MEDEIROS#AUTORIZAÇAO SAIDA VEICULO#PROCESSO;17;2026-07-10;
SEFAZ - RECEITA;8330972025-0#RAFAEL DUARTE SOUSA#AUTORIZAÇAO SAIDA VEICULO#PROCESSO;16;2026-07-10;
SEFAZ - RECEITA;8330932025-1#GEOVANNI SOUZA TAVARES#AUTORIZAÇAO SAIDA VEICULO#PROCESSO;16;2026-07-10;
SEFAZ - RECEITA;8396782025-4#VALDINEI XAVIER#AUTORIZAÇAO SAIDA VEICULO#PROCESSO;9;2026-07-10;
SEFAZ - RECEITA;8394462025-9#MONACO MOTOCENTER LAGOA COMERCIAL LTDA#AUTORIZAÇAO SAIDA VEICULO#PROCESSO;13;2026-07-10;
SEFAZ - RECEITA;8394422025-0#MONACO MOTOCENTER LAGOA COMERCIAL LTDA#AUTORIZAÇAO SAIDA VEICULO#PROCESSO;7;2026-07-10;
SEFAZ - RECEITA;8393972025-9#MONACO MOTOCENTER LAGOA COMERCIAL LTDA#AUTORIZAÇAO SAIDA VEICULO#PROCESSO;7;2026-07-10;
SEFAZ - RECEITA;8393182025-4#MONACO MOTOCENTER LAGOA COMERCIAL LTDA#AUTORIZAÇAO SAIDA VEICULO#PROCESSO;7;2026-07-10;
SEFAZ - RECEITA;8396002025-2#RODRIGO CASTRO VALENTE#AUTORIZAÇAO SAIDA VEICULO#PROCESSO;7;2026-07-10;
SEFAZ - RECEITA;8395932025-6#BANCO PAN S.A#AUTORIZAÇAO SAIDA VEICULO#PROCESSO;21;2026-07-10;
SEFAZ - RECEITA;8395952025-5#ITAU UNIBANCO S.A#AUTORIZAÇAO SAIDA VEICULO#PROCESSO;20;2026-07-10;
SEFAZ - RECEITA;8395972025-4#ITAU UNIBANCO S.A#AUTORIZAÇAO SAIDA VEICULO#PROCESSO;21;2026-07-10;
SEFAZ - RECEITA;8396012025-7#ITAU UNIBANCO S.A#AUTORIZAÇAO SAIDA VEICULO#PROCESSO;20;2026-07-10;
SEFAZ - RECEITA;8278402025-8#SHOPPING DO LOURENÇO LTDA#PEDIDO DE BAIXA#PROCESSO;38;2026-07-10;
SEFAZ - RECEITA;8393152025-0#LAVANDERIA PADRE JULIO LTDA#PEDIDO DE BAIXA#PROCESSO;13;2026-07-10;
SEFAZ - RECEITA;8694942025-0#MONACO MOTOCENTER LAGOA COMERCIAL LTDA#AUTORIZAÇAO SAIDA VEICULO#PROCESSO;7;2026-07-10;
SEFAZ - RECEITA;8694592025-9#MONACO MOTOCENTER LAGOA COMERCIAL LTDA#AUTORIZAÇAO SAIDA VEICULO#PROCESSO;7;2026-07-10;
SEFAZ - RECEITA;8695442025-5#MONACO MOTOCENTER LAGOA COMERCIAL LTDA#AUTORIZAÇAO SAIDA VEICULO#PROCESSO;7;2026-07-10;
SEFAZ - RECEITA;8695452025-0#MONACO MOTOCENTER LAGOA COMERCIAL LTDA#AUTORIZAÇAO SAIDA VEICULO#PROCESSO;7;2026-07-10;
SEFAZ - RECEITA;8695462025-4#MONACO MOTOCENTER LAGOA COMERCIAL LTDA#AUTORIZAÇAO SAIDA VEICULO#PROCESSO;7;2026-07-10;
SEFAZ - RECEITA;8695482025-3#MONACO MOTOCENTER LAGOA COMERCIAL LTDA#AUTORIZAÇAO SAIDA VEICULO#PROCESSO;8;2026-07-10;
SEFAZ - RECEITA;8695492025-8#MONACO MOTOCENTER LAGOA COMERCIAL LTDA#AUTORIZAÇAO SAIDA VEICULO#PROCESSO;8;2026-07-10;
SEFAZ - RECEITA;8695502025-0#MONACO MOTOCENTER LAGOA COMERCIAL LTDA#AUTORIZAÇAO SAIDA VEICULO#PROCESSO;8;2026-07-10;
SEFAZ - RECEITA;7480222025-1#PAULA VALENA RAMOS F CAMBRAIA#AUTORIZAÇAO SAIDA VEICULO#PROCESSO;10;2026-07-10;
SEFAZ - RECEITA;7481442025-0#EZEQUIAS BRITO LEITE#AUTORIZAÇAO SAIDA;12;2026-07-10;
SEFAZ - RECEITA;7486112025-0#JANDERSON SANTOS ARAUJO#AUTORIZAÇAO SAIDA VEICULO#PROCESSO;9;2026-07-10;
SEFAZ - RECEITA;7481402025-2#MONACO MOTOCENTER LAGOA COMERCIAL LTDA#AUTORIZAÇAO SAIDA VEICULO#PROCESSO;8;2026-07-10;
SEFAZ - RECEITA;7481432025-6#MONACO MOTOCENTER LAGOA COMERCIAL LTDA#AUTORIZAÇAO SAIDA VEICULO#PROCESSO;7;2026-07-10;
SEFAZ - RECEITA;7482492025-6#MONACO MOTOCENTER LAGOA COMERCIAL LTDA#AUTORIZAÇAO SAIDA VEICULO#PROCESSO;7;2026-07-10;
SEFAZ - RECEITA;7482532025-2#MONACO MOTOCENTER LAGOA COMERCIAL LTDA#AUTORIZAÇAO SAIDA VEICULO#PROCESSO;7;2026-07-10;
SEFAZ - RECEITA;7482572025-0#MONACO MOTOCENTER LAGOA COMERCIAL LTDA#AUTORIZAÇAO SAIDA VEICULO#PROCESSO;7;2026-07-10;
SEFAZ - RECEITA;7482652025-5#MONACO MOTOCENTER LAGOA COMERCIAL LTDA#AUTORIZAÇAO SAIDA VEICULO#PROCESSO;7;2026-07-10;
SEFAZ - RECEITA;7482662025-0#MONACO MOTOCENTER LAGOA COMERCIAL LTDA#AUTORIZAÇAO SAIDA VEICULO#PROCESSO;7;2026-07-10;
SEFAZ - RECEITA;7482692025-3#MONACO MOTOCENTER LAGOA COMERCIAL LTDA#AUTORIZAÇAO SAIDA VEICULO#PROCESSO;7;2026-07-10;
SEFAZ - RECEITA;7483392025-5#MONACO MOTOCENTER LAGOA COMERCIAL LTDA#AUTORIZAÇAO SAIDA VEICULO#PROCESSO;7;2026-07-10;
SEFAZ - RECEITA;7483752025-1#MONACO MOTOCENTER LAGOA COMERCIAL LTDA#AUTORIZAÇAO SAIDA VEICULO#PROCESSO;7;2026-07-10;
SEFAZ - RECEITA;7483802025-2#MONACO MOTOCENTER LAGOA COMERCIAL LTDA#AUTORIZAÇAO SAIDA VEICULO#PROCESSO;7;2026-07-10;
SEFAZ - RECEITA;7885022025-8#SERVIÇO NACIONAL DE APRENDIZAGEM COMERCIAL DO AMAPA-SENAC#AUTORIZAÇAO SAIDA VEICULO#PROCESSO;21;2026-07-10;
SEFAZ - RECEITA;7483872025-4#BANCO PAN S.A#AUTORIZAÇAO SAIDA VEICULO#PROCESSO;24;2026-07-10;
SEFAZ - RECEITA;7483902025-6#ITAU UNIBANCO S.A#AUTORIZAÇAO SAIDA VEICULO#PROCESSO;24;2026-07-10;
SEFAZ - RECEITA;7482522025-8#FARIAS NETO & CIA LTDA#AUTORIZAÇAO SAIDA VEICULO#PROCESSO;23;2026-07-10;
SEFAZ - RECEITA;7482502025-9#KARINNE MICHELLE FLORENCIO DA SILVA#AUTORIZAÇAO SAIDA VEICULO#PROCESSO;12;2026-07-10;
SEFAZ - RECEITA;7482482025-1#GUERRA MOTORS LTDA#AUTORIZAÇAO SAIDA VEICULO#PROCESSO;15;2026-07-10;
SEFAZ - RECEITA;7481412025-7#MARCEL DAVID SABOIA RIOS#AUTORIZAÇAO SAIDA VEICULO#PROCESSO;11;2026-07-10;
SEFAZ - RECEITA;7481382025-5#ALLIANZ SEGUROS-AGF BRASIL SEGUROS#AUTORIZAÇAO SAIDA VEICULO#PROCESSO;21;2026-07-10;
SEFAZ - RECEITA;7481452025-5#LILIA MARIA CUNHA DOS SANTOS#AUTORIZAÇAO SAIDA VEICULO#PROCESSO;10;2026-07-10;
SEFAZ - RECEITA;8750022025-1#VITORIA ELETRO LTDA#PEDIDO DE BAIXA#PROCESSO;22;2026-07-10;
SEFAZ - RECEITA;8928332025-5#RIBEIROS & FILHOS LTDA-ME#PEDIDO DE BAIXA#PROCESSO;19;2026-07-10;
SEFAZ - RECEITA;1366272026-4#FABIO B RIBEIRO FRIGO LA LTDA#AUTORIZAÇAO SAIDA VEICULO#PROCESSO;12;2026-07-10;
SEFAZ - RECEITA;1353432026-3#MONACO MOTOCENTER LAGOA COMERCIAL LTDA#AUTORIZAÇAO SAIDA VEICULO#PROCESSO;8;2026-07-10;
SEFAZ - RECEITA;1353312026-0#MONACO MOTOCENTER LAGOA COMERCIAL LTDA#;8;2026-07-10;
SEFAZ - RECEITA;1353352026-9#MONACO MOTOCENTER LAGOA COMERCIAL LTDA#AUTORIZAÇAO SAIDA VEICULO#PROCESSO;7;2026-07-10;
SEFAZ - RECEITA;1353362026-3#MONACO MOTOCENTER LAGOA COMERCIAL LTDA#AUTORIZAÇAO SAIDA VEICULO#PROCESSO;8;2026-07-10;
SEFAZ - RECEITA;1353402026-0#MONACO MOTOCENTER LAGOA COMERCIAL LTDA#AUTORIZAÇAO SAIDA VEICULO#PROCESSO;8;2026-07-10;
SEFAZ - RECEITA;1353412026-4#MONACO MOTOCENTER LAGOA COMERCIAL LTDA#AUTORIZAÇAO SAIDA VEICULO#PROCESSO;7;2026-07-10;
SEFAZ - RECEITA;1341282026-1#JOAO ANTONIO OLIVEIRA DA SILVA#AUTORIZAÇAO SAIDA VEICULO#PROCESSO;14;2026-07-10;
SEFAZ - RECEITA;1352332026-7#SAFIRA MOTORS LTDA#AUTORIZAÇAO SAIDA VEICULO#PROCESSO;27;2026-07-10;
SEFAZ - RECEITA;1352352026-6#TRANSPORTADORA TRANSAGUIAR LTDA#AUTORIZAÇAO SAIDA VEICULO#PROCESSO;24;2026-07-10;
SEFAZ - RECEITA;1353832026-8#BETRAL VEICULOS LTDA#AUTORIZAÇAO SAIDA VEICULO#PROCESSO;13;2026-07-10;
SEFAZ - RECEITA;1353792026-1#BETRAL VEICULOS LTDA#AUTORIZAÇAO SAIDA VEICULO#PROCESSO;12;2026-07-10;
SEFAZ - RECEITA;1353712026-5#EDIVAN MARREIROS RODRIGUES#AUTORIZAÇAO SAIDA VEICULO#PROCESSO;11;2026-07-10;
SEFAZ - RECEITA;1365392026-4#PAULA KAMYLLA BARROS DE SOUZA#AUTORIZAÇAO SAIDA VEICULO#PROCESSO;15;2026-07-10;
SEFAZ - RECEITA;1354512026-0#RONI REIS DE ALMEIDA#AUTORIZAÇAO SAIDA VEICULO#PROCESSO;11;2026-07-10;
SEFAZ - RECEITA;1366242026-0#DELZIANE DE OLIVEIRA LOPES#AUTORIZAÇAO SAIDA VEICULO#PROCESSO;17;2026-07-10;
SEFAZ - RECEITA;1366142026-7#MEDCLIN SERVIÇOS E PRODUTOS MEDICO HOSPITALAR LTDA#AUTORIZAÇAO SAIDA VEICULO#PROCESSO;24;2026-07-10;
SEFAZ - RECEITA;1410732026-0#GEOVAN DA SILVA RODRIGUES#AUTORIZAÇAO SAIDA VEICULO#PROCESSO;13;2026-07-10;
SEFAZ - RECEITA;1410742026-4#MARCIO MENDES DA SILVA#AUTORIZAÇAO SAIDA VEICULO#PROCESSO;10;2026-07-10;
SEFAZ - RECEITA;1400212026-0#MATHEUS HENRIQUE PEREIRA COELHO#AUTORIZAÇAO SAIDA VEICULO#PROCESSO;8;2026-07-10;
SEFAZ - RECEITA;1399592026-8#BANCO PAN S.A#AUTORIZAÇAO SAIDA VEICULO#PROCESSO;14;2026-07-10;
SEFAZ - RECEITA;1398542026-2#YASMIN TAYNAR NASCIMENTO BARROSO#AUTORIZAÇAO SAIDA VEICULO#PROCESSO;11;2026-07-10;
SEFAZ - RECEITA;1398592026-5#LAURINDO MARQUES DE ALMEIDA#AUTORIZAÇAO SAIDA VEICULO#PROCESSO;10;2026-07-10;
SEFAZ - RECEITA;1399252026-9#MONACO MOTOCENTER LAGOA COMERCIAL LTDA#AUTORIZAÇAO SAIDA VEICULO#PROCESSO;7;2026-07-10;
SEFAZ - RECEITA;1399232026-0#MARCOS VINICIUS PINTO CUNHA#AUTORIZAÇAO SAIDA VEICULO#PROCESSO;10;2026-07-10;
SEFAZ - RECEITA;1399262026-3#JOAO PEREIRA MONTEIRO#AUTORIZAÇAO SAIDA VEICULO#PROCESSO;11;2026-07-10;
SEFAZ - RECEITA;1399302026-0#BANCO SANTANDER BANESPA#AUTORIZAÇAO SAIDA VEICULO#PROCESSO;19;2026-07-10;
SEFAZ - RECEITA;1234172026-9#LEONARDO ONDEI CAVALHEIRO#AUTORIZAÇAO SAIDA VEICULO#PROCESSO;18;2026-07-10;
SEFAZ - RECEITA;1245752026-6#MONACO MOTOCENTER LAGOA COMERCIAL LTDA#AUTORIZAÇAO SAIDA VEICULO#PROCESSO;7;2026-07-10;
SEFAZ - RECEITA;1101512026-1#AMAURY MESTRE DA SILVA#AUTORIZAÇAO SAIDA VEICULO#PROCESSO;9;2026-07-10;
SEFAZ - RECEITA;1101482026-0#JANI DA SILVA MORAIS PEIXOTO#AUTORIZAÇAO SAIDA VEICULO#PROCESSO;9;2026-07-10;
SEFAZ - RECEITA;1102052026-4#ITAU UNIBANCO S.A#AUTORIZAÇAO SAIDA VEICULO#PROCESSO;26;2026-07-10;
SEFAZ - RECEITA;1102102026-5#ITAU UNIBANCO S.A#AUTORIZAÇAO SAIDA VEICULO#PROCESSO;27;2026-07-10;
SEFAZ - RECEITA;1102162026-2#ITAU UNIBANCO S.A#AUTORIZAÇAO SAIDA VEICULO#PROCESSO;24;2026-07-10;
SEFAZ - RECEITA;1102412026-0#LUIZ OMAR CARDOSO PINHEIRO#AUTORIZAÇAO SAIDA VEICULO#PROCESSO;11;2026-07-10;
SEFAZ - RECEITA;1102852026-3#MONACO MOTOCENTER LAGOA COMERCIAL LTDA#AUTORIZAÇAO SAIDA VEICULO#PROCESSO;8;2026-07-10;
SEFAZ - RECEITA;1103582026-9#MONACO MOTOCENTER LAGOA COMERCIAL LTDA#AUTORIZAÇAO SAIDA VEICULO#PROCESSO;7;2026-07-10;
SEFAZ - RECEITA;1103292026-2#MONACO MOTOCENTER LAGOA COMERCIAL LTDA#AUTORIZAÇAO SAIDA VEICULO#PROCESSO;7;2026-07-10;
SEFAZ - RECEITA;1103052026-7#MONACO MOTOCENTER LAGOA COMERCIAL LTDA#AUTORIZAÇAO SAIDA VEICULO#PROCESSO;8;2026-07-10;
SEFAZ - RECEITA;1103202026-1#MONACO MOTOCENTER LAGOA COMERCIAL LTDA#AUTORIZAÇAO SAIDA VEICULO#PROCESSO;7;2026-07-10;
SEFAZ - RECEITA;1102902026-4#MONACO MOTOCENTER LAGOA COMERCIAL LTDA#AUTORIZAÇAO SAIDA VEICULO#PROCESSO;8;2026-07-10;
SEFAZ - RECEITA;1103152026-0#MONACO MOTOCENTER LAGOA COMERCIAL LTDA#AUTORIZAÇAO SAIDA VEICULO#PROCESSO;8;2026-07-10;
SEFAZ - RECEITA;1102932026-8#MONACO MOTOCENTER LAGOA COMERCIAL LTDA#AUTORIZAÇAO SAIDA VEICULO#PROCESSO;8;2026-07-10;
SEFAZ - RECEITA;1103252026-4#MONACO MOTOCENTER LAGOA COMERCIAL LTDA#AUTORIZAÇAO SAIDA VEICULO#PROCESSO;7;2026-07-10;
SEFAZ - RECEITA;1103262026-9#MONACO MOTOCENTER LAGOA COMERCIAL LTDA#AUTORIZAÇAO SAIDA VEICULO#PROCESSO;7;2026-07-10;
SEFAZ - RECEITA;1102882026-7#MONACO MOTOCENTER LAGOA COMERCIAL LTDA#AUTORIZAÇAO SAIDA VEICULO#PROCESSO;8;2026-07-10;
SEFAZ - RECEITA;1102872026-2#MONACO MOTOCENTER LAGOA COMERCIAL LTDA#AUTORIZAÇAO SAIDA VEICULO#PROCESSO;8;2026-07-10;
SEFAZ - RECEITA;1103832026-7#JOSE AMAURY MARTINS GOMES#AUTORIZAÇAO SAIDA VEICULO#PROCESSO;6;2026-07-10;
SEFAZ - RECEITA;1111792026-7#MARILDA SOUZA SANGEL#AUTORIZAÇAO SAIDA VEICULO#PROCESSO;19;2026-07-10;
SEFAZ - RECEITA;1102432026-0#EVELIZE EMPREENDIMENTOS LTDA#AUTORIZAÇAO SAIDA VEICULO#PROCESSO;15;2026-07-10;
SEFAZ - RECEITA;0943162026-0#JOSE CARLOS BAIA PANTOJA#SAIDA DE VEICULO DA ALCMS#PROCESSO;12;2026-07-10;
SEFAZ - RECEITA;0938302026-1#IVANILDA DA SILVA NEVES#SAIDA DE VEICULO DA ALCMS#PROCESSO;13;2026-07-10;
SEFAZ - RECEITA;0929862026-8#ELESSANDRO OLIVEIRA GOMES#SAIDA DE VEICULO DA ALCMS#PROCESSO;11;2026-07-10;
SEFAZ - RECEITA;0943832026-1#EZER BELO DAS CHAGAS#SAIDA DE VEICULO DA ALCMS#PROCESSO;27;2026-07-10;
SEFAZ - RECEITA;0923302026-6#JEFERSON FLORENCIO DA COSTA#SAIDA DE VEICULO DA ALCMS#PROCESSO;7;2026-07-10;
SEFAZ - RECEITA;0939092026-4#MONACO MOTOCENTER LAGOA COMERCIAL LTDA#SAIDA DE VEICULO DA ALCMS#PROCESSO;7;2026-07-10;
SEFAZ - RECEITA;0938812026-4#MONACO MOTOCENTER LAGOA COMERCIAL LTDA#SAIDA DE VEICULO DA ALCMS#PROCESSO;8;2026-07-10;
SEFAZ - RECEITA;0938832026-3#MONACO MOTOCENTER LAGOA COMERCIAL LTDA#SAIDA DE VEICULO DA ALCMS#PROCESSO;7;2026-07-10;
SEFAZ - RECEITA;0938902026-3#MONACO MOTOCENTER LAGOA COMERCIAL LTDA#SAIDA DE VEICULO DA ALCMS#PROCESSO;7;2026-07-10;
SEFAZ - RECEITA;0939002026-3#MONACO MOTOCENTER LAGOA COMERCIAL LTDA#SAIDA DE VEICULO DA ALCMS#PROCESSO;7;2026-07-10;
SEFAZ - RECEITA;0939072026-5#MONACO MOTOCENTER LAGOA COMERCIAL LTDA#SAIDA DE VEICULO DA ALCMS#PROCESSO;8;2026-07-10;
SEFAZ - RECEITA;0939102026-7#MONACO MOTOCENTER LAGOA COMERCIAL LTDA#SAIDA DE VEICULO DA ALCMS#PROCESSO;7;2026-07-10;
SEFAZ - RECEITA;0939212026-5#MONACO MOTOCENTER LAGOA COMERCIAL LTDA#SAIDA DE VEICULO DA ALCMS#PROCESSO;8;2026-07-10;
SEFAZ - RECEITA;0939172026-9#MONACO MOTOCENTER LAGOA COMERCIAL LTDA#SAIDA DE VEICULO DA ALCMS#PROCESSO;7;2026-07-10;
SEFAZ - RECEITA;0939142026-5#MONACO MOTOCENTER LAGOA COMERCIAL LTDA#SAIDA DE VEICULO DA ALCMS#PROCESSO;7;2026-07-10;
SEFAZ - RECEITA;0938782026-2#MONACO MOTOCENTER LAGOA COMERCIAL LTDA#SAIDA DE VEICULO DA ALCMS#PROCESSO;8;2026-07-10;
SEFAZ - RECEITA;0938972026-5#MONACO MOTOCENTER LAGOA COMERCIAL LTDA#SAIDA DE VEICULO DA ALCMS#PROCESSO;7;2026-07-10;
SEFAZ - RECEITA;0929332023-6#RANIERE CANDIDO DE ALMEIDA#SAIDA DE VEICULO DA ALCMS#PROCESSO;13;2026-07-10;
SEFAZ - RECEITA;0929322026-1#ADELINO DOMINGUEZ NUNEZ#SAIDA DE VEICULO DA ALCMS#PROCESSO;12;2026-07-10;
SEFAZ - RECEITA;0923372026-8#MONACO MOTOCENTER LAGOA COMERCIAL LTDA#SAIDA DE VEICULO DA ALCMS#PROCESSO;7;2026-07-10;
SEFAZ - RECEITA;0923462026-7#R V COMERCIO & SERVICOS LTDA#SAIDA DE VEICULO DA ALCMS#PROCESSO;15;2026-07-10;
SEFAZ - RECEITA;0923232026-6#BANCO PAN S.A#SAIDA DE VEICULO DA ALCMS#PROCESSO;18;2026-07-10;
SEFAZ - RECEITA;0923282026-9#AYMORE CREDITO FINANCIAMENTO E INVESTIMENTO S.A#SAIDA DE VEICULO DA ALCMS#PROCESSO;26;2026-07-10;
SEFAZ - RECEITA;0923312026-0#BANCO HONDA S.A#SAIDA DE VEICULO DA ALCMS#PROCESSO;16;2026-07-10;
SEFAZ - RECEITA;0923122026-8#AMAZON POLPAS IND. E COM. DE POLPAS DA AMAZONIA LTDA#SAIDA DE VEICULO DA ALCMS#PROCESSO;22;2026-07-10;
SEFAZ - RECEITA;0922982026-1#ALESSANDRA GOMES#SAIDA DE VEICULO DA ALCMS#PROCESSO;10;2026-07-10;
SEFAZ - RECEITA;1012992026-6#QUALITA LTDA#PEDIDO DE BAIXA#PROCESSO;21;2026-07-10;
SEFAZ - RECEITA;1537812026-8#A L A PIRES LTDA#SAIDA DE VEICULO DA ALCMS#PROCESSO;22;2026-07-10;
SEFAZ - RECEITA;1539652026-4#RAIMUNDO CONCEICAO FONSECA DOS SANTOS#SAIDA DE VEICULO DA ALCMS#PROCESSO;10;2026-07-10;
SEFAZ - RECEITA;1540962026-7#SUZIANE NEGRAO SANTIAGO#SAIDA DE VEICULO DA ALCMS#PROCESSO;13;2026-07-10;
SEFAZ - RECEITA;1540132026-4#EDIELSON CARMONA DE SOUSA#SAIDA DE VEICULO DA ALCMS#PROCESSO;8;2026-07-10;
SEFAZ - RECEITA;1540652026-1#MONACO MOTOCENTER LAGOA COMERCIAL LTDA#SAIDA DE VEICULO ALCMS#PROCESSO;7;2026-07-10;
SEFAZ - RECEITA;1540642026-7#MONACO MOTOCENTER LAGOA COMERCIAL LTDA#SAIDA DE VEICULO ALCMS#PROCESSO;7;2026-07-10;
SEFAZ - RECEITA;1540612026-3#MONACO MOTOCENTER LAGOA COMERCIAL LTDA#SAIDA DE VEICULO ALCMS#PROCESSO;7;2026-07-10;
SEFAZ - RECEITA;1540562026-2#MONACO MOTOCENTER LAGOA COMERCIAL LTDA#SAIDA DE VEICULO ALCMS#PROCESSO;7;2026-07-10;
SEFAZ - RECEITA;1540522026-4#CONQUISTA MOTOS E MOTORES LTDA#SAIDA DE VEICULO DA ALCMS#PROCESSO;7;2026-07-10;
SEFAZ - RECEITA;1540512026-0#CONQUISTA MOTOS E MOTORES LTDA#SAIDA DE VEICULO DA ALCMS#PROCESSO;8;2026-07-10;
SEFAZ - RECEITA;1540232026-8#CONQUISTA MOTOS E MOTORES LTDA#SAIDA DE VEICULO DA ALCMS#PROCESSO;7;2026-07-10;
SEFAZ - RECEITA;1540082026-3#CONQUISTA MOTOS E MOTORES LTDA#SAIDA DE VEICULO DA ALCMS#PROCESSO;9;2026-07-10;
SEFAZ - RECEITA;1540002026-7#CONQUISTA MOTOS E MOTORES LTDA#SAIDA DE VEICULO DA ALCMS#PROCESSO;9;2026-07-10;
SEFAZ - RECEITA;1539832026-2#CONQUISTA MOTOS E MOTORES LTDA#SAIDA DE VEICULO DA ALCMS#PROCESSO;9;2026-07-10;
SEFAZ - RECEITA;1539822026-8#CONQUISTA MOTOS E MOTORES LTDA#SAIDA DE VEICULO DA ALCMS#PROCESSO;9;2026-07-10;
SEFAZ - RECEITA;1539782026-1#CONQUISTA MOTOS E MOTORES LTDA#SAIDA DE VEICULO DA ALCMS#PROCESSO;9;2026-07-10;
SEFAZ - RECEITA;1539752026-8#CONQUISTA MOTOS E MOTORES LTDA#SAIDA DE VEICULO DA ALCMS#PROCESSO;9;2026-07-10;
SEFAZ - RECEITA;1539712026-0#CONQUISTA MOTOS E MOTORES LTDA#SAIDA DE VEICULO DA ALCMS#PROCESSO;9;2026-07-10;
SEFAZ - RECEITA;1539682026-8#CONQUISTA MOTOS E MOTORES LTDA#SAIDA DE VEICULO DA ALCMS#PROCESSO;9;2026-07-10;
SEFAZ - RECEITA;1539672026-3#CONQUISTA MOTOS E MOTORES LTDA#SAIDA DE VEICULO DA ALCMS#PROCESSO;9;2026-07-10;
SEFAZ - RECEITA;1539642026-0#CONQUISTA MOTOS E MOTORES LTDA#SAIDA DE VEICULO DA ALCMS#PROCESSO;9;2026-07-10;
SEFAZ - RECEITA;1539622026-0#CONQUISTA MOTOS E MOTORES LTDA#SAIDA DE VEICULO DA ALCMS#PROCESSO;9;2026-07-10;
SEFAZ - RECEITA;1539422026-3#CONQUISTA MOTOS E MOTORES LTDA#SAIDA DE VEICULO DA ALCMS#PROCESSO;9;2026-07-10;
SEFAZ - RECEITA;1539342026-9#CONQUISTA MOTOS E MOTORES LTDA#SAIDA DE VEICULO DA ALCMS#PROCESSO;9;2026-07-10;
SEFAZ - RECEITA;1539322026-0#CONQUISTA MOTOS E MOTORES LTDA#SAIDA DE VEICULO DA ALCMS#PROCESSO;9;2026-07-10;
SEFAZ - RECEITA;1539272026-9#CONQUISTA MOTOS E MOTORES LTDA#SAIDA DE VEICULO DA ALCMS#PROCESSO;9;2026-07-10;
SEFAZ - RECEITA;1539262026-4#CONQUISTA MOTOS E MOTORES LTDA#SAIDA DE VEICULO DA ALCMS#PROCESSO;9;2026-07-10;
SEFAZ - RECEITA;1423762026-3#DIEFSON WALLACCY FERREIRA DO NASCIMENTO#SAIDA DE VEICULO DA ALCMS#PROCESSO;14;2026-07-10;
SEFAZ - RECEITA;1184682026-0#VIDA PET COMERCIO DE PRODUTOS VETERINARIOS LTDA#SAIDA DE VEICULO DA ALCMS#PROCESSO;16;2026-07-10;
SEFAZ - RECEITA;1184692026-4#ELTON DE SOUZA OLIVEIRA#SAIDA DE VEICULO DA ALCMS#PROCESSO;14;2026-07-10;
SEFAZ - RECEITA;1184622026-2#BANCO J SAFRA S.A#SAIDA DE VEICULO DA ALCMS#PROCESSO;19;2026-07-10;
SEFAZ - RECEITA;1184662026-0#BANCO J SAFRA S.A#SAIDA DE VEICULO DA ALCMS#PROCESSO;19;2026-07-10;
SEFAZ - RECEITA;1196922026-0#IGUACU LUIZ SARMENTO DA COSTA LTDA#SAIDA DE VEICULO ALCMS#PROCESSO;21;2026-07-10;
SEFAZ - RECEITA;1186572026-7#MONACO MOTOCENTER LAGOA COMERCIAL LTDA#SAIDA DE VEICULO ALCMS#PROCESSO;7;2026-07-10;
SEFAZ - RECEITA;1186542026-3#MONACO MOTOCENTER LAGOA COMERCIAL LTDA#SAIDA DE VEICULO ALCMS#PROCESSO;8;2026-07-10;
SEFAZ - RECEITA;1186482026-8#MONACO MOTOCENTER LAGOA COMERCIAL LTDA#SAIDA DE VEICULO ALCMS#PROCESSO;7;2026-07-10;
SEFAZ - RECEITA;1186432026-5#MONACO MOTOCENTER LAGOA COMERCIAL LTDA#SAIDA DE VEICULO ALCMS#PROCESSO;7;2026-07-10;
SEFAZ - RECEITA;1186402026-1#MONACO MOTOCENTER LAGOA COMERCIAL LTDA#SAIDA DE VEICULO ALCMS#PROCESSO;8;2026-07-10;
SEFAZ - RECEITA;1186172026-2#MONACO MOTOCENTER LAGOA COMERCIAL LTDA#SAIDA DE VEICULO ALCMS#PROCESSO;8;2026-07-10;
SEFAZ - RECEITA;1186142026-9#MONACO MOTOCENTER LAGOA COMERCIAL LTDA#SAIDA DE VEICULO ALCMS#PROCESSO;7;2026-07-10;
SEFAZ - RECEITA;1186122026-0#MONACO MOTOCENTER LAGOA COMERCIAL LTDA#SAIDA DE VEICULO ALCMS#PROCESSO;7;2026-07-10;
SEFAZ - RECEITA;1186092026-8#MONACO MOTOCENTER LAGOA COMERCIAL LTDA#SAIDA DE VEICULO ALCMS#PROCESSO;7;2026-07-10;
SEFAZ - RECEITA;1186062026-4#MONACO MOTOCENTER LAGOA COMERCIAL LTDA#SAIDA DE VEICULO ALCMS#PROCESSO;7;2026-07-10;
SEFAZ - RECEITA;1186042026-5#MONACO MOTOCENTER LAGOA COMERCIAL LTDA#SAIDA DE VEICULO ALCMS#PROCESSO;7;2026-07-10;
SEFAZ - RECEITA;1186512026-0#MONACO MOTOCENTER LAGOA COMERCIAL LTDA#SAIDA DE VEICULO ALCMS#PROCESSO;7;2026-07-10;
SEFAZ - RECEITA;1186592026-6#MONACO MOTOCENTER LAGOA COMERCIAL LTDA#SAIDA DE VEICULO ALCMS#PROCESSO;8;2026-07-10;
SEFAZ - RECEITA;1196372026-1#RAIMUNDO ROQUE DE SOUZA#SAIDA DE VEICULO ALCMS#PROCESSO;10;2026-07-10;
SEFAZ - RECEITA;1231982026-4#ELDORADO VEICULOS E PECAS LTDA#SAIDA DE VEICULO ALCMS#PROCESSO;11;2026-07-10;
SEFAZ - RECEITA;1232002026-8#ELDORADO VEICULOS E PACAS LTDA#SAIDA DE VEICULO ALCMS#PROCESSO;10;2026-07-10;
SEFAZ - RECEITA;1200052026-0#ELDER MONTEIRO FERREIRA#SAIDA DE VEICULO ALCMS#PROCESSO;12;2026-07-10;
SEFAZ - RECEITA;1125102026-7#FLAP TRANSPORTES LTDA#SAIDA DE VEICULO ALCMS#PROCESSO;20;2026-07-10;
SEFAZ - RECEITA;1125092026-4#VIACAO VALE DO AMAZONAS LTDA#SAIDA DE VEICULO ALCMS#PROCESSO;21;2026-07-10;
SEFAZ - RECEITA;1198742026-8#CONQUISTA MOTOS E MOTORES LTDA#SAIDA DE VEICULO ALCMS#PROCESSO;9;2026-07-10;
SEFAZ - RECEITA;1199052026-0#ELIJAKSON LIMA PORTELA#SAIDA DE VEICULO ALCMS#PROCESSO;7;2026-07-10;
SEFAZ - RECEITA;1199362026-5#MONACO MOTOCENTER LAGOA COMERCIAL LTDA#SAIDA DE VEICULO ALCMS#PROCESSO;7;2026-07-10;
SEFAZ - RECEITA;1199352026-0#MONACO MOTOCENTER LAGOA COMERCIAL LTDA#SAIDA DE VEICULO ALCMS#PROCESSO;9;2026-07-10;
SEFAZ - RECEITA;1256552026-3#M DE N N DA SILVA LTDA#SAIDA DE VEICULO ALCMS#PROCESSO;11;2026-07-10;
SEFAZ - RECEITA;1256332026-7#M DE N N DA SILVA LTDA#SAIDA DE VEICULO ALCMS#PROCESSO;13;2026-07-10;
SEFAZ - RECEITA;1233612026-7#ADRIANO LACERDA DE SOUZA#SAIDA DE VEICULO ALCMS#PROCESSO;13;2026-07-10;
SEFAZ - RECEITA;1233832026-3#K.N.S. DA SILVA-ME#SAIDA DE VEICULO ALCMS#PROCESSO;15;2026-07-10;
SEFAZ - RECEITA;1246242026-6#WILSON KAWAKAMI#SAIDA DE VEICULO ALCMS#PROCESSO;9;2026-07-10;
SEFAZ - RECEITA;1245782026-0#MONACO MOTOCENTER LAGOA COMERCIAL LTDA#SAIDA DE VEICULO ALCMS#PROCESSO;7;2026-07-10;
SEFAZ - RECEITA;1245772026-5#MONACO MOTOCENTER LAGOA COMERCIAL LTDA#SAIDA DE VEICULO ALCMS#PROCESSO;8;2026-07-10;
SEFAZ - RECEITA;1233602026-2#MONACO MOTOCENTER LAGOA COMERCIAL LTDA#SAIDA DE VEICULO ALCMS#PROCESSO;7;2026-07-10;
SEFAZ - RECEITA;1233842026-8#MONACO MOTOCENTER LAGOA COMERCIAL LTDA#SAIDA DE VEICULO ALCMS#PROCESSO;7;2026-07-10;
SEFAZ - RECEITA;1233572026-0#MONACO MOTOCENTER LAGOA COMERCIAL LTDA#SAIDA DE VEICULO ALCMS#PROCESSO;9;2026-07-10;
SEFAZ - RECEITA;1233552026-1#MONACO MOTOCENTER LAGOA COMERCIAL LTDA#SAIDA DE VEICULO ALCMS#PROCESSO;8;2026-07-10;
SEFAZ - RECEITA;1233522026-8#MONACO MOTOCENTER LAGOA COMERCIAL LTDA#SAIDA DE VEICULO ALCMS#PROCESSO;8;2026-07-10;
SEFAZ - RECEITA;1233402026-5#MAIRA VIVIANE DE PINHO DE SOUZA BRAZAO#SAIDA DE VEICULO ALCMS#PROCESSO;8;2026-07-10;
SEFAZ - RECEITA;1246232026-1#TRANSWOOD TRANSPORTE E LOGISTICA LTDA#SAIDA DE VEICULO ALCMS#PROCESSO;33;2026-07-10;
SEFAZ - RECEITA;1245482026-9#MONACO MOTOCENTER LAGOA COMERCIAL LTDA#SAIDA DE VEICULO DA ALCMS#PROCESSO;8;2026-07-10;
SEFAZ - RECEITA;1245492026-3#MONACO MOTOCENTER LAGOA COMERCIAL LTDA#SAIDA DE VEICULO DA ALCMS#PROCESSO;7;2026-07-10;
SEFAZ - RECEITA;1245732026-7#MONACO MOTOCENTER LAGOA COMERCIAL LTDA#SAIDA DE VEICULO DA ALCMS#PROCESSO;8;2026-07-10;
SEFAZ - RECEITA;1233852026-2#MONACO MOTOCENTER LAGOA COMERCIAL LTDA#SAIDA DE VEICULO DA ALCMS#PROCESSO;7;2026-07-10;
SEFAZ - RECEITA;1233092026-1#PRISCILA ANTUNES DA CUNHA KUROHATA#SAIDA DE VEICULO DA ALCMS#PROCESSO;9;2026-07-10;
SEFAZ - RECEITA;1234202026-0#FLAP TRANSPORTES LTDA#SAIDA DE VEICULO DA ALCMS#PROCESSO;20;2026-07-10;
SEFAZ - RECEITA;1234222026-0#VIACAO VALE DO AMAZONAS LTDA#SAIDA DE VEICULO DA ALCMS#PROCESSO;20;2026-07-10;
SEFAZ - RECEITA;8283952025-7#EDIVALDO DE SOUSA MELO#SAIDA DE VEICULO DA ALCMS#PROCESSO;7;2026-07-10;
SEFAZ - RECEITA;8280942025-4#ALESSANDRA DE OLIVEIRA SILVA#SAIDA DE VEICULO DA ALCMS#PROCESSO;7;2026-07-10;
SEFAZ - RECEITA;8278492025-9#A.A.A. CALANDRINI LTDA#SAIDA DE VEICULO DA ALCMS#PROCESSO;12;2026-07-10;
SEFAZ - RECEITA;8278472025-0#A.A.A. CALANDRINI LTDA#SAIDA DE VEICULO DA ALCMS#PROCESSO;12;2026-07-10;
SEFAZ - RECEITA;8278532025-5#ANADILZA FURTADO DE LIMA#SAIDA DE VEICULO DA ALCMS#PROCESSO;8;2026-07-10;
SEFAZ - RECEITA;8278582025-8#WEMESON COSTA DE SOUSA#SAIDA DE VEICULO DA ALCMS#PROCESSO;13;2026-07-10;
SEFAZ - RECEITA;8278562025-9#MARIA ANTONIA DO SOCORRO ARAUJO CONRADO#SAIDA DE VEICULO DA ALCMS#PROCESSO;12;2026-07-10;
SEFAZ - RECEITA;8278642025-3#ANDRADE & BRITO LTDA#SAIDA DE VEICULO DA ALCMS#PROCESSO;11;2026-07-10;
SEFAZ - RECEITA;8278212025-5#BYTECAP LTDA#SAIDA DE VEICULO DA ALCMS#PROCESSO;31;2026-07-10;
SEFAZ - RECEITA;8274262025-7#KATRYNA TAVARES MIRANDA#SAIDA DE VEICULO DA ALCMS#PROCESSO;9;2026-07-10;
SEFAZ - RECEITA;8274352025-6#SANTOS BARBOSA LTDA-EPP#SAIDA DE VEICULO DA ALCMS#PROCESSO;13;2026-07-10;
SEFAZ - RECEITA;8274532025-4#MARIA INEZ BARBOSA DA SILVA#SAIDA DE VEICULO DA ALCMS#PROCESSO;13;2026-07-10;
SEFAZ - RECEITA;8274602025-4#MONACO MOTOCENTER LAGOA COMERCIAL LTDA#SAIDA DE VEICULO DA ALCMS#PROCESSO;9;2026-07-10;
SEFAZ - RECEITA;8274612025-9#MONACO MOTOCENTER LAGOA COMERCIAL LTDA#SAIDA DE VEICULO DA ALCMS#PROCESSO;8;2026-07-10;
SEFAZ - RECEITA;8274692025-5#POSTO SAO BENEDITO LTDA-EPP#SAIDA DE VEICULO DA ALCMS#PROCESSO;16;2026-07-10;
SEFAZ - RECEITA;8274732025-1#ASCENCAO DE MARIA FONSECA#SAIDA DE VEICULO DA ALCMS#PROCESSO;10;2026-07-10;
SEFAZ - RECEITA;8388072025-8#RAIMUNDA GECIANE SILVA DE OLIVEIRA SOUSA#SAIDA DE VEICULO DA ALCMS#PROCESSO;9;2026-07-10;
SEFAZ - RECEITA;1389792025-5#D.M.A MACIEL E CIA LTDA#RELATORIO ABRIL DE 2025#PROCESSO;9;2026-07-10;
SEFAZ - RECEITA;3620332025-0#NUNES & SANTOS LTDA#SAIDA DE VEICULO ALCMS#PROCESSO;26;2026-07-10;
SEFAZ - RECEITA;2307342025-8#J DOS SANTOS FACUNDES LTDA#PEDIDO DE IMPUGNAÇAO#PROCESSO;64;2026-07-10;
SEFAZ - RECEITA;3395812025-3#DISTRIBUIDORA ESTRELA LTDA#NOTIFICAÇAO REGULARIZAÇAO ACESSORIA#PROCESSO;7;2026-07-10;
SEFAZ - RECEITA;4502902025-0#MENTOKO COMERCIO IMPORTACAO E EXPORTACAO LTDA#PEDIDO DE BAIXA#PROCESSO;23;2026-07-10;
SEFAZ - RECEITA;0164792024-8#W.C FERREIRA-ME#RESTITUIÇAO DO ICMS#PROCESSO;40;2026-07-10;
SEFAZ - RECEITA;3190802025-6#CABANA DA JUREMA LTDA#RESSARCIMENTO DO ICMS#PROCESSO;29;2026-07-10;
SEFAZ - RECEITA;0825852025-3#NUTRIAMA LTDA#CUMPRIMENTO DECISAO JUDICIAL#PROCESSO;39;2026-07-10;
SEFAZ - RECEITA;0883742025-0#PHILIPS MEDICAL SYSTEMS LTDA#RESTITUIÇAO DO ICMS#PROCESSO;93;2026-07-10;
SEFAZ - RECEITA;0214192025-6#SENDAS DISTRIBUIDORA S.A#RESTITUIÇAO DO ICMS#PROCESSO;24;2026-07-10;
SEFAZ - RECEITA;0425482024-0#TIM S.A#RESTITUIÇAO DO ICMS#PROCESSO;14;2026-07-10;
SEFAZ - RECEITA;0763412026-0#L P EMPREENDIMENTOS LTDA#PEDIDO DE REATIVAÇAO#PROCESSO;45;2026-07-10;
SEFAZ - RECEITA;0572672026-1#WHITE MARTINS GASES INDUSTRIAIS DO NORTE LTDA#REINICIO DE ATIVIDADE#PROCESSO;10;2026-07-10;
SEFAZ - RECEITA;8226642025-9#IPIRANGA PRODUTOS DE PETROLEO S.A#SOLICITAÇAO DE COPIA DE PROCESSO#PROCESSO;58;2026-07-10;
SEFAZ - RECEITA;0294552026-5#EQUINOCIO HOSPITALAR LTDA#RELATORIO DE NOTA FISCAL#PROCESSO;114;2026-07-10;
SEFAZ - RECEITA;0099442025-0#EQUINOCIO HOSPITALAR LTDA#ATO DECLARATORIO Nº 2022 0008-SEFAZ#PROCESSO;98;2026-07-10;
SEFAZ - RECEITA;0938762026-3#EQUINOCIO HOSPITALAR LTDA#RELATORIO DE NOTA FISCAL#PROCESSO;109;2026-07-10;
SEFAZ - RECEITA;1563132026-6#EQUINOCIO HOSPITALAR LTDA#RELATORIO DE NOTA FISCAL#PROCESSO;121;2026-07-10;
SEFAZ - RECEITA;0014982025-9#EQUINOCIO HOSPITALAR LTDA#RELATORIO DE NOTA FISCAL#PROCESSO;93;2026-07-10;
SEFAZ - RECEITA;0406632024-4#EQUINOCIO HOSPITALAR LTDA#RELATORIO DE NOTA FISCAL#PROCESSO;93;2026-07-10;
SEFAZ - RECEITA;1091292026-2#EQUINOCIO HOSPITALAR LTDA#RELATORIO DAS NOTAS FISCAIS FEVEREIRO 2026#PROCESSO;81;2026-07-10;
SEFAZ - RECEITA;2696612026-0#EQUINOCIO HOSPITALAR LTDA#RELATORIO DE NF MAIO 2026#PROCESSO;118;2026-07-10;
SEFAZ - RECEITA;8337412025-3#JULIO MACEDO DE SANTANA#SAIDA DE VEICULO ALCMS#PROCESSO;11;2026-07-10;
SEFAZ - RECEITA;8337312025-0#BANCO PAN S.A#SAIDA DE VEICULO ALCMS#PROCESSO;14;2026-07-10;
SEFAZ - RECEITA;8337292025-2#SERGIO SILVA LAGO#SAIDA DE VEICULO ALCMS#PROCESSO;7;2026-07-10;
SEFAZ - RECEITA;8337282025-8#IGOR PEREIRA DE ALMEIDA#SAIDA DE VEICULO ALCMS#PROCESSO;11;2026-07-10;
SEFAZ - RECEITA;8337262025-9#BANCO PAN S.A#SAIDA DE VEICULO ALCMS#PROCESSO;17;2026-07-10;
SEFAZ - RECEITA;8341182025-0#BRENO DA PAIXAO PEREIRA#SAIDA DE VEICULO ALCMS#PROCESSO;7;2026-07-10;
SEFAZ - RECEITA;8873082025-1#CONCESSIONARIA DE SANEAMENTO DO AMAPA SPE S.A#AUTORIZAÇAO DE DOCUMENTOS FISCAIS#PROCESSO;7;2026-07-10;
SEFAZ - RECEITA;9107732025-6#JACQUELINE CAMARA SANTOS#SAIDA DE VEICULO ALCMS#PROCESSO;12;2026-07-10;
SEFAZ - RECEITA;9105092025-2#MONACO MOTOCENTER LAGOA COMERCIAL LTDA#SAIDA DE VEICULO ALCMS#PROCESSO;7;2026-07-10;
SEFAZ - RECEITA;0105032025-5#MONACO MOTOCENTER LAGOA COMERCIAL LTDA#SAIDA DE VEICULO ALCMS#PROCESSO;7;2026-07-10;
SEFAZ - RECEITA;9105042025-0#MONACO MOTOCENTER LAGOA COMERCIAL LTDA#SAIDA DE VEICULO ALCMS#PROCESSO;8;2026-07-10;
SEFAZ - RECEITA;9105062025-9#MONACO MOTOCENTER LAGOA COMERCIAL LTDA#SAIDA DE VEICULO ALCMS#PROCESSO;8;2026-07-10;
SEFAZ - RECEITA;9171542025-0#MONACO MOTOCENTER LAGOA COMERCIAL LTDA#SAIDA DE VEICULO ALCMS#PROCESSO;8;2026-07-10;
SEFAZ - RECEITA;9170992025-4#MONACO MOTOCENTER LAGOA COMERCIAL LTDA#SAIDA DE VEICULO ALCMS#PROCESSO;7;2026-07-10;
SEFAZ - RECEITA;9171562025-9#MONACO MOTOCENTER LAGOA COMERCIAL LTDA#SAIDA DE VEICULO ALCMS#PROCESSO;7;2026-07-10;
SEFAZ - RECEITA;9171582025-8#MONACO MOTOCENTER LAGOA COMERCIAL LTDA#SAIDA DE VEICULO ALCMS#PROCESSO;8;2026-07-10;
SEFAZ - RECEITA;9171622025-4#MONACO MOTOCENTER LAGOA COMERCIAL LTDA#SAIDA DE VEICULO ALCMS#PROCESSO;8;2026-07-10;
SEFAZ - RECEITA;9171662025-2#MONACO MOTOCENTER LAGOA COMERCIAL LTDA#SAIDA DE VEICULO ALCMS#PROCESSO;7;2026-07-10;
SEFAZ - RECEITA;9171642025-3#MONACO MOTOCENTER LAGOA COMERCIAL LTDA#SAIDA DE VEICULO ALCMS#PROCESSO;7;2026-07-10;
SEFAZ - RECEITA;9171632025-9#MONACO MOTOCENTER LAGOA COMERCIAL LTDA#SAIDA DE VEICULO ALCMS#PROCESSO;7;2026-07-10;
SEFAZ - RECEITA;9171592025-2#MONACO MOTOCENTER LAGOA COMERCIAL LTDA#SAIDA DE VEICULO ALCMS#PROCESSO;7;2026-07-10;
SEFAZ - RECEITA;9170192025-5#MONACO MOTOCENTER LAGOA COMERCIAL LTDA#SAIDA DE VEICULO ALCMS#PROCESSO;7;2026-07-10;
SEFAZ - RECEITA;9171552025-4#MONACO MOTOCENTER LAGOA COMERCIAL LTDA#SAIDA DE VEICULO ALCMS#PROCESSO;7;2026-07-10;
SEFAZ - RECEITA;9170092025-1#MONACO MOTOCENTER LAGOA COMERCIAL LTDA#SAIDA DE VEICULO ALCMS#PROCESSO;8;2026-07-10;
SEFAZ - RECEITA;9170422025-4#MONACO MOTOCENTER LAGOA COMERCIAL LTDA#SAIDA DE VEICULO ALCMS#PROCESSO;7;2026-07-10;
SEFAZ - RECEITA;9170212025-2#MONACO MOTOCENTER LAGOA COMERCIAL LTDA#AUTORIZAÇAO DE SAIDA VEICULO ALCMS#PROCESSO;7;2026-07-10;
SEFAZ - RECEITA;9170162025-1#MONACO MOTOCENTER LAGOA COMERCIAL LTDA#AUTORIZAÇAO DE SAIDA VEICULO ALCMS#PROCESSO;7;2026-07-10;
SEFAZ - RECEITA;9168262025-5#M DE LOURDES B DE OLIVEIRA LTDA#AUTORIZAÇAO DE SAIDA VEICULO ALCMS#PROCESSO;15;2026-07-10;
SEFAZ - RECEITA;9170142025-2#MONACO MOTOCENTER LAGOA COMERCIAL LTDA#AUTORIZAÇAO DE SAIDA VEICULO ALCMS#PROCESSO;8;2026-07-10;
SEFAZ - RECEITA;9658032025-7#LUCIENE DE ABREU NEVES#SAIDA DE VEICULO ALCMS#PROCESSO;14;2026-07-10;
SEFAZ - RECEITA;9599502025-0#SHEKINAH VEICULOS LTDA#SAIDA DE VEICULO ALCMS#PROCESSO;17;2026-07-10;
SEFAZ - RECEITA;9603582025-5#L P EMPREENDIMENTOS LTDA#SAIDA DE VEICULO ALCMS#PROCESSO;22;2026-07-10;
SEFAZ - RECEITA;9603522025-8#ALESSANDRA PERCILIA SANTIAGO XAVIER#SAIDA DE VEICULO ALCMS#PROCESSO;11;2026-07-10;
SEFAZ - RECEITA;9291002025-8#MANOEL DE JESUS DA SILVA#SAIDA DE VEICULO ALCMS#PROCESSO;11;2026-07-10;
SEFAZ - RECEITA;9292342025-0#MONACO MOTOCENTER LAGOA COMERCIAL LTDA#SAIDA DE VEICULO ALCMS#PROCESSO;8;2026-07-10;
SEFAZ - RECEITA;9292362025-9#MONACO MOTOCENTER LAGOA COMERCIAL LTDA#SAIDA DE VEICULO ALCMS#PROCESSO;7;2026-07-10;
SEFAZ - RECEITA;9292402025-5#MONACO MOTOCENTER LAGOA COMERCIAL LTDA#SAIDA DE VEICULO ALCMS#PROCESSO;7;2026-07-10;
SEFAZ - RECEITA;9292392025-2#MONACO MOTOCENTER LAGOA COMERCIAL LTDA#SAIDA DE VEICULO ALCMS#PROCESSO;7;2026-07-10;
SEFAZ - RECEITA;9292422025-4#MONACO MOTOCENTER LAGOA COMERCIAL LTDA#SAIDA DE VEICULO ALCMS#PROCESSO;7;2026-07-10;
SEFAZ - RECEITA;9292452025-8#MONACO MOTOCENTER LAGOA COMERCIAL LTDA#SAIDA DE VEICULO ALCMS#PROCESSO;7;2026-07-10;
SEFAZ - RECEITA;9292462025-2#MONACO MOTOCENTER LAGOA COMERCIAL LTDA#SAIDA DE VEICULO ALCMS#PROCESSO;7;2026-07-10;
SEFAZ - RECEITA;9292472025-7#MONACO MOTOCENTER LAGOA COMERCIAL LTDA#SAIDA DE VEICULO ALCMS#PROCESSO;7;2026-07-10;
SEFAZ - RECEITA;9292702025-6#MONACO MOTOCENTER LAGOA COMERCIAL LTDA#SAIDA DE VEICULO ALCMS#PROCESSO;7;2026-07-10;
SEFAZ - RECEITA;9293822025-1#MONACO MOTOCENTER LAGOA COMERCIAL LTDA#SAIDA DE VEICULO ALCMS#PROCESSO;7;2026-07-10;
SEFAZ - RECEITA;9293042025-1#MONACO MOTOCENTER LAGOA COMERCIAL LTDA#SAIDA DE VEICULO ALCMS#PROCESSO;7;2026-07-10;
SEFAZ - RECEITA;9291072025-0#MOSELLI VEICULOS LTDA#SAIDA VEICULO DA ALCMS#PROCESSO;10;2026-07-10;
SEFAZ - RECEITA;9287692025-5#BANCO J SAFRA S.A#SAIDA VEICULO DA ALCMS#PROCESSO;18;2026-07-10;
SEFAZ - RECEITA;9287022025-1#BANCO J SAFRA S.A#SAIDA VEICULO DA ALCMS#PROCESSO;17;2026-07-10;
SEFAZ - RECEITA;9286992025-3#BANCO J SAFRA S.A#SAIDA VEICULO DA ALCMS#PROCESSO;17;2026-07-10;
SEFAZ - RECEITA;9286962025-0#BANCO J SAFRA S.A#SAIDA VEICULO DA ALCMS#PROCESSO;18;2026-07-10;
SEFAZ - RECEITA;9286952025-5#BANCO J SAFRA S.A#SAIDA VEICULO DA ALCMS#PROCESSO;18;2026-07-10;
SEFAZ - RECEITA;9288292025-3#SERVICO NACIONAL DE APRENDIZAGEM COMERCIAL DO AMAPA-SENAC#SAIDA VEICULO DA ALCMS#PROCESSO;10;2026-07-10;
SEFAZ - RECEITA;9344402025-2#PAULO CEZAR MASSON#SAIDA VEICULO DA ALCMS#PROCESSO;11;2026-07-10;
SEFAZ - RECEITA;9232712025-0#ZELIA MARIA AMARAL LOBATO#SAIDA VEICULO DA ALCMS#PROCESSO;13;2026-07-10;
SEFAZ - RECEITA;9228622025-5#CLAODENOR DA COSTA MACIEL#SAIDA VEICULO DA ALCMS#PROCESSO;12;2026-07-10;
SEFAZ - RECEITA;9228602025-6#MARLINDO MENDONCA DA SILVA#SAIDA VEICULO DA ALCMS#PROCESSO;11;2026-07-10;
SEFAZ - RECEITA;9227282025-5#CONQUISTA MOTOS E MOTORES LTDA#SAIDA VEICULO DA ALCMS#PROCESSO;9;2026-07-10;
SEFAZ - RECEITA;9225972025-0#BANCO PAN S.A#SAIDA VEICULO DA ALCMS#PROCESSO;19;2026-07-10;
SEFAZ - RECEITA;9225942025-7#CONSORCIO NACIONAL HONDA LTDA#SAIDA VEICULO DA ALCMS#PROCESSO;24;2026-07-10;
SEFAZ - RECEITA;9225922025-8#BANCO PAN S.A#SAIDA VEICULO DA ALCMS#PROCESSO;15;2026-07-10;
SEFAZ - RECEITA;9225962025-6#CONSORCIO NACIONAL HONDA LTDA#SAIDA VEICULO DA ALCMS#PROCESSO;21;2026-07-10;
SEFAZ - RECEITA;9348312025-4#ALAN RAMON COSTA DA SILVA#SAIDA VEICULO DA ALCMS#PROCESSO;6;2026-07-10;
SEFAZ - RECEITA;9349722025-6#BANCO J SAFRA S.A#SAIDA VEICULO DA ALCMS#PROCESSO;22;2026-07-10;
SEFAZ - RECEITA;9349702025-7#BANCO J SAFRA S.A#SAIDA VEICULO DA ALCMS#PROCESSO;18;2026-07-10;
SEFAZ - RECEITA;9293882025-9#SAO CRISTOVAO COMERCIO DE CAMINHOES E ESTACIONAMENTOS LTDA#SAIDA VEICULO DA ALCMS#PROCESSO;28;2026-07-10;
SEFAZ - RECEITA;9348322025-9#CARLA ELEN DA SILVA VIEIRA#SAIDA VEICULO DA ALCMS#PROCESSO;11;2026-07-10;
SEFAZ - RECEITA;9351012025-6#MONACO MOTOCENTER LAGOA COMERCIAL LTDA#SAIDA VEICULO DA ALCMS#PROCESSO;7;2026-07-10;
SEFAZ - RECEITA;9351002025-1#MONACO MOTOCENTER LAGOA COMERCIAL LTDA#SAIDA VEICULO DA ALCMS#PROCESSO;7;2026-07-10;
SEFAZ - RECEITA;9350992025-2#MONACO MOTOCENTER LAGOA COMERCIAL LTDA#SAIDA VEICULO DA ALCMS#PROCESSO;9;2026-07-10;
SEFAZ - RECEITA;9349692025-4#CONQUISTA MOTOS E MOTORES LTDA#SAIDA DE VEICULO ALCMS#PROCESSO;9;2026-07-10;
SEFAZ - RECEITA;9349682025-0#CONQUISTA MOTOS E MOTORES LTDA#SAIDA DE VEICULO DA ALCMS#PROCESSO;9;2026-07-10;
SEFAZ - RECEITA;9349662025-0#CONQUISTA MOTOS E MOTORES LTDA#SAIDA DE VEICULO DA ALCMS#PROCESSO;9;2026-07-10;
SEFAZ - RECEITA;9349652025-6#CONQUISTA MOTOS E MOTORES LTDA#SAIDA DE VEICULO DA ALCMS#PROCESSO;9;2026-07-10;
SEFAZ - RECEITA;9349632025-7#CONQUISTA MOTOS E MOTORES LTDA#SAIDA DE VEICULO DA ALCMS#PROCESSO;9;2026-07-10;
SEFAZ - RECEITA;9349622025-2#CONQUISTA MOTOS E MOTORES LTDA#SAIDA DE VEICULO DA ALCMS#PROCESSO;8;2026-07-10;
SEFAZ - RECEITA;9349612025-8#CONQUISTA MOTOS E MOTORES LTDA#SAIDA DE VEICULO DA ALCMS#PROCESSO;10;2026-07-10;
SEFAZ - RECEITA;9349592025-0#CONQUISTA MOTOS E MOTORES LTDA#SAIDA DE VEICULO DA ALCMS#PROCESSO;9;2026-07-10;
SEFAZ - RECEITA;9356302025-6#GUILHERME PIRES SALVIANO#SAIDA DE VEICULO DA ALCMS#PROCESSO;13;2026-07-10;
SEFAZ - RECEITA;9355292025-0#RODRIGO CELESTINO PINHEIRO MENEZES#SAIDA DE VEICULO DA ALCMS#PROCESSO;16;2026-07-10;
SEFAZ - RECEITA;1031582026-8#NAYARA NAVINNI DE MENEZES COSTA#SAIDA DE VEICULO DA ALCMS#PROCESSO;10;2026-07-10;
SEFAZ - RECEITA;1051152026-3#MONACO MOTOCENTER LAGOA COMERCIAL LTDA#AUTORIZAÇÃO PARA SAIDA DE VEICULO#PROCESSO (2);13;2026-07-10;
SEFAZ - RECEITA;1091942026-5#J. C. M. DE QUEIROZ LTDA-EPP#AUTORIZAÇÃO PARA SAIDA DE VEICULO#PROCESSO;16;2026-07-10;
SEFAZ - RECEITA;1090462026-3#BANCO PAN SA#AUTORIZAÇÃO PARA SAIDA DE VEICULO#PROCESSO;17;2026-07-10;
SEFAZ - RECEITA;1090482026-2#BANCO PAN SA#AUTORIZAÇÃO PARA SAIDA DE VEICULO#PROCESSO;18;2026-07-10;
SEFAZ - RECEITA;1090542026-8#LIDONIAS ALVES DE LIMA#AUTORIZAÇÃO PARA SAIDA DE VEICULO#PROCESSO;7;2026-07-10;
SEFAZ - RECEITA;1090492026-7#GREGORIO SERRA MELONIO#AUTORIZAÇÃO PARA SAIDA DE VEICULO#PROCESSO;9;2026-07-10;
SEFAZ - RECEITA;1087832026-7#EDU CAR VEICULOS LTDA#AUTORIZAÇÃO PARA SAIDA DE VEICULO#PROCESSO;16;2026-07-10;
SEFAZ - RECEITA;1089842026-1#BANCO J. SAFRA S.A#AUTORIZAÇÃO PARA SAIDA DE VEICULO#PROCESSO;19;2026-07-10;
SEFAZ - RECEITA;1089542026-0#IRANDIR BALIEIRO FERREIRA#AUTORIZAÇÃO PARA SAIDA DE VEICULO#PROCESSO;17;2026-07-10;
SEFAZ - RECEITA;1100752026-4#CASSIO FRABRIOZZIO DE SOUSA SOBRINHO#AUTORIZAÇÃO PARA SAIDA DE VEICULO#PROCESSO;16;2026-07-10;
SEFAZ - RECEITA;1101212026-0#EQUINOCIO HOSPITALAR LTDA#AUTORIZAÇÃO PARA SAIDA DE VEICULO#PROCESSO;23;2026-07-10;
SEFAZ - RECEITA;1050452026-1#CONEXÃO AQUARELA LTDA#AUTORIZAÇÃO PARA SAIDA DE VEICULO#PROCESSO;21;2026-07-10;
SEFAZ - RECEITA;1050482026-5#MONACO MOTOCENTER LAGOA COMERCIAL LTDA#AUTORIZAÇÃO PARA SAIDA DE VEICULO#PROCESSO;7;2026-07-10;
SEFAZ - RECEITA;1050512026-7#MONACO MOTOCENTER LAGOA COMERCIAL LTDA#AUTORIZAÇÃO PARA SAIDA DE VEICULO#PROCESSO;7;2026-07-10;
SEFAZ - RECEITA;1050612026-0#MONACO MOTOCENTER LAGOA COMERCIAL LTDA#AUTORIZAÇÃO PARA SAIDA DE VEICULO#PROCESSO;8;2026-07-10;
SEFAZ - RECEITA;1050552026-5#MONACO MOTOCENTER LAGOA COMERCIAL LTDA#AUTORIZAÇÃO PARA SAIDA DE VEICULO#PROCESSO;7;2026-07-10;
SEFAZ - RECEITA;1050642026-4#MONACO MOTOCENTER LAGOA COMERCIAL LTDA#AUTORIZAÇÃO PARA SAIDA DE VEICULO#PROCESSO;7;2026-07-10;
SEFAZ - RECEITA;1050832026-7#MONACO MOTOCENTER LAGOA COMERCIAL LTDA#AUTORIZAÇÃO PARA SAIDA DE VEICULO#PROCESSO;7;2026-07-10;
SEFAZ - RECEITA;1050862026-0#MONACO MOTOCENTER LAGOA COMERCIAL LTDA#AUTORIZAÇÃO PARA SAIDA DE VEICULO#PROCESSO;7;2026-07-10;
SEFAZ - RECEITA;1051152026-3#MONACO MOTOCENTER LAGOA COMERCIAL LTDA#AUTORIZAÇÃO PARA SAIDA DE VEICULO#PROCESSO;7;2026-07-10;
SEFAZ - RECEITA;1040612026-9#CONQUISTA MOTOS E MOTORES LTDA#AUTORIZAÇÃO PARA SAIDA DE VEICULO#PROCESSO;13;2026-07-10;
SEFAZ - RECEITA;1040632026-8#CONQUISTA MOTOS E MOTORES LTDA#AUTORIZAÇÃO PARA SAIDA DE VEICULO#PROCESSO;13;2026-07-10;
SEFAZ - RECEITA;1040742026-6#MONACO MOTOCENTER LAGOA COMERCIAL LTDA#AUTORIZAÇÃO PARA SAIDA DE VEICULO#PROCESSO;7;2026-07-10;
SEFAZ - RECEITA;1040702026-8#MONACO MOTOCENTER LAGOA COMERCIAL LTDA#AUTORIZAÇÃO PARA SAIDA DE VEICULO#PROCESSO;7;2026-07-10;
SEFAZ - RECEITA;1041652026-0#CARLOS DANIEL COSTA ARAUJO#AUTORIZAÇÃO PARA SAIDA DE VEICULO#PROCESSO;10;2026-07-10;
SEFAZ - RECEITA;1041602026-7#BANCO PAN S A#AUTORIZAÇÃO PARA SAIDA DE VEICULO#PROCESSO;19;2026-07-10;
SEFAZ - RECEITA;1041532026-7#BANCO PAN S A#AUTORIZAÇÃO PARA SAIDA DE VEICULO#PROCESSO;20;2026-07-10;
SEFAZ - RECEITA;9659922025-8#MONACO MOTOCENTER LAGOA COMERCIAL LTDA#AUTORIZAÇÃO PARA SAIDA DE VEICULO#PROCESSO;8;2026-07-10;
SEFAZ - RECEITA;9559422025-0#MONACO MOTOCENTER LAGOA COMERCIAL LTDA#AUTORIZAÇÃO PARA SAIDA DE VEICULO#PROCESSO;8;2026-07-10;
SEFAZ - RECEITA;9662132025-6#MARCEL AUGUSTO CARNEIRO CANTO#AUTORIZAÇÃO PARA SAIDA DE VEICULO#PROCESSO;8;2026-07-10;
SEFAZ - RECEITA;9666132025-7#DILMA LIMA DE SOUZA#AUTORIZAÇÃO PARA SAIDA DE VEICULO#PROCESSO;13;2026-07-10;
SEFAZ - RECEITA;9666142025-1#ROZIANE DA SILVA GONÇALVES SOCIEDADE INDIVIDUAL DE AVOCACI#AUTORIZAÇÃO PARA SAIDA DE VEICULO#PROCESSO;17;2026-07-10;
SEFAZ - RECEITA;9660782025-5#JURACY RODRIGUES LOBATO#AUTORIZAÇÃO PARA SAIDA DE VEICULO#PROCESSO;12;2026-07-10;
SEFAZ - RECEITA;9660802025-2#CARLOS ALESSANDRO MOTA DE SOUZA#AUTORIZAÇÃO PARA SAIDA DE VEICULO#PROCESSO;10;2026-07-10;
SEFAZ - RECEITA;9660812025-7#JAQUES LOBATO FERREIRA#AUTORIZAÇÃO PARA SAIDA DE VEICULO#PROCESSO;10;2026-07-10;
SEFAZ - RECEITA;9660822025-1#ROGERIO DA SILVA LIMA#AUTORIZAÇÃO PARA SAIDA DE VEICULO#PROCESSO;12;2026-07-10;
SEFAZ - RECEITA;9659392025-8#MONACO MOTOCENTER LAGOA COMERCIAL LTDA#AUTORIZAÇÃO PARA SAIDA DE VEICULO#PROCESSO;7;2026-07-10;
SEFAZ - RECEITA;9659402025-0#MONACO MOTOCENTER LAGOA COMERCIAL LTDA#AUTORIZAÇÃO PARA SAIDA DE VEICULO#PROCESSO;8;2026-07-10;
SEFAZ - RECEITA;9659382025-3#MONACO MOTOCENTER LAGOA COMERCIAL LTDA#AUTORIZAÇÃO PARA SAIDA DE VEICULO#PROCESSO;7;2026-07-10;
SEFAZ - RECEITA;9660772025-0#MONACO MOTOCENTER LAGOA COMERCIAL LTDA#AUTORIZAÇÃO PARA SAIDA DE VEICULO#PROCESSO;10;2026-07-10;
SEFAZ - RECEITA;9660762025-6#MONACO MOTOCENTER LAGOA COMERCIAL LTDA#AUTORIZAÇÃO PARA SAIDA DE VEICULO#PROCESSO;10;2026-07-10;
SEFAZ - RECEITA;9660752025-1#MONACO MOTOCENTER LAGOA COMERCIAL LTDA#AUTORIZAÇÃO PARA SAIDA DE VEICULO#PROCESSO;10;2026-07-10;
SEFAZ - RECEITA;9660112025-1#MONACO MOTOCENTER LAGOA COMERCIAL LTDA#AUTORIZAÇÃO PARA SAIDA DE VEICULO#PROCESSO;8;2026-07-10;
SEFAZ - RECEITA;9659592025-5#MONACO MOTOCENTER LAGOA COMERCIAL LTDA#AUTORIZAÇÃO PARA SAIDA DE VEICULO#PROCESSO;7;2026-07-10;
SEFAZ - RECEITA;9659482025-7#MONACO MOTOCENTER LAGOA COMERCIAL LTDA#AUTORIZAÇÃO PARA SAIDA DE VEICULO#PROCESSO;8;2026-07-10;
SEFAZ - RECEITA;9659472025-2#MONACO MOTOCENTER LAGOA COMERCIAL LTDA#AUTORIZAÇÃO PARA SAIDA DE VEICULO#PROCESSO;8;2026-07-10;
SEFAZ - RECEITA;9659452025-3#MONACO MOTOCENTER LAGOA COMERCIAL LTDA#AUTORIZAÇÃO PARA SAIDA DE VEICULO#PROCESSO;8;2026-07-10;
SEFAZ - RECEITA;9659462025-8#MONACO MOTOCENTER LAGOA COMERCIAL LTDA#AUTORIZAÇÃO PARA SAIDA DE VEICULO#PROCESSO;8;2026-07-10;
SEFAZ - RECEITA;9594542025-5#LOURENCO & MONTEIRO LTDA#AUTORIZAÇÃO PARA SAIDA DE VEICULO#PROCESSO;12;2026-07-10;
SEFAZ - RECEITA;PROCESSO Nº 9907492025-0;7;2026-07-10;
SEFAZ - RECEITA;PROCESSO Nº 9907482025-5;7;2026-07-10;
SEFAZ - RECEITA;PROCESSO Nº 9907472025-0;8;2026-07-10;
SEFAZ - RECEITA;PROCESSO Nº 9910462025-9;22;2026-07-10;
SEFAZ - RECEITA;PROCESSO Nº 9894032025-5;30;2026-07-10;
SEFAZ - RECEITA;PROCESSO Nº 9767542025-0;13;2026-07-10;
SEFAZ - RECEITA;PROCESSO Nº 9768892025-6;13;2026-07-10;
SEFAZ - RECEITA;PROCESSO Nº 7431322025-9;8;2026-07-10;
SEFAZ - RECEITA;PROCESSO Nº 7431302025-0;7;2026-07-10;
SEFAZ - RECEITA;PROCESSO Nº 7431282025-2;10;2026-07-10;
SEFAZ - RECEITA;PROCESSO Nº 7431292025-7;10;2026-07-10;
SEFAZ - RECEITA;PROCESSO Nº 7431252025-9;10;2026-07-10;
SEFAZ - RECEITA;PROCESSO Nº 7430262025-0;9;2026-07-10;
SEFAZ - RECEITA;PROCESSO Nº 7430172025-1;10;2026-07-10;
SEFAZ - RECEITA;PROCESSO Nº 7430182025-6;10;2026-07-10;
SEFAZ - RECEITA;PROCESSO Nº 7430212025-8;9;2026-07-10;
SEFAZ - RECEITA;PROCESSO Nº 7430242025-1;9;2026-07-10;
SEFAZ - RECEITA;PROCESSO Nº 7430232025-7;9;2026-07-10;
SEFAZ - RECEITA;PROCESSO Nº 7433432025-2;22;2026-07-10;
SEFAZ - RECEITA;PROCESSO Nº 7435472025-6;9;2026-07-10;
SEFAZ - RECEITA;PROCESSO Nº 7435412025-9;10;2026-07-10;
SEFAZ - RECEITA;PROCESSO Nº 7477982025-1;9;2026-07-10;
SEFAZ - RECEITA;PROCESSO Nº 7479132025-5;11;2026-07-10;
SEFAZ - RECEITA;PROCESSO Nº 7195492025-3;8;2026-07-10;
SEFAZ - RECEITA;PROCESSO Nº 7195882025-3;8;2026-07-10;
SEFAZ - RECEITA;PROCESSO Nº 7196532025-2;8;2026-07-10;
SEFAZ - RECEITA;PROCESSO Nº 7196552025-1;8;2026-07-10;
SEFAZ - RECEITA;PROCESSO Nº 7192322025-0;9;2026-07-10;
SEFAZ - RECEITA;PROCESSO Nº 7196652025-5;11;2026-07-10;
SEFAZ - RECEITA;PROCESSO Nº 7196662025-0;14;2026-07-10;
SEFAZ - RECEITA;PROCESSO Nº 7197862025-0;11;2026-07-10;
SEFAZ - RECEITA;PROCESSO Nº 7236832025-3;18;2026-07-10;
SEFAZ - RECEITA;PROCESSO Nº 7236672025-4;18;2026-07-10;
SEFAZ - RECEITA;PROCESSO Nº 7195432025-6;18;2026-07-10;
SEFAZ - RECEITA;PROCESSO Nº 7531642025-0;12;2026-07-10;
SEFAZ - RECEITA;PROCESSO Nº 7574042025-3;16;2026-07-10;
SEFAZ - RECEITA;PROCESSO Nº 7531632025-5;20;2026-07-10;
SEFAZ - RECEITA;PROCESSO Nº 7243102025-8;15;2026-07-10;
SEFAZ - RECEITA;PROCESSO Nº 7241992025-2;9;2026-07-10;
SEFAZ - RECEITA;PROCESSO Nº 7246392025-4;13;2026-07-10;
SEFAZ - RECEITA;PROCESSO Nº 7245412025-9;10;2026-07-10;
SEFAZ - RECEITA;PROCESSO Nº 7246402025-7;7;2026-07-10;
SEFAZ - RECEITA;PROCESSO Nº 7433422025-8;19;2026-07-10;
SEFAZ - RECEITA;PROCESSO Nº 7433452025-1;23;2026-07-10;
SEFAZ - RECEITA;PROCESSO Nº 8176302025-8;9;2026-07-10;
SEFAZ - RECEITA;PROCESSO Nº 8752712025-8;15;2026-07-10;
SEFAZ - RECEITA;PROCESSO Nº 8752272025-7;41;2026-07-10;
SEFAZ - RECEITA;PROCESSO Nº 8751672025-9;15;2026-07-10;
SEFAZ - RECEITA;PROCESSO Nº 8929482025-4;12;2026-07-10;
SEFAZ - RECEITA;PROCESSO Nº 8928132025-8;12;2026-07-10;
SEFAZ - RECEITA;PROCESSO Nº 8928822025-9;24;2026-07-10;
SEFAZ - RECEITA;PROCESSO Nº 8926582025-0;9;2026-07-10;
SEFAZ - RECEITA;PROCESSO Nº 8926382025-2;8;2026-07-10;
SEFAZ - RECEITA;PROCESSO Nº 8925412025-1;13;2026-07-10;
SEFAZ - RECEITA;PROCESSO Nº 8871732025-9;8;2026-07-10;
SEFAZ - RECEITA;PROCESSO Nº 8871722025-4;8;2026-07-10;
SEFAZ - RECEITA;PROCESSO Nº 8862972025-5;11;2026-07-10;
SEFAZ - RECEITA;PROCESSO Nº 8809762025-1;25;2026-07-10;
SEFAZ - RECEITA;PROCESSO Nº 8808292025-4;18;2026-07-10;
SEFAZ - RECEITA;PROCESSO Nº 8811102025-2;8;2026-07-10;
SEFAZ - RECEITA;PROCESSO Nº 8810902025-9;7;2026-07-10;
SEFAZ - RECEITA;PROCESSO Nº 8809822025-7;7;2026-07-10;
SEFAZ - RECEITA;PROCESSO Nº 8812732025-0;13;2026-07-10;
SEFAZ - RECEITA;PROCESSO Nº 8751452025-2;9;2026-07-10;
SEFAZ - RECEITA;PROCESSO Nº 8744012025-6;8;2026-07-10;
SEFAZ - RECEITA;PROCESSO Nº 8688702025-4;12;2026-07-10;
SEFAZ - RECEITA;PROCESSO Nº 8694042025-8;13;2026-07-10;
SEFAZ - RECEITA;PROCESSO Nº 8694022025-9;15;2026-07-10;
SEFAZ - RECEITA;PROCESSO Nº 8694092025-0;10;2026-07-10;
SEFAZ - RECEITA;PROCESSO Nº 8694072025-1;10;2026-07-10;
SEFAZ - RECEITA;PROCESSO Nº 8694002025-0;12;2026-07-10;
SEFAZ - RECEITA;PROCESSO Nº 8693272025-6;9;2026-07-10;
SEFAZ - RECEITA;PROCESSO Nº 8693972025-1;20;2026-07-10;
SEFAZ - RECEITA;PROCESSO Nº 8926752025-3;11;2026-07-10;
SEFAZ - RECEITA;PROCESSO Nº 8930932025-7;15;2026-07-10;
SEFAZ - RECEITA;PROCESSO Nº 8929462025-5;12;2026-07-10;
SEFAZ - RECEITA;PROCESSO Nº 8754182025-3;10;2026-07-10;
SEFAZ - RECEITA;PROCESSO Nº 8805742025-1;19;2026-07-10;
SEFAZ - RECEITA;PROCESSO Nº 8747792025-6;15;2026-07-10;
SEFAZ - RECEITA;PROCESSO Nº 8747842025-7;13;2026-07-10;
SEFAZ - RECEITA;PROCESSO Nº 8747872025-0;10;2026-07-10;
SEFAZ - RECEITA;PROCESSO Nº 8748302025-3;11;2026-07-10;
SEFAZ - RECEITA;PROCESSO Nº 8751412025-4;8;2026-07-10;
SEFAZ - RECEITA;PROCESSO Nº 9088982025-2;26;2026-07-10;
SEFAZ - RECEITA;PROCESSO Nº 9088872025-4;14;2026-07-10;
SEFAZ - RECEITA;PROCESSO Nº 9088862025-0;16;2026-07-10;
SEFAZ - RECEITA;PROCESSO Nº 9088912025-0;15;2026-07-10;
SEFAZ - RECEITA;PROCESSO Nº 9088932025-0;18;2026-07-10;
SEFAZ - RECEITA;PROCESSO Nº 9088972025-8;13;2026-07-10;
SEFAZ - RECEITA;PROCESSO Nº 9089002025-6;25;2026-07-10;
SEFAZ - RECEITA;9088952025-9#SAFRA CREDITO FINANCIAMENTO E INVESTIMENTO S A#AUTORIZAÇÃO DE SAIDA PARA VEICULO#PROCESSO;18;2026-07-10;
SEFAZ - RECEITA;9906492025-7#R P SANTOS E CIA LTDA#AUTORIZAÇÃO DE SAIDA PARA VEICULO#PROCESSO;29;2026-07-10;
SEFAZ - RECEITA;9905992025-2#CASSIO FABRIZZIO DE SOUSA SOBRINHO#AUTORIZAÇÃO DE SAIDA PARA VEICULO.#PROCESSO;36;2026-07-10;
SEFAZ - RECEITA;PROCESSO Nº 1563082026-5;11;2026-07-10;
SEFAZ - RECEITA;PROCESSO Nº 0270072023-7;74;2026-07-10;
SEFAZ - RECEITA;PROCESSO Nº 0220192024-9;22;2026-07-10;
SEFAZ - RECEITA;PROCESSO Nº 003540-2014;15;2026-07-10;
SEFAZ - RECEITA;PROCESSO Nº 003889-2014;89;2026-07-10;
SEFAZ - RECEITA;PROCESSO Nº 003918-2014;107;2026-07-10;
SEFAZ - RECEITA;PROCESSO Nº 003925-2014;13;2026-07-10;
SEFAZ - RECEITA;PROCESSO Nº 003957-2014;15;2026-07-10;
SEFAZ - RECEITA;PROCESSO Nº 004998-2014;17;2026-07-10;
SEFAZ - RECEITA;PROCESSO Nº 004992-2014;7;2026-07-10;
SEFAZ - RECEITA;PROCESSO Nº 004967-2014;43;2026-07-10;
SEFAZ - RECEITA;PROCESSO Nº 004863-2014;15;2026-07-10;
SEFAZ - RECEITA;PROCESSO Nº 004828-2014;23;2026-07-10;
SEFAZ - RECEITA;PROCESSO Nº 004853-2014;18;2026-07-10;
SEFAZ - RECEITA;PROCESSO Nº 004803-2014;19;2026-07-10;
SEFAZ - RECEITA;PROCESSO Nº 004775-2014;36;2026-07-10;
SEFAZ - RECEITA;PROCESSO Nº 004527-2014;6;2026-07-10;
SEFAZ - RECEITA;PROCESSO Nº 004618-2014;69;2026-07-10;
SEFAZ - RECEITA;PROCESSO Nº 004676-2014;16;2026-07-10;
SEFAZ - RECEITA;PROCESSO Nº 004424-2014;5;2026-07-10;
SEFAZ - RECEITA;PROCESSO Nº 004419-2014;4;2026-07-10;
SEFAZ - RECEITA;PROCESSO Nº 004328-2014;8;2026-07-10;
SEFAZ - RECEITA;PROCESSO Nº 004340-2014;19;2026-07-10;
SEFAZ - RECEITA;PROCESSO Nº 004323-2014;24;2026-07-10;
SEFAZ - RECEITA;PROCESSO Nº 004256-2014;21;2026-07-10;
SEFAZ - RECEITA;PROCESSO Nº 004253-2014;24;2026-07-10;
SEFAZ - RECEITA;PROCESSO Nº 004164-2014;21;2026-07-10;
SEFAZ - RECEITA;PROCESSO Nº 004142-2014;8;2026-07-10;
SEFAZ - RECEITA;PROCESSO Nº 004092-2014;16;2026-07-10;
SEFAZ - RECEITA;PROCESSO Nº 016308-2014;12;2026-07-10;
SEFAZ - RECEITA;PROCESSO Nº 016057-2014;21;2026-07-10;
SEFAZ - RECEITA;PROCESSO Nº 016337-2014;8;2026-07-10;
SEFAZ - RECEITA;PROCESSO Nº 020059-2014;20;2026-07-10;
SEFAZ - RECEITA;PROCESSO Nº 016691-2014;15;2026-07-10;
SEFAZ - RECEITA;PROCESSO Nº 016717-2014;13;2026-07-10;
SEFAZ - RECEITA;PROCESSO Nº 016824-2014;18;2026-07-10;
SEFAZ - RECEITA;PROCESSO Nº 016043-2014;4;2026-07-10;
SEFAZ - RECEITA;PROCESSO Nº 1791322026-0;21;2026-07-10;
SEFAZ - RECEITA;PROCESSO Nº 1586022026-0;17;2026-07-10;
SEFAZ - RECEITA;PROCESSO Nº 1586062026-8;16;2026-07-10;
SEFAZ - RECEITA;PROCESSO Nº 1698112026-7;9;2026-07-10;
SEFAZ - RECEITA;PROCESSO Nº 1900152026-0;12;2026-07-10;
SEFAZ - RECEITA;PROCESSO Nº 1925362026-9;20;2026-07-10;
SEFAZ - RECEITA;PROCESSO Nº 1925422026-4;20;2026-07-10;
SEFAZ - RECEITA;006167-2014#ANA CLAUDIA PALHETA DA SILVA#ISENÇAO DE IPVA#PROCESSO;18;2026-07-10;
SEFAZ - RECEITA;006169-2014#MARIA MARGARIDA RODRIGUES PINHEIRO#ISENÇAO DE IPVA#PROCESSO;20;2026-07-10;
SEFAZ - RECEITA;006327-2014#PAULO SERGIO SOUZA SANTOS#BAIXA DE DEBITO IPVA#PROCESSO;25;2026-07-10;
SEFAZ - RECEITA;006354-2014#JORGE LUIZ SOARES DOMINGUES#ISENÇAO DE IPVA#PROCESSO;4;2026-07-10;
SEFAZ - RECEITA;006363-2014#FRANCISCO ROCHA DE ANDRADE#ISENÇAO DE IPVA#PROCESSO;40;2026-07-10;
SEFAZ - RECEITA;006468-2014#JOHN NOGUEIRA RODRIGUES#ISENÇAO DE IPVA#PROCESSO;12;2026-07-10;
SEFAZ - RECEITA;006483-2014#IVALDO NASCIMENTO GIUSTI#ISENÇAO DE IPVA#PROCESSO;15;2026-07-10;
SEFAZ - RECEITA;006521-2014#OZANEI RIBEIRO PINTO#ISENÇAO DE IPVA#PROCESSO;42;2026-07-10;
SEFAZ - RECEITA;006596-2014#EDILSON ABREU CUNHA#ISENÇAO DE IPVA#PROCESSO;9;2026-07-10;
SEFAZ - RECEITA;006662-2014#DAMARIS DE OLIVEIRA PIMENTEL#ISENÇAO DE IPVA#PROCESSO;20;2026-07-10;
SEFAZ - RECEITA;006684-2014#WANGLEISON BARROS PIMENTA#ISENÇAO DE IPVA#PROCESSO;119;2026-07-10;
SEFAZ - RECEITA;006791-2014#PEDRO JOSE CONTI#ISENÇAO DE IPVA#PROCESSO;20;2026-07-10;
SEFAZ - RECEITA;006884-2014#JOSE IGUARASSU BEZERRA MONTEIRO#ISENÇAO DE IPVA#PROCESSO;64;2026-07-10;
SEFAZ - RECEITA;006919-2014#RENATA COSTA SILVA DA LUZ#ISENÇAO DE IPVA#PROCESSO;14;2026-07-10;
SEFAZ - RECEITA;006997-2014#FREI ANTONIO TROESI#ISENÇAO DE IPVA#PROCESSO;32;2026-07-10;
SEFAZ - RECEITA;009157-2014#MARA SOCORRO LAMEIRA DE ALMEIDA#ISENÇAO DE IPVA#PROCESSO;20;2026-07-10;
SEFAZ - RECEITA;009297-2014#MARIA DE LOURDES PEREIRA DA PENHA#ISENÇAO DE IPVA#PROCESSO;20;2026-07-10;
SEFAZ - RECEITA;009374-2014#MARCO ANTONIO SILVA SOUSA#ISENÇAO DE IPVA#PROCESSO;36;2026-07-10;
SEFAZ - RECEITA;009864-2014#RENILSON PEIXOTO SOUSA#ISENÇAO DE IPVA#PROCESSO;15;2026-07-10;
SEFAZ - RECEITA;009869-2014#JAIR NASCIMENTO DOS SANTOS#ISENÇAO DE IPVA#PROCESSO;15;2026-07-10;
SEFAZ - RECEITA;009871-2014#MARCOS ARAUJO DA SILVA#ISENÇAO DE IPVA#PROCESSO;18;2026-07-10;
SEFAZ - RECEITA;009894-2014#ADAIL OLIVEIRA RAMOS#BAIXA DE DEBITO DE IPVA#PROCESSO;25;2026-07-10;
SEFAZ - RECEITA;009930-2014#ASDRUBAL SILVA DE OLIVEIRA#ISENÇAO DE IPVA#PROCESSO;5;2026-07-10;
SEFAZ - RECEITA;005075-2014#JORGILENE JOSINA ALVES#ISENÇAO DE IPVA#PROCESSO;17;2026-07-10;
SEFAZ - RECEITA;005137-2014#JOHNNI SARAIVA DA FONSECA#BAIXA DE DEBITO DE IPVA#PROCESSO;19;2026-07-10;
SEFAZ - RECEITA;005139-2014#EDILEIA SOARES PIRES#ISENÇAO DE IPVA#PROCESSO;19;2026-07-10;
SEFAZ - RECEITA;005148-2014#CLOVIS DE OLIVEIRA DOS SANTOS#ISENÇAO DE IPVA#PROCESSO;153;2026-07-10;
SEFAZ - RECEITA;005177-2014#OSVALDINA BRASIL CORDEIRO RODRIGUES#ISENÇAO DE IPVA#PROCESSO;15;2026-07-10;
SEFAZ - RECEITA;005239-2014#CLODOMIR SERGIO SIMOES DE OLIVEIRA#ISENÇAO DE IPVA#PROCESSO;18;2026-07-10;
SEFAZ - RECEITA;005319-2014#GONÇALO DOS SANTOS VILHENA#ISENÇAO DE IPVA#PROCESSO;16;2026-07-10;
SEFAZ - RECEITA;005321-2014#RAILSON ARAUJO CARNEIRO#ISENÇAO DE IPVA#PROCESSO;62;2026-07-10;
SEFAZ - RECEITA;005349-2014#REINALDO GUEDES DA SILVA#ISENÇAO DE IPVA#PROCESSO;24;2026-07-10;
SEFAZ - RECEITA;005381-2014#AURELIANO#ISENÇAO DE IPVA#PROCESSO;23;2026-07-10;
SEFAZ - RECEITA;005443-2014#CLOVIS DE OLIVEIRA DOS SANTOS#ISENÇAO DE IPVA#PROCESSO;12;2026-07-10;
SEFAZ - RECEITA;005453-2014#ANTONIA COSTA ANDRADE#ISENÇAO DE IPVA#PROCESSO;92;2026-07-10;
SEFAZ - RECEITA;005632-2014#JOSE CASSIANO DE FREITAS#ISENÇAO DE IPVA#PROCESSO;32;2026-07-10;
SEFAZ - RECEITA;005696-2014#WANDA OLIVEIRA DA CRUZ#ISENÇAO DE IPVA#PROCESSO;23;2026-07-10;
SEFAZ - RECEITA;005916-2014#JOAO PIMENTEL PEDROSA#ISENÇAO DE IPVA#PROCESSO;36;2026-07-10;
SEFAZ - RECEITA;005970-2014#KLINGERRY DA SILVA PANAFORT#ISENÇAO DE IPVA#PROCESSO;17;2026-07-10;
SEFAZ - RECEITA;005974-2014#RAIMUNDO ANTONIO FERREIRA DA SILVA#ISENÇAO DE IPVA#PROCESSO;16;2026-07-10;
SEFAZ - RECEITA;0150372022-5#EQUINOCIO HOSPITALAR LTDA#RELATORIO REF AS NOTAS FISCAIS#PROCESSO;37;2026-07-10;
SEFAZ - RECEITA;0008932022-0#EQUINOCIO HOSPITALAR LTDA#RELATORIO#PROCESSO;4;2026-07-10;
SEFAZ - RECEITA;0181662021-1#EQUINOCIO HOSPITALAR LTDA#RELATORIO#PROCESSO;7;2026-07-10;
SEFAZ - RECEITA;0000-2016#EQUINOCIO HOSPITALAR LTDA#REQUERIMENTOS DE RELATORIOS#PROCESSO;98;2026-07-10;
SEFAZ - RECEITA;0122732015-9#EQUINOCIO HOSPITALAR LTDA#RELATORIO DE ALICOTA#PROCESSO;10;2026-07-10;
SEFAZ - RECEITA;0096242016-6#EQUINOCIO HOSPITALAR LTDA#OFICIO SECRETARIO SEFAZ#PROCESSO;17;2026-07-10;
SEFAZ - RECEITA;0025152016-1#EQUINOCIO HOSPITALAR LTDA#OFICIO SECRETARIO SEFAZ#PROCESSO;13;2026-07-10;
SEFAZ - RECEITA;0105062022-4#JOSE LEONICIO DO AMARAL#AUTORIZAÇÃO PARA SAIDA DE VEICULO#PROCESSO;9;2026-07-10;
SEFAZ - RECEITA;0106562022-5#CONQUISTA MOTOS E MOTORES LTDA#AUTORIZAÇÃO PARA SAIDA DE VEICULO#PROCESSO;11;2026-07-10;
SEFAZ - RECEITA;0106582022-4#CONQUISTA MOTOS E MOTORES LTDA#AUTORIZAÇÃO PARA SAIDA DE VEICULO#PROCESSO;11;2026-07-10;
SEFAZ - RECEITA;0106372022-2#SHEILA CRISTINA COSTA DA SILVA#AUTORIZAÇÃO PARA SAIDA DE VEICULO#PROCESSO;16;2026-07-10;
SEFAZ - RECEITA;0110992022-9#BANCO PAN S.A#AUTORIZAÇAO DE SAIDA VEICULO ALCMS#PROCESSO;10;2026-07-10;
SEFAZ - RECEITA;0111022022-7#BRADESCO ADMINISTRADORA DE CONSORCIOS LTDA#AUTORIZAÇAO DE SAIDA VEICULO ALCMS#PROCESSO;11;2026-07-10;
SEFAZ - RECEITA;0111032022-1#BRADESCO ADMINISTRADORA DE CONSORCIOS LTDA#AUTORIZAÇAO DE SAIDA VEICULO ALCMS#PROCESSO;12;2026-07-10;
SEFAZ - RECEITA;0110462022-7#CLODOALDO SILVA DO CARMO#AUTORIZAÇAO DE SAIDA VEICULO ALCMS#PROCESSO;8;2026-07-10;
SEFAZ - RECEITA;0106232022-0#AMAPA PISCINAS LTDA-EPP#AUTORIZAÇAO DE SAIDA VEICULO ALCMS#PROCESSO;20;2026-07-10;
SEFAZ - RECEITA;0108202022-2#FELIPE TEIXEIRA PINHEIRO GUERRA#AUTORIZAÇAO DE SAIDA VEICULO ALCMS#PROCESSO;10;2026-07-10;
SEFAZ - RECEITA;0101072022-8#A.N GOMES EIRELI#AUTORIZAÇAO DE SAIDA VEICULO ALCMS#PROCESSO;9;2026-07-10;
SEFAZ - RECEITA;0101492022-1#MAURO SERGIO FERREIRA DE AQUINO#AUTORIZAÇAO DE SAIDA VEICULO ALCMS#PROCESSO;11;2026-07-10;
SEFAZ - RECEITA;0101422022-0#BANCO PAN S.A#AUTORIZAÇAO DE SAIDA VEICULO ALCMS#PROCESSO;11;2026-07-10;
SEFAZ - RECEITA;0072462022-2#M. SANTOS DE LIMA-ME#AUTORIZAÇAO DE SAIDA VEICULO ALCMS#PROCESSO;8;2026-07-10;
SEFAZ - RECEITA;0077902022-7#PAULO JORGE DOS SANTOS DE MORAES#AUTORIZAÇAO DE SAIDA VEICULO ALCMS#PROCESSO;12;2026-07-10;
SEFAZ - RECEITA;0087722022-0#VIP EMPREENDIMENTOS LTDA-EPP#AUTORIZAÇAO DE SAIDA VEICULO ALCMS#PROCESSO;9;2026-07-10;
SEFAZ - RECEITA;0074392022-8#VICENTE#AUTORIZAÇAO DE SAIDA VEICULO ALCMS#PROCESSO;14;2026-07-10;
SEFAZ - RECEITA;0087992022-0#PMA SERVICOS LTDA#AUTORIZAÇAO DE SAIDA VEICULO ALCMS#PROCESSO;18;2026-07-10;
SEFAZ - RECEITA;0077302022-5#RONALDO MADUREIRA MODESTO#AUTORIZAÇAO DE SAIDA VEICULO ALCMS#PROCESSO;12;2026-07-10;
SEFAZ - RECEITA;0069192022-2#RAFAEL UNIRIO DA SILVEIRA#AUTORIZAÇAO DE SAIDA VEICULO ALCMS#PROCESSO;10;2026-07-10;
SEFAZ - RECEITA;0068372022-8#CONQUISTA MOTOS E MOTORES LTDA#AUTORIZAÇAO DE SAIDA VEICULO ALCMS#PROCESSO;12;2026-07-10;
SEFAZ - RECEITA;0068342022-4#CONQUISTA MOTOS E MOTORES LTDA#AUTORIZAÇAO DE SAIDA VEICULO ALCMS#PROCESSO;12;2026-07-10;
SEFAZ - RECEITA;0068402022-0#CONQUISTA MOTOS E MOTORES LTDA#AUTORIZAÇAO DE SAIDA VEICULO ALCMS#PROCESSO;12;2026-07-10;
SEFAZ - RECEITA;0065712022-7#AMAPA PISCINAS LTDA-EPP#AUTORIZAÇAO DE SAIDA VEICULO ALCMS#PROCESSO;13;2026-07-10;
SEFAZ - RECEITA;0070882022-0#RITA VIEIRA DOS SANTOS#EXCLUSÃO DA RESTRIÇÃO TRIBUTÁRIA VEICULO PLACA QLT7C90#PROCESSO;16;2026-07-10;
SEFAZ - RECEITA;0068142022-7#DANILO FERREIRA DA COSTA#EXCLUSÃO DA RESTRIÇÃO TRIBUTARIA DO VEICULO PLACA NEY4984#PROCESSO;7;2026-07-10;
SEFAZ - RECEITA;0063802022-0#GLEUCIANE SARMENTO DA SILVA#EXCLUSÃO DA RESTRIÇÃO TRIBUTÁRIA DO VEÍCULO PLACA QLT1B87#PROCESSO;14;2026-07-10;
SEFAZ - RECEITA;013017-2014#HELOISA DO AMPARO DA COSTA TORRES SAMPAIO#ISENÇAO DE IPVA#PROCESSO;18;2026-07-10;
SEFAZ - RECEITA;013099-2014#LUIZ FERNANDO BRITO ROCHA#ISENÇAO DE IPVA#PROCESSO;20;2026-07-10;
SEFAZ - RECEITA;013476-2014#MARTA SOUZA DO LIVRAMENTO#ISENÇAO DE IPVA#PROCESSO;9;2026-07-10;
SEFAZ - RECEITA;012095-2014#BENEDITO ANDRADE UCHOA#ISENÇAO DE IPVA#PROCESSO;6;2026-07-10;
SEFAZ - RECEITA;012147-2014#CLOVIS DE OLIVEIRA DOS SANTOS#ISENÇAO DE IPVA#PROCESSO;7;2026-07-10;
SEFAZ - RECEITA;012154-2014#RAIMUNDO MAURICIO DA SILVA MONTEIRO#ISENÇAO DE IPVA#PROCESSO;37;2026-07-10;
SEFAZ - RECEITA;012155-2014#TITO GUIMARAES NETO#ISENÇAO DE IPVA#PROCESSO;5;2026-07-10;
SEFAZ - RECEITA;019685-2014#MAURO DE JESUS PEREIRA#ISENÇAO DE IPVA#PROCESSO;19;2026-07-10;
SEFAZ - RECEITA;012843-2014#MARCIANE COSTA DO ESPIRITO SANTO#ISENÇAO DE IPVA#PROCESSO;51;2026-07-10;
SEFAZ - RECEITA;012926-2014#MANOEL MARCONDES PEREIRA DA COSTA#ISENÇAO DE IPVA#PROCESSO;28;2026-07-10;
SEFAZ - RECEITA;011045-2014#JOSE CARLOS PICANCO DE ALMEIDA#ISENÇAO DE IPVA#PROCESSO;19;2026-07-10;
SEFAZ - RECEITA;011085-2014#VILCON CAVALCANTE CARDOSO#ISENÇAO DE IPVA#PROCESSO;32;2026-07-10;
SEFAZ - RECEITA;011150-2014#JOSE MARIA AMARAL LOBATO#ISENÇAO DE IPVA#PROCESSO;6;2026-07-10;
SEFAZ - RECEITA;011567-2014#RODRIGO BARBOSA DE AZEVEDO#ISENÇAO DE IPVA#PROCESSO;117;2026-07-10;
SEFAZ - RECEITA;011774-2014#KELEN BARBOSA MENDES NOBRE#ISENÇAO DE IPVA#PROCESSO;19;2026-07-10;
SEFAZ - RECEITA;011913-2014#EDMILSON DO S. MARTINS BRAZAO#ISENÇAO DE IPVA#PROCESSO;16;2026-07-10;
SEFAZ - RECEITA;011954-2014#CELSO ANTUNES LOBATO NUNES#ISENÇAO DE IPVA#PROCESSO;40;2026-07-10;
SEFAZ - RECEITA;011984-2014#PEDRO JOSE CONTI#ISENÇAO DE IPVA#PROCESSO;23;2026-07-10;
SEFAZ - RECEITA;014051-2014#GIODILSON PINHEIRO BORGES#ISENÇAO DE IPVA#PROCESSO;16;2026-07-10;
SEFAZ - RECEITA;014174-2014#ERIC JOEL FERREIRA DO AMARAL#ISENÇAO DE IPVA#PROCESSO;19;2026-07-10;
SEFAZ - RECEITA;014451-2014#GERALDO MAGELA ROCHA#ISENÇAO DE IPVA#PROCESSO;9;2026-07-10;
SEFAZ - RECEITA;014618-2014#WILMA MOTA DE MORAIS#ISENÇAO DE IPVA#PROCESSO;18;2026-07-10;
SEFAZ - RECEITA;014672-2014#DECIO SANTOS DE MELO#ISENÇAO DE IPVA#PROCESSO;119;2026-07-10;
SEFAZ - RECEITA;014715-2014#FRANCISCO DE ASSIS DA SILVA ARRELIAS#ISENÇAO DE IPVA#PROCESSO;15;2026-07-10;
SEFAZ - RECEITA;014829-2014#PAULO SERGIO DE OLIVEIRA MARQUES#ISENÇAO ANUAL DE IPVA#PROCESSO;43;2026-07-10;
SEFAZ - RECEITA;014943-2014#JOSE RICARDO MOTA JUNIOR#ISENÇAO DE IPVA#PROCESSO;17;2026-07-10;
SEFAZ - RECEITA;014968-2014#ANTONIO DE SOUSA MACHADO#ISENÇAO DE IPVA#PROCESSO;18;2026-07-10;
SEFAZ - RECEITA;015162-2014#JOAQUIM CORREA DE SOUZA BELO#ISENÇAO DE IPVA#PROCESSO;36;2026-07-10;
SEFAZ - RECEITA;015171-2014#PEDRO JOSE CONTI#ISENÇAO DE IPVA#PROCESSO;22;2026-07-10;
SEFAZ - RECEITA;015180-2014#FABRICIO SOUSA DE JESUS#ISENÇAO DE IPVA#PROCESSO;7;2026-07-10;
SEFAZ - RECEITA;015375-2014#CLEBSON MAIRAN DE AQUINO DOS SANTOS#ISENÇAO DE IPVA#PROCESSO;19;2026-07-10;
SEFAZ - RECEITA;015381-2014#MARIVONE TRAIANO#ISENÇAO DE IPVA#PROCESSO;34;2026-07-10;
SEFAZ - RECEITA;015382-2014#PAULO DARTORA CARDOSO#ISENÇAO DE IPVA#PROCESSO;96;2026-07-10;
SEFAZ - RECEITA;015531-2014#RAIMUNDO NONATO SILVA NAZARE#ISENÇAO DE IPVA#PROCESSO;7;2026-07-10;
SEFAZ - RECEITA;015705-2014#RAIMUNDO DA SILVA MACIEL#ISENÇAO DE IPVA#PROCESSO;28;2026-07-10;
SEFAZ - RECEITA;015827-2014#DARLEIDE CORREA BARBOSA SANTANA#ISENÇAO DE IPVA#PROCESSO;4;2026-07-10;
SEFAZ - RECEITA;015842-2014#ROSEMEIRE SALVIANO PEREIRA#ISENÇAO DE IPVA#PROCESSO;30;2026-07-10;
SEFAZ - RECEITA;010205-2014#TECIO NOGUEIRA MELO#ISENÇAO DE IPVA#PROCESSO;37;2026-07-10;
SEFAZ - RECEITA;010278-2014#JOAO PAULO FERREIRA BRITO#ISENÇAO DE IPVA#PROCESSO;4;2026-07-10;
SEFAZ - RECEITA;010300-2014#OSILSON PEREIRA BARBOSA#ISENÇAO DE IPVA#PROCESSO;11;2026-07-10;
SEFAZ - RECEITA;PROCESSO Nº 0160302024-1;9;2026-07-10;
SEFAZ - RECEITA;0053972025-9#MARIA FATIMA FONTES#AUTORIZAÇAO SAIDA DE VEICULO ALCMS#PROCESSO;8;2026-07-10;
SEFAZ - RECEITA;0065052025-4#CRISTIANO DOS SANTOS NASCIMENTO#AUTORIZAÇAO SAIDA DE VEICULO ALCMS#PROCESSO;11;2026-07-10;
SEFAZ - RECEITA;0065432025-0#ESIO PEDRO DE CARVALHO ALMEIDA#AUTORIZAÇAO SAIDA DE VEICULO ALCMS#PROCESSO;16;2026-07-10;
SEFAZ - RECEITA;0054252025-7#MCP VEICULOS LTDA#AUTORIZAÇAO SAIDA DE VEICULO ALCMS#PROCESSO;10;2026-07-10;
SEFAZ - RECEITA;0054962025-7#AV TELECOM LTDA#AUTORIZAÇAO DE SAIDA VEICULO ALCMS#PROCESSO;23;2026-07-10;
SEFAZ - RECEITA;0069812025-6#MELO & SANTANA LTDA-ME#AUTORIZAÇAO DE SAIDA VEICULO ALCMS#PROCESSO;27;2026-07-10;
SEFAZ - RECEITA;0069802025-1#MAIRA DE LUCA LEAL#AUTORIZAÇAO DE SAIDA VEICULO ALCMS#PROCESSO;16;2026-07-10;
SEFAZ - RECEITA;PROCESSO Nº 0221562024-2;11;2026-07-10;
SEFAZ - RECEITA;PROCESSO Nº 0160022024-0;28;2026-07-10;
SEFAZ - RECEITA;PROCESSO Nº 0155132024-0;41;2026-07-10;
SEFAZ - RECEITA;PROCESSO Nº 0160412024-0;5;2026-07-10;
SEFAZ - RECEITA;010686-2014#FRANCISCO JORGE DE ALMEIDA SALVADOR#ISENÇAO ANUAL DE IPVA#PROCESSO;33;2026-07-10;
SEFAZ - RECEITA;010693-2014#ELIAB DA SILVA ARAUJO#ISENÇAO DE IPVA#PROCESSO;17;2026-07-10;
SEFAZ - RECEITA;PROCESSO Nº 0204742014;7;2026-07-10;
SEFAZ - RECEITA;PROCESSO Nº 0207852014;23;2026-07-10;
SEFAZ - RECEITA;PROCESSO Nº 0207642014;9;2026-07-10;
SEFAZ - RECEITA;PROCESSO Nº 0208982014;23;2026-07-10;
SEFAZ - RECEITA;PROCESSO Nº 0214492014;19;2026-07-10;
SEFAZ - RECEITA;PROCESSO Nº 0215122014;13;2026-07-10;
SEFAZ - RECEITA;PROCESSO Nº 0215452014;11;2026-07-10;
SEFAZ - RECEITA;PROCESSO Nº 0215202014;5;2026-07-10;
SEFAZ - RECEITA;PROCESSO Nº 0089992014;7;2026-07-10;
SEFAZ - RECEITA;PROCESSO Nº 0089212014;22;2026-07-10;
SEFAZ - RECEITA;PROCESSO Nº 0088382014;227;2026-07-10;
SEFAZ - RECEITA;PROCESSO Nº 0087792014;19;2026-07-10;
SEFAZ - RECEITA;PROCESSO Nº 0086232014;43;2026-07-10;
SEFAZ - RECEITA;PROCESSO Nº 0084802014;18;2026-07-10;
SEFAZ - RECEITA;PROCESSO Nº 0084772014;16;2026-07-10;
SEFAZ - RECEITA;PROCESSO Nº 0082622014;7;2026-07-10;
SEFAZ - RECEITA;PROCESSO Nº 0081372014;10;2026-07-10;
SEFAZ - RECEITA;PROCESSO Nº 0080812014;17;2026-07-10;
SEFAZ - RECEITA;PROCESSO Nº 0219212014;23;2026-07-10;
SEFAZ - RECEITA;PROCESSO Nº 0196172014;60;2026-07-10;
SEFAZ - RECEITA;PROCESSO Nº 0114732014;8;2026-07-10;
SEFAZ - RECEITA;PROCESSO Nº 0089312014-6;20;2026-07-10;
SEFAZ - RECEITA;PROCESSO Nº 0130252014-8;92;2026-07-10;
SEFAZ - RECEITA;PROCESSO Nº 0197032014;23;2026-07-10;
SEFAZ - RECEITA;PROCESSO Nº 0193332014;16;2026-07-10;
SEFAZ - RECEITA;PROCESSO Nº 0190272014;7;2026-07-10;
SEFAZ - RECEITA;PROCESSO Nº 0183842014;39;2026-07-10;
SEFAZ - RECEITA;PROCESSO Nº 0184332014;16;2026-07-10;
SEFAZ - RECEITA;PROCESSO Nº 0207402024-4;11;2026-07-10;
SEFAZ - RECEITA;PROCESSO Nº 0200542024-7;13;2026-07-10;
SEFAZ - RECEITA;PROCESSO Nº 0196962024-2;22;2026-07-10;
SEFAZ - RECEITA;PROCESSO Nº 0215712024-6;14;2026-07-10;
SEFAZ - RECEITA;PROCESSO Nº 0207632024-5;18;2026-07-10;
SEFAZ - RECEITA;PROCESSO Nº 0215992024-0;12;2026-07-10;
SEFAZ - RECEITA;PROCESSO Nº 0218992024-8;12;2026-07-10;
SEFAZ - RECEITA;PROCESSO Nº 0216942024-0;11;2026-07-10;
SEFAZ - RECEITA;PROCESSO Nº 0216962024-9;11;2026-07-10;
SEFAZ - RECEITA;PROCESSO Nº 0210952024-8;13;2026-07-10;
SEFAZ - RECEITA;PROCESSO Nº 0202552024-7;30;2026-07-10;
SEFAZ - RECEITA;PROCESSO Nº 0202522024-3;28;2026-07-10;
SEFAZ - RECEITA;0104612022-0#JOCENILDO DE SOUZA E SOUSA#AUTORIZAÇÃO PARA SAIDA DE VEICULO#PROCESSO;9;2026-07-10;
SEFAZ - RECEITA;0130642021-0#PREMIERE COMERCIO LTDA-ME#SOLICITAÇÃO DE COPIAS DE NFS#PROCESSO;6;2026-07-10;
SEFAZ - RECEITA;0113022022-2#LUCENIRA DA SILVA LAVES#AUTORIZAÇÃO PARA SAIDA DE VEICULO#PROCESSO;6;2026-07-10;
SEFAZ - RECEITA;0105362022-5#GILMAR BARBOSA DE SOUZA#AUTORIZAÇÃO PARA SAIDA DE VEICULO#PROCESSO;8;2026-07-10;
SEFAZ - RECEITA;0108392022-7#FABRICIA DOS ANJOS CASTRO, CPF 95489584220#AUTORIZAÇÃO PARA SAIDA DE VEICULO#PROCESSO;8;2026-07-10;
SEFAZ - RECEITA;0106632022-5#CONQUISTA MOTOS E MOTORES LTDA#AUTORIZAÇÃO PARA SAIDA DE VEICULO#PROCESSO;11;2026-07-10;
SEFAZ - RECEITA;0106592022-9#CONQUISTA MOTOS E MOTORES LTDA#AUTORIZAÇÃO PARA SAIDA DE VEICULO#PROCESSO;11;2026-07-10;
SEFAZ - RECEITA;0106612022-6#CONQUISTA MOTORES LTDA#AUTORIZAÇÃO PARA SAIDA DE VEICULO#PROCESSO;12;2026-07-10;
SEFAZ - RECEITA;0106602022-1#CONQUISTA MOTOS E MOTORES LTDA#AUTORIZAÇAO DE SAIDA VEICULO ALCMS#PROCESSO;11;2026-07-10;
SEFAZ - RECEITA;0105922022-9#ROSANGELA LEITE MENDONCA NASCIMENTO#AUTORIZAÇAO DE SAIDA VEICULO ALCMS#PROCESSO;9;2026-07-10;
SEFAZ - RECEITA;0108232022-6#NIELSON PANTOJA PEREIRA#AUTORIZAÇAO DE SAIDA VEICULO ALCMS#PROCESSO;14;2026-07-10;
SEFAZ - RECEITA;0109432022-6#AFONSO LOPES DA SILVA#AUTORIZAÇAO DE SAIDA VEICULO ALCMS#PROCESSO;10;2026-07-10;
SEFAZ - RECEITA;0111062022-5#AZUL COMPANHIA DE SEGUROS GERAIS#AUTORIZAÇAO DE SAIDA VEICULO ALCMS#PROCESSO;10;2026-07-10;
SEFAZ - RECEITA;0111042022-6#BRADESCO ADMINISTRADORA DE CONSORCIOS LTDA#AUTORIZAÇAO DE SAIDA VEICULO ALCMS#PROCESSO;13;2026-07-10;
SEFAZ - RECEITA;0107502022-0#BANCO PAN S.A#AUTORIZAÇAO DE SAIDA VEICULO ALCMS#PROCESSO;11;2026-07-10;
SEFAZ - RECEITA;0102722022-3#RANIERI OTAVIO CARDOSO BENTES#AUTORIZAÇAO DE SAIDA VEICULO ALCMS#PROCESSO;11;2026-07-10;
SEFAZ - RECEITA;0088462022-0#MARIA PIEDADE DA SILVA DO AMARAL#AUTORIZAÇAO DE SAIDA VEICULO ALCMS#PROCESSO;11;2026-07-10;
SEFAZ - RECEITA;0103662022-0#GERSON LUIZ VICENTE DOS SANTOS#AUTORIZAÇAO DE SAIDA VEICULO ALCMS#PROCESSO;11;2026-07-10;
SEFAZ - RECEITA;0101822022-4#BENOLIEL & MAIA LTDA#AUTORIZAÇAO DE SAIDA VEICULO ALCMS#PROCESSO;26;2026-07-10;
SEFAZ - RECEITA;0088222022-5#CESAR NILDO FERREIRA MAIA#AUTORIZAÇAO DE SAIDA VEICULO ALCMS#PROCESSO;7;2026-07-10;
SEFAZ - RECEITA;0101782022-8#MSB TECNOLOGIA LTDA#AUTORIZAÇAO DE SAIDA VEICULO ALCMS#PROCESSO;17;2026-07-10;
SEFAZ - RECEITA;0101802022-5#GABY & ALE TRANSPORTES LTDA#AUTORIZAÇAO DE SAIDA VEICULO ALCMS#PROCESSO;19;2026-07-10;
SEFAZ - RECEITA;0101832022-9#MARCOS CAMPOS JUCA#AUTORIZAÇAO DE SAIDA VEICULO ALCMS#PROCESSO;9;2026-07-10;
SEFAZ - RECEITA;0101762022-9#DILEIA VIEGAS CONCEICAO MONTEIRO#AUTORIZAÇAO DE SAIDA VEICULO ALCMS#PROCESSO;10;2026-07-10;
SEFAZ - RECEITA;0102732022-8#JUNHO RODRIGUES GONCALVES#AUTORIZAÇAO DE SAIDA VEICULO ALCMS#PROCESSO;10;2026-07-10;
SEFAZ - RECEITA;0101042022-4#EYDCHARLESON BRAGA LACERDA#AUTORIZAÇAO DE SAIDA VEICULO ALCMS#PROCESSO;9;2026-07-10;
SEFAZ - RECEITA;0102652022-3#JOSINA FERREIRA ARANHA#AUTORIZAÇAO DE SAIDA VEICULO ALCMS#PROCESSO;11;2026-07-10;
SEFAZ - RECEITA;0102472022-5#EDINALVA MACHADO DA CONCEICAO#AUTORIZAÇAO DE SAIDA VEICULO ALCMS#PROCESSO;9;2026-07-10;
SEFAZ - RECEITA;0103422022-5#CESAR SANTOS#AUTORIZAÇAO DE SAIDA VEICULO ALCMS#PROCESSO;11;2026-07-10;
SEFAZ - RECEITA;0102462022-0#ADIELSON BORGES ARAUJO#AUTORIZAÇAO DE SAIDA VEICULO ALCMS#PROCESSO;9;2026-07-10;
SEFAZ - RECEITA;0101432022-4#BANCO PAN S.A#AUTORIZAÇAO DE SAIDA VEICULO ALCMS#PROCESSO;11;2026-07-10;
SEFAZ - RECEITA;0102412022-8#CELSO FERNANDO DA SILVA COSTA#AUTORIZAÇAO DE SAIDA VEICULO ALCMS#PROCESSO;10;2026-07-10;
SEFAZ - RECEITA;0103362022-0#CLEBISON DOS SANTOS MAGNO#AUTORIZAÇAO DE SAIDA VEICULO ALCMS#PROCESSO;10;2026-07-10;
SEFAZ - RECEITA;0091152022-8#DIEGO TRINDADE ANDRADE#TRANSFERENCIA DE RECOLHIMENTO DO IPVA#PROCESSO;10;2026-07-10;
SEFAZ - RECEITA;0071922022-0#FERNANDO MATTHEUS ALVES DUARTE#AUTORIZAÇAO DE SAIDA VEICULO ALCMS#PROCESSO;13;2026-07-10;
SEFAZ - RECEITA;0103412022-0#CICERO BATISTA DA TRINDADE#AUTORIZAÇAO DE SAIDA VEICULO ALCMS#PROCESSO;8;2026-07-10;
SEFAZ - RECEITA;0082362022-0#JOSE ADRIANO AZEDO DE OLIVEIRA#AUTORIZAÇAO DE SAIDA VEICULO ALCMS#PROCESSO;10;2026-07-10;
SEFAZ - RECEITA;0208022021-7#SIDNEI DE SOUSA DA SILVA EIRELI#AUTORIZAÇAO DE SAIDA VEICULO ALCMS#PROCESSO;8;2026-07-10;
SEFAZ - RECEITA;0087402022-0#J C M COMERCIO E SERVICOS EIRELI#AUTORIZAÇAO DE SAIDA VEICULO ALCMS#PROCESSO;24;2026-07-10;
SEFAZ - RECEITA;0088012022-3#DISTRIBUIDORA ESTRELA LTDA#AUTORIZAÇAO DE SAIDA VEICULO ALCMS#PROCESSO;18;2026-07-10;
SEFAZ - RECEITA;0076592022-0#DIEMECO PONTE AGUIAR#AUTORIZAÇAO DE SAIDA VEICULO ALCMS#PROCESSO;10;2026-07-10;
SEFAZ - RECEITA;0073332022-8#MAYARA CAROLINE MARTINS MACIEL#AUTORIZAÇAO DE SAIDA VEICULO ALCMS#PROCESSO;8;2026-07-10;
SEFAZ - RECEITA;0072722022-5#ADELCIO LOUREIRO ALMEIDA#AUTORIZAÇAO DE SAIDA VEICULO ALCMS#PROCESSO;14;2026-07-10;
SEFAZ - RECEITA;0076632022-7#ADEMIR FERNANDES DE ARAUJO#AUTORIZAÇAO DE SAIDA VEICULO ALCMS#PROCESSO;11;2026-07-10;
SEFAZ - RECEITA;0073302022-4#MAYARA CAROLINE MARTINS MACIEL#AUTORIZAÇAO DE SAIDA VEICULO ALCMS#PROCESSO;9;2026-07-10;
SEFAZ - RECEITA;0073322022-3#MAYARA CAROLINE MARTINS MACIEL#AUTORIZAÇAO DE SAIDA VEICULO ALCMS#PROCESSO;8;2026-07-10;
SEFAZ - RECEITA;0086542022-0#EDELSON DA SILVA BARBOSA#AUTORIZAÇAO DE SAIDA VEICULO ALCMS#PROCESSO;13;2026-07-10;
SEFAZ - RECEITA;0082342022-1#ADILSON DIAS OLIVEIRA#AUTORIZAÇAO DE SAIDA VEICULO ALCMS#PROCESSO;12;2026-07-10;
SEFAZ - RECEITA;0087702022-1#F.R.S DE MEDEIROS-EPP#AUTORIZAÇAO DE SAIDA VEICULO ALCMS#PROCESSO;12;2026-07-10;
SEFAZ - RECEITA;0087692022-9#ANTONIA FLORENCIO DA SILVA#AUTORIZAÇAO DE SAIDA VEICULO ALCMS#PROCESSO;10;2026-07-10;
SEFAZ - RECEITA;0087682022-4#ANTONIO FLAVIO MAURICIO DE SOUZA JUNIOR#AUTORIZAÇAO DE SAIDA VEICULO ALCMS#PROCESSO;8;2026-07-10;
SEFAZ - RECEITA;0082962022-2#EDELSON DA SILVA BARBOSA#AUTORIZAÇAO DE SAIDA VEICULO ALCMS#PROCESSO;12;2026-07-10;
SEFAZ - RECEITA;0084902022-0#TAIAN DO CARMO MOURA#AUTORIZAÇAO DE SAIDA VEICULO ALCMS#PROCESSO;8;2026-07-10;
SEFAZ - RECEITA;0085362022-9#CONQUISTA MOTOS E MOTORES LTDA#AUTORIZAÇAO DE SAIDA VEICULO ALCMS#PROCESSO;12;2026-07-10;
SEFAZ - RECEITA;0068392022-7#CONQUISTA MOTOS E MOTORES LTDA#AUTORIZAÇAO DE SAIDA VEICULO ALCMS#PROCESSO;12;2026-07-10;
SEFAZ - RECEITA;0066272022-9#MONACO MOTOCENTER LAGOA COMERCIAL LTDA#AUTORIZAÇAO DE SAIDA VEICULO ALCMS#PROCESSO;6;2026-07-10;
SEFAZ - RECEITA;0069692022-0#ELIEZEL SERRAO BATISTA#AUTORIZAÇAO DE SAIDA VEICULO ALCMS#PROCESSO;8;2026-07-10;
SEFAZ - RECEITA;0068402022-0#CONQUISTA MOTOS E MOTORES LTDA#SAIDA DEFINITIVA DA ALCMS P O VEICULO S PLACA NF Nº 2066451#PROCESSO;11;2026-07-10;
SEFAZ - RECEITA;0068392022-7#CONQUISTA MOTOS E MOTORES LTDA#SAIDA DEFINITIVA DA ALCMS P O VEICULO S PLACA NF Nº 030295653#PROCESSO;10;2026-07-10;
SEFAZ - RECEITA;0068342022-4#CONQUISTA MOTOS E MOTORES LTDA#SAIDA DEFINITIVA DA ALCMS P O VEICULO S PLACA NF Nº 2071177#PROCESSO;11;2026-07-10;
SEFAZ - RECEITA;0068372022-8#CONQUISTA MOTOS E MOTORES LTDA#SAÍDA DEFINITIVA DA ALCMS P O VEICULOS S PLACA NF Nº 2070018#PROCESSO;11;2026-07-10;
SEFAZ - RECEITA;0068142022-7#DANILO FERREIRA DA COSTA#EXCLUSÃO DA RESTRIÇÃO TRIBUTRIA DO VEICULO PLACA NEY4984#PROCESSO;6;2026-07-10;
SEFAZ - RECEITA;0068482022-6#J I F AMORIM#AUTORIZAÇÃO DE SAIDA, RETIRADA DE RESTRIÇÃO TRIBUTARIA DA PLACA NES5028#PROCESSO;9;2026-07-10;
SEFAZ - RECEITA;0068302022-6#RENILDO COSTA TRINDADE#SAIDA DEFINITIVA DA ALCMS P. O VEICULO DE PLACA QLN 6626#PROCESSO;13;2026-07-10;
SEFAZ - RECEITA;0068482022-6#J I F AMORIM#AUTORIZAÇÃO DE SAÍDA RETIRADA DE RESTRIÇÃO TRIBUTARIA DA PLACA NES5028#PROCESSO;5;2026-07-10;
SEFAZ - RECEITA;0076052022-4#FRANCISCO DAS CHAGAS DE OLIVEIRA COSTA#EXCLUSÃO DO BENEFICIO TRIBUTÁRIO DO VEÍCULO PLACA QLR-8949#PROCESSO;12;2026-07-10;
SEFAZ - RECEITA;PROCESSO Nº 1562832026-9;11;2026-07-10;
SEFAZ - RECEITA;PROCESSO Nº 1563072026-0;9;2026-07-10;
SEFAZ - RECEITA;PROCESSO Nº 1562922026-8;19;2026-07-10;
SEFAZ - RECEITA;PROCESSO Nº 1564522026-9;9;2026-07-10;
SEFAZ - RECEITA;PROCESSO Nº 1586292026-9;20;2026-07-10;
SEFAZ - RECEITA;PROCESSO Nº 1586312026-6;18;2026-07-10;
SEFAZ - RECEITA;PROCESSO Nº 1586332026-5;14;2026-07-10;
SEFAZ - RECEITA;PROCESSO Nº 1586362026-9;12;2026-07-10;
SEFAZ - RECEITA;PROCESSO Nº 1561782026-5;25;2026-07-10;
SEFAZ - RECEITA;PROCESSO Nº 1608642026-2;7;2026-07-10;
SEFAZ - RECEITA;PROCESSO Nº 1633022026-3;13;2026-07-10;
SEFAZ - RECEITA;PROCESSO Nº 1633052026-7;13;2026-07-10;
SEFAZ - RECEITA;PROCESSO Nº 1722332026-5;9;2026-07-10;
SEFAZ - RECEITA;PROCESSO Nº 1722342026-0;7;2026-07-10;
SEFAZ - RECEITA;PROCESSO Nº 1720432026-3;6;2026-07-10;
SEFAZ - RECEITA;PROCESSO Nº 1721702026-3;30;2026-07-10;
SEFAZ - RECEITA;PROCESSO Nº 1722362026-9;7;2026-07-10;
SEFAZ - RECEITA;PROCESSO Nº 1722392026-2;7;2026-07-10;
SEFAZ - RECEITA;PROCESSO Nº 1722402026-5;7;2026-07-10;
SEFAZ - RECEITA;PROCESSO Nº 1722412026-0;8;2026-07-10;
SEFAZ - RECEITA;PROCESSO Nº 1769172026-2;14;2026-07-10;
SEFAZ - RECEITA;PROCESSO Nº 1769202026-4;10;2026-07-10;
SEFAZ - RECEITA;PROCESSO Nº 1769462026-9;10;2026-07-10;
SEFAZ - RECEITA;PROCESSO Nº 1768642026-4;11;2026-07-10;
SEFAZ - RECEITA;PROCESSO Nº 1769172026-2 (2);10;2026-07-10;
SEFAZ - RECEITA;PROCESSO Nº 1768612026-0;10;2026-07-10;
SEFAZ - RECEITA;PROCESSO Nº 1768252026-4;18;2026-07-10;
SEFAZ - RECEITA;PROCESSO Nº 1768272026-3;21;2026-07-10;
SEFAZ - RECEITA;PROCESSO Nº 1768262026-9;22;2026-07-10;
SEFAZ - RECEITA;PROCESSO Nº 1745922026-4;12;2026-07-10;
SEFAZ - RECEITA;PROCESSO Nº 1721362026-6;20;2026-07-10;
SEFAZ - RECEITA;PROCESSO Nº 1720102026-9;12;2026-07-10;
SEFAZ - RECEITA;PROCESSO Nº 1746062026-2;14;2026-07-10;
SEFAZ - RECEITA;PROCESSO Nº 1789962026-0;10;2026-07-10;
SEFAZ - RECEITA;PROCESSO Nº 1791262026-5;10;2026-07-10;
SEFAZ - RECEITA;PROCESSO Nº 1791252026-0;7;2026-07-10;
SEFAZ - RECEITA;PROCESSO Nº 1791002026-0;17;2026-07-10;
SEFAZ - RECEITA;PROCESSO Nº 1791032026-4;8;2026-07-10;
SEFAZ - RECEITA;PROCESSO Nº 1900172026-9;9;2026-07-10;
SEFAZ - RECEITA;PROCESSO Nº 1900582026-8;20;2026-07-10;
SEFAZ - RECEITA;PROCESSO Nº 1900642026-3;20;2026-07-10;
SEFAZ - RECEITA;PROCESSO Nº 1901022026-5;19;2026-07-10;
SEFAZ - RECEITA;PROCESSO Nº 1901052026-9;10;2026-07-10;
SEFAZ - RECEITA;PROCESSO Nº 1900982026-2;19;2026-07-10;
SEFAZ - RECEITA;PROCESSO Nº 1900482026-4;9;2026-07-10;
SEFAZ - RECEITA;PROCESSO Nº 1900492026-9;9;2026-07-10;
SEFAZ - RECEITA;PROCESSO Nº 1900512026-6;9;2026-07-10;
SEFAZ - RECEITA;PROCESSO Nº 1900522026-0;9;2026-07-10;
SEFAZ - RECEITA;PROCESSO Nº 1900532026-5;9;2026-07-10;
SEFAZ - RECEITA;PROCESSO Nº 1900972026-8;9;2026-07-10;
SEFAZ - RECEITA;PROCESSO Nº 1900872026-4;9;2026-07-10;
SEFAZ - RECEITA;PROCESSO Nº 1925062026-8;7;2026-07-10;
SEFAZ - RECEITA;PROCESSO Nº 1925022026-0;8;2026-07-10;
SEFAZ - RECEITA;PROCESSO Nº 1925012026-5;8;2026-07-10;
SEFAZ - RECEITA;PROCESSO Nº 1924992026-1;7;2026-07-10;
SEFAZ - RECEITA;PROCESSO Nº 1924972026-2;8;2026-07-10;
SEFAZ - RECEITA;PROCESSO Nº 1924962026-8;7;2026-07-10;
SEFAZ - RECEITA;PROCESSO Nº 1924952026-3;7;2026-07-10;
SEFAZ - RECEITA;PROCESSO Nº 1924802026-7;8;2026-07-10;
SEFAZ - RECEITA;PROCESSO Nº 1925762026-3;11;2026-07-10;
SEFAZ - RECEITA;PROCESSO Nº 1924612026-4;6;2026-07-10;
SEFAZ - RECEITA;PROCESSO Nº 1925312026-6;8;2026-07-10;
SEFAZ - RECEITA;PROCESSO Nº 1925412026-0;7;2026-07-10;
SEFAZ - RECEITA;PROCESSO Nº 1925342026-0;10;2026-07-10;
SEFAZ - RECEITA;PROCESSO Nº 1925392026-2;17;2026-07-10;
SEFAZ - RECEITA;PROCESSO Nº 1925332026-5;7;2026-07-10;
SEFAZ - RECEITA;PROCESSO Nº 1925322026-0;7;2026-07-10;
SEFAZ - RECEITA;PROCESSO Nº 1790612026-4;11;2026-07-10;
SEFAZ - RECEITA;013034-2014#TITO GUIMARAES NETO#ISENÇAO DE IPVA#PROCESSO;7;2026-07-10;
SEFAZ - RECEITA;013184-2014#TITO GUIMARAES NETO#ISENÇAO DE IPVA#PROCESSO;7;2026-07-10;
SEFAZ - RECEITA;013270-2014#ISRAEL CARDOSO OLIVEIRA#ISENÇAO DE IPVA#PROCESSO;4;2026-07-10;
SEFAZ - RECEITA;013726-2014#ARIOSTO TAVARES DA SILVA#ISENÇAO DE IPVA#PROCESSO;5;2026-07-10;
SEFAZ - RECEITA;013951-2014#EDUARDO SANTIAGO FADELL MACEDO#ISENÇAO DE IPVA#PROCESSO;5;2026-07-10;
SEFAZ - RECEITA;012113-2014#SILVANA VEDOVELLI#ISENÇAO DE IPVA#PROCESSO;4;2026-07-10;
SEFAZ - RECEITA;012581-2014#JOSE MARIA FERREIRA FIGUEIREDO#ISENÇAO DE IPVA#PROCESSO;10;2026-07-10;
SEFAZ - RECEITA;012980-2014#FABIOLA CALADO PEREIRA#ISENÇAO DE IPVA#PROCESSO;17;2026-07-10;
SEFAZ - RECEITA;011503-2014#MICHELLE FERNANDES SILVA#ISENÇAO DE IPVA#PROCESSO;4;2026-07-10;
SEFAZ - RECEITA;011991-2014#NIARA SILVA FONSECA#ISENÇAO DE IPVA#PROCESSO;20;2026-07-10;
SEFAZ - RECEITA;014107-2014#SANDOVAL ALVES DA CUNHA#ISENÇAO DE IPVA#PROCESSO;11;2026-07-10;
SEFAZ - RECEITA;014138-2014#EDMARIA BARBOSA VARJAO#ISENÇAO DE IPVA#PROCESSO;18;2026-07-10;
SEFAZ - RECEITA;014274-2014#JOAO CARLOS LINS CORTE#ISENÇAO DE IPVA#PROCESSO;4;2026-07-10;
SEFAZ - RECEITA;015179-2014#VALDEMAR AMANCIO COSTA#ISENÇAO DE IPVA#PROCESSO;18;2026-07-10;
SEFAZ - RECEITA;014486-2014#MIRZO CARVALHO SILVA#ISENÇAO DE IPVA#PROCESSO;15;2026-07-10;
SEFAZ - RECEITA;010340-2014#ALMIR REZENDE#ISENÇAO DE IPVA#PROCESSO;6;2026-07-10;
SEFAZ - RECEITA;010342-2014#ALMIR REZENDE#ISENÇAO DE IPVA#PROCESSO;6;2026-07-10;
SEFAZ - RECEITA;010343-2014#ALMIR REZENDE#ISENÇAO DE IPVA#PROCESSO;6;2026-07-10;
SEFAZ - RECEITA;010462-2014#TITO GUIMARAES NETO#ISENÇAO DE IPVA#PROCESSO;4;2026-07-10;
SEFAZ - RECEITA;010493-2014#MARCUS RODRIGO SANTOS RABELO#ISENÇAO DE IPVA#PROCESSO;20;2026-07-10;
SEFAZ - RECEITA;010658-2014#MAX ATALIBA FERREIRA PIRES#ISENÇAO DE IPVA#PROCESSO;4;2026-07-10;
SEFAZ - RECEITA;010671-2014#JIMMY ANDERSON COSTA DA TRINDADE#ISENÇAO DE IPVA#PROCESSO;17;2026-07-10;
SEFAZ - RECEITA;010795-2014#JOSE ROSA DE ALMEIDA#ISENÇAO DE IPVA#PROCESSO;7;2026-07-10;
SEFAZ - RECEITA;010800-2014#JUCIELSON SANTOS PENA#ISENÇAO DE IPVA#PROCESSO;5;2026-07-10;
SEFAZ - RECEITA;010907-2014#ARI DA SILVA FERREIRA#ISENÇAO DE IPVA#PROCESSO;6;2026-07-10;
SEFAZ - RECEITA;PROCESSO Nº 0202112014;5;2026-07-10;
SEFAZ - RECEITA;PROCESSO Nº 0213512014;5;2026-07-10;
SEFAZ - RECEITA;PROCESSO Nº 0216402014;21;2026-07-10;
SEFAZ - RECEITA;PROCESSO Nº 0087232014;5;2026-07-10;
SEFAZ - RECEITA;PROCESSO Nº 0087172014;6;2026-07-10;
SEFAZ - RECEITA;PROCESSO Nº 0082002014;25;2026-07-10;
SEFAZ - RECEITA;PROCESSO Nº 0081772014;19;2026-07-10;
SEFAZ - RECEITA;PROCESSO Nº 0247152014;17;2026-07-10;
SEFAZ - RECEITA;PROCESSO Nº 0110942014;18;2026-07-10;
SEFAZ - RECEITA;PROCESSO Nº 0198412014;4;2026-07-10;
SEFAZ - RECEITA;PROCESSO Nº 0191902014;104;2026-07-10;
SEFAZ - RECEITA;PROCESSO Nº 0189452014;11;2026-07-10;
SEFAZ - RECEITA;PROCESSO Nº 0184942014;5;2026-07-10;
SEFAZ - RECEITA;PROCESSO Nº 0184652014;16;2026-07-10;
SEFAZ - RECEITA;PROCESSO Nº 0185572014;22;2026-07-10;
SEFAZ - RECEITA;PROCESSO Nº 0185842014;20;2026-07-10;
SEFAZ - RECEITA;PROCESSO Nº 0187982014;18;2026-07-10;
SEFAZ - RECEITA;0043652023-0#EQUINOCIO HOSPITALAR LTDA#RELATORIO DE NOTAS FISCAIS#PROCESSO;68;2026-07-10;
SEFAZ - RECEITA;0142082017-6#EQUINOCIO HOSPITALAR LTDA#RELATORIO#PROCESSO;17;2026-07-10;
SEFAZ - RECEITA;0000-2016#CLECIO DOS SANTOS NASCIMENTO#FICHA DE INSCRICAO DO CONTRIBUINTE#DIVERSOS;9;2026-07-10;
SEFAZ - RECEITA;0123492022-0#EQUINOCIO HOSPITALAR LTDA#ATO DECLARATORIO#PROCESSO;45;2026-07-10;
SEFAZ - RECEITA;0136252022-5#EQUINOCIO HOSPITALAR LTDA#ATO DECLARATORIO#PROCESSO;37;2026-07-10;
SEFAZ - RECEITA;0163702022-8#EQUINOCIO HOSPITALAR LTDA#RELATORIO#PROCESSO;42;2026-07-10;
SEFAZ - RECEITA;0000152023-7#EQUINOCIO HOSPITALAR LTDA#RELATORIO#PROCESSO;50;2026-07-10;
SEFAZ - RECEITA;0166582021-7#EQUINOCIO HOSPITALAR LTDA#RELATORIO#PROCESSO;6;2026-07-10;
SEFAZ - RECEITA;0007602023-1#EQUINOCIO HOSPITALAR LTDA#RELATORIO#PROCESSO;4;2026-07-10;
SEFAZ - RECEITA;0122062014-9#EQUINOCIO HOSPITALAR LTDA#CORRECAO DE DEBITO#PROCESSO;10;2026-07-10;
SEFAZ - RECEITA;0124602015-7#EQUINOCIO HOSPITALAR LTDA#RELATORIO DE AlICOTA#PROCESSO;9;2026-07-10;
SEFAZ - RECEITA;0124612015-1#EQUINOCIO HOSPITALAR LTDA#RELATORIO DE ALICOTA#PROCESSO;10;2026-07-10;
SEFAZ - RECEITA;0124592015-4#EQUINOCIO HOSPITALAR LTDA#RELATORIO DE ALICOTA#PROCESSO;11;2026-07-10;
SEFAZ - RECEITA;0204322016-0#EQUINOCIO HOSPITALAR LTDA#RELATORIO#PROCESSO;15;2026-07-10;
SEFAZ - RECEITA;0110682016-9#EQUINOCIO HOSPITALAR LTDA#OFICIO SECRETARIO SEFAZ#PROCESSO;12;2026-07-10;
SEFAZ - RECEITA;0056052023-9#EQUINOCIO HOSPITALAR LTDA#RELATORIO#PROCESSO;62;2026-07-10;
SEFAZ - RECEITA;006136-2014#MAURICIO FERREIRA DAMASCENO#ISENÇAO DE IPVA#PROCESSO;6;2026-07-10;
SEFAZ - RECEITA;006496-2014#ANDRE MARCEL DOS SANTOS SILVA#ISENÇAO DE IPVA#PROCESSO;10;2026-07-10;
SEFAZ - RECEITA;006876-2014#REGINA LUCIA FERREIRA VALENTE#ISENÇAO DE IPVA#PROCESSO;9;2026-07-10;
SEFAZ - RECEITA;006982-2014#JOSE RAMALHO DE OLIVEIRA#ISENÇAO DE IPVA#PROCESSO;10;2026-07-10;
SEFAZ - RECEITA;009109-2014#ZANIEL ASSIS DE ARAUJO#ISENÇAO DE IPVA#PROCESSO;11;2026-07-10;
SEFAZ - RECEITA;009337-2014#JEAN ALEX DE SOUSA NUNES#ISENÇAO DE IPVA#PROCESSO;5;2026-07-10;
SEFAZ - RECEITA;009508-2014#ANTONIO CARLOS LEITE DE MENDONÇA JUNIOR#ISENÇAO DE IPVA#PROCESSO;15;2026-07-10;
SEFAZ - RECEITA;009868-2014#ELCIAS GUIMARAES BORGES#ISENÇAO DE IPVA#PROCESSO;6;2026-07-10;
SEFAZ - RECEITA;005051-2014#RAIMUNDO OSMAR FERREIRA PINHEIRO#ISENÇAO DE IPVA#PROCESSO;8;2026-07-10;
SEFAZ - RECEITA;005911-2014#ROCILDO MACHADO ARAUJO#ISENÇAO DE IPVA#PROCESSO;5;2026-07-10;
SEFAZ - RECEITA;PROCESSO Nº 0216312024-4;28;2026-07-10;
SEFAZ - RECEITA;PROCESSO Nº 0216262024-3;10;2026-07-10;
SEFAZ - RECEITA;PROCESSO Nº 0218292024-2;13;2026-07-10;
SEFAZ - RECEITA;PROCESSO Nº 0201372024-6;13;2026-07-10;
SEFAZ - RECEITA;PROCESSO Nº 0211052024-8;16;2026-07-10;
SEFAZ - RECEITA;PROCESSO Nº 0200342024-0;13;2026-07-10;
SEFAZ - RECEITA;PROCESSO Nº 0212912024-5;15;2026-07-10;
SEFAZ - RECEITA;PROCESSO Nº 0216582024-3;8;2026-07-10;
SEFAZ - RECEITA;PROCESSO Nº 0217142024-3;12;2026-07-10;
SEFAZ - RECEITA;PROCESSO Nº 0210892024-2;11;2026-07-10;
SEFAZ - RECEITA;PROCESSO Nº 0206572024-7;13;2026-07-10;
SEFAZ - RECEITA;PROCESSO Nº 0207842024-7;17;2026-07-10;
SEFAZ - RECEITA;PROCESSO Nº 0206542024-3;13;2026-07-10;
SEFAZ - RECEITA;PROCESSO Nº 0204592024-0;11;2026-07-10;
SEFAZ - RECEITA;PROCESSO Nº 0212462024-0;12;2026-07-10;
SEFAZ - RECEITA;PROCESSO Nº 0212502024-6;12;2026-07-10;
SEFAZ - RECEITA;PROCESSO Nº 0206492024-2;20;2026-07-10;
SEFAZ - RECEITA;PROCESSO Nº 0200562024-6;15;2026-07-10;
SEFAZ - RECEITA;PROCESSO Nº 0206672024-0;14;2026-07-10;
SEFAZ - RECEITA;PROCESSO Nº 0203122024-1;11;2026-07-10;
SEFAZ - RECEITA;AUTORIZAÇAO DE SAIDA VEICULO 0127852024-4;1;2026-07-10;
SEFAZ - RECEITA;PROCESSO Nº 0127852024-4;8;2026-07-10;
SEFAZ - RECEITA;PROCESSO Nº 0209622024-6;8;2026-07-10;
SEFAZ - RECEITA;PROCESSO Nº 0209612024-1;8;2026-07-10;
SEFAZ - RECEITA;PROCESSO Nº 0209642024-5;8;2026-07-10;
SEFAZ - RECEITA;PROCESSO Nº 0196922024-4;8;2026-07-10;
SEFAZ - RECEITA;PROCESSO Nº 0209572024-5;8;2026-07-10;
SEFAZ - RECEITA;PROCESSO Nº 0212702024-3;8;2026-07-10;
SEFAZ - RECEITA;PROCESSO Nº 0212712024-8;8;2026-07-10;
SEFAZ - RECEITA;PROCESSO Nº 0216252024-9;8;2026-07-10;
SEFAZ - RECEITA;PROCESSO Nº 0206662024-6;14;2026-07-10;
SEFAZ - RECEITA;PROCESSO Nº 0205132024-1;8;2026-07-10;
SEFAZ - RECEITA;PROCESSO Nº 0205212024-6;15;2026-07-10;
SEFAZ - RECEITA;PROCESSO Nº 0201602024-5;9;2026-07-10;
SEFAZ - RECEITA;PROCESSO Nº 0196982024-1;21;2026-07-10;
SEFAZ - RECEITA;PROCESSO Nº 0200802024-0;8;2026-07-10;
SEFAZ - RECEITA;PROCESSO Nº 0215682024-4;29;2026-07-10;
SEFAZ - RECEITA;PROCESSO Nº 0215672024-0;13;2026-07-10;
SEFAZ - RECEITA;PROCESSO Nº 0218302024-5;18;2026-07-10;
SEFAZ - RECEITA;PROCESSO Nº 0196972024-7;9;2026-07-10;
SEFAZ - RECEITA;PROCESSO Nº 0218062024-1;21;2026-07-10;
SEFAZ - RECEITA;PROCESSO Nº 0218052024-7;14;2026-07-10;
SEFAZ - RECEITA;PROCESSO Nº 0215772024-3;16;2026-07-10;
SEFAZ - RECEITA;PROCESSO Nº 0214422024-7;9;2026-07-10;
SEFAZ - RECEITA;PROCESSO Nº 0214432024-1;9;2026-07-10;
SEFAZ - RECEITA;PROCESSO Nº 0214442024-6;9;2026-07-10;
SEFAZ - RECEITA;PROCESSO Nº 0214412024-2;11;2026-07-10;
SEFAZ - RECEITA;PROCESSO Nº 0214072024-5;16;2026-07-10;
SEFAZ - RECEITA;PROCESSO Nº 0219012024-1;19;2026-07-10;
SEFAZ - RECEITA;PROCESSO Nº 0219022024-6;16;2026-07-10;
SEFAZ - RECEITA;PROCESSO Nº 0217752024-0;16;2026-07-10;
SEFAZ - RECEITA;PROCESSO Nº 0217772024-9;16;2026-07-10;
SEFAZ - RECEITA;PROCESSO Nº 0217032024-5;12;2026-07-10;
SEFAZ - RECEITA;PROCESSO Nº 0206452024-4;15;2026-07-10;
SEFAZ - RECEITA;PROCESSO Nº 0217222024-8;14;2026-07-10;
SEFAZ - RECEITA;PROCESSO Nº 0217202024-9;12;2026-07-10;
SEFAZ - RECEITA;PROCESSO Nº 0217182024-1;12;2026-07-10;
SEFAZ - RECEITA;PROCESSO Nº 0217452024-9;11;2026-07-10;
SEFAZ - RECEITA;PROCESSO Nº 0215732024-5;13;2026-07-10;
SEFAZ - RECEITA;PROCESSO Nº 0216662024-8;14;2026-07-10;
SEFAZ - RECEITA;PROCESSO Nº 0216652024-3;11;2026-07-10;
SEFAZ - RECEITA;PROCESSO Nº 0210982024-1;11;2026-07-10;
SEFAZ - RECEITA;PROCESSO Nº 0202902024-9;9;2026-07-10;
SEFAZ - RECEITA;PROCESSO Nº 0195242024-5;12;2026-07-10;
SEFAZ - RECEITA;PROCESSO Nº 0198532024-0;10;2026-07-10;
SEFAZ - RECEITA;PROCESSO Nº 0200692024-3;18;2026-07-10;
SEFAZ - RECEITA;PROCESSO Nº 0200362024-9;13;2026-07-10;
SEFAZ - RECEITA;PROCESSO Nº 0202582024-0;16;2026-07-10;
SEFAZ - RECEITA;PROCESSO Nº 0205232024-5;11;2026-07-10;
SEFAZ - RECEITA;PROCESSO Nº 0202562024-1;28;2026-07-10;
SEFAZ - RECEITA;PROCESSO Nº 0165872024-5;17;2026-07-10;
SEFAZ - RECEITA;PROCESSO Nº 0216042024-7;27;2026-07-10;
SEFAZ - RECEITA;PROCESSO Nº 0263352024-3;18;2026-07-10;
SEFAZ - RECEITA;PROCESSO Nº 0059952017-5;91;2026-07-10;
SEFAZ - RECEITA;PROCESSO Nº 0178592024-3;67;2026-07-10;
SEFAZ - RECEITA;PROCESSO Nº 0178632024-0;66;2026-07-10;
SEFAZ - RECEITA;PROCESSO Nº 0178662024-3;69;2026-07-10;
SEFAZ - RECEITA;AUTORIZAÇAO DE SAIDA 0237502024-3;2;2026-07-10;
SEFAZ - RECEITA;PROCESSO Nº 0171102024-9;21;2026-07-10;
SEFAZ - RECEITA;PROCESSO Nº 0160242024-6;4;2026-07-10;
SEFAZ - RECEITA;PROCESSO Nº 0209752024-3;12;2026-07-10;
SEFAZ - RECEITA;PROCESSO Nº 0272012024-3;7;2026-07-10;
SEFAZ - RECEITA;PROCESSO Nº 0272022024-8;8;2026-07-10;
SEFAZ - RECEITA;PROCESSO Nº 0221662024-6;60;2026-07-10;
SEFAZ - RECEITA;PROCESSO Nº 0222862024-6;38;2026-07-10;
SEFAZ - RECEITA;PROCESSO Nº 0178672024-8;67;2026-07-10;
SEFAZ - RECEITA;0095032025-0#MENDES & VIEIRA LTDA#AUTORIZAÇAO SAIDA DE VEICULO ALCMS#PROCESSO;26;2026-07-10;
SEFAZ - RECEITA;0096132025-7#MAYCON RAYLAN PANTOJA PEREIRA#AUTORIZAÇAO SAIDA DE VEICULO ALCMS#PROCESSO;13;2026-07-10;
SEFAZ - RECEITA;0054302025-8#MITRA DIOCESANA DE MACAPA#AUTORIZAÇAO SAIDA DE VEICULO ALCMS#PROCESSO;10;2026-07-10;
SEFAZ - RECEITA;0054912025-4#MARIVALDO DO BRASIL MORAIS MACIEL#AUTORIZAÇAO DE SAIDA VEICULO ALCMS#PROCESSO;11;2026-07-10;
SEFAZ - RECEITA;0064852025-0#JOAO DA COSTA SILVA#AUTORIZAÇAO DE SAIDA VEICULO ALCMS#PROCESSO;12;2026-07-10;
SEFAZ - RECEITA;0071852025-4#JOAO BATISTA GOMES DE OLIVEIRA#AUTORIZAÇAO DE SAIDA VEICULO ALCMS#PROCESSO;11;2026-07-10;
SEFAZ - RECEITA;PROCESSO Nº 0087372019-9;404;2026-07-10;
SEFAZ - RECEITA;PROCESSO Nº 0115472023-3;19;2026-07-10;
SEFAZ - RECEITA;PROCESSO Nº 0268582023-0;15;2026-07-10;
SEFAZ - RECEITA;0094942025-5#MARCO MATEUS ARRUDA DA SILVA#AUTORIZAÇAO SAIDA DE VEICULO ALCMS#PROCESSO;21;2026-07-10;
SEFAZ - RECEITA;0090052025-6#CAMALEAO COMERCIO & IMPORTACAO LTDA-ME#AUTORIZAÇAO SAIDA DE VEICULO ALCMS#PROCESSO;19;2026-07-10;
SEFAZ - RECEITA;0096482025-0#LUDMILA DE MELLO CORREA BARRETO#AUTORIZAÇAO SAIDA DE VEICULO ALCMS#PROCESSO;8;2026-07-10;
SEFAZ - RECEITA;0094912025-1#NEGMAR SOARES DOS S. SOBRINHO#AUTORIZAÇAO SAIDA DE VEICULO ALCMS#PROCESSO;14;2026-07-10;
SEFAZ - RECEITA;0099082025-4#MONACO MOTOCENTER LAGOA COMERCIAL LTDA#AUTORIZAÇAO SAIDA DE VEICULO ALCMS#PROCESSO;8;2026-07-10;
SEFAZ - RECEITA;0096122025-2#GUERRA MOTORS LTDA#AUTORIZAÇAO SAIDA DE VEICULO ALCMS#PROCESSO;22;2026-07-10;
SEFAZ - RECEITA;0099202025-5#MONACO MOTOCENTER LAGOA COMERCIAL LTDA#AUTORIZAÇAO SAIDA DE VEICULO ALCMS#PROCESSO;7;2026-07-10;
SEFAZ - RECEITA;0099192025-2#MONACO MOTOCENTER LAGOA COMERCIAL LTDA#AUTORIZAÇAO SAIDA DE VEICULO ALCMS#PROCESSO;7;2026-07-10;
SEFAZ - RECEITA;0099182025-8#MONACO MOTOCENTER LAGOA COMERCIAL LTDA#AUTORIZAÇAO SAIDA DE VEICULO ALCMS#PROCESSO;7;2026-07-10;
SEFAZ - RECEITA;0099172025-3#MONACO MOTOCENTER LAGOA COMERCIAL LTDA#AUTORIZAÇAO SAIDA DE VEICULO ALCMS#PROCESSO;7;2026-07-10;
SEFAZ - RECEITA;0099162025-9#MONACO MOTOCENTER LAGOA COMERCIAL LTDA#AUTORIZAÇAO SAIDA DE VEICULO ALCMS#PROCESSO;7;2026-07-10;
SEFAZ - RECEITA;0099152025-4#MONACO MOTOCENTER LAGOA COMERCIAL LTDA#AUTORIZAÇAO SAIDA DE VEICULO ALCMS#PROCESSO;7;2026-07-10;
SEFAZ - RECEITA;0099142025-0#MONACO MOTOCENTER LAGOA COMERCIAL LTDA#AUTORIZAÇAO SAIDA DE VEICULO ALCMS#PROCESSO;7;2026-07-10;
SEFAZ - RECEITA;0099132025-5#MONACO MOTOCENTER LAGOA COMERCIAL LTDA#AUTORIZAÇAO SAIDA DE VEICULO ALCMS#PROCESSO;7;2026-07-10;
SEFAZ - RECEITA;0099112025-6#MONACO MOTOCENTER LAGOA COMERCIAL LTDA#AUTORIZAÇAO SAIDA DE VEICULO ALCMS#PROCESSO;7;2026-07-10;
SEFAZ - RECEITA;0099102025-1#MONACO MOTOCENTER LAGOA COMERCIAL LTDA#AUTORIZAÇAO SAIDA DE VEICULO ALCMS#PROCESSO;7;2026-07-10;
SEFAZ - RECEITA;0099912025-5#MARIOM ALVARES DE OLIVEIRA RIBEIRO#AUTORIZAÇAO SAIDA DE VEICULO ALCMS#PROCESSO;11;2026-07-10;
SEFAZ - RECEITA;0099092025-9#MONACO MOTOCENTER LAGOA COMERCIAL LTDA#AUTORIZAÇAO SAIDA DE VEICULO ALCMS#PROCESSO;7;2026-07-10;
SEFAZ - RECEITA;0099902025-0#BETRAL VEICULOS LTDA#AUTORIZAÇAO SAIDA DE VEICULO ALCMS#PROCESSO;10;2026-07-10;
SEFAZ - RECEITA;0054042025-5#MONACO MOTOCENTER LAGOA COMERCIAL LTDA#AUTORIZAÇAO SAIDA DE VEICULO ALCMS#PROCESSO;7;2026-07-10;
SEFAZ - RECEITA;0054142025-9#MONACO MOTOCENTER LAGOA COMERCIAL LTDA#AUTORIZAÇAO SAIDA DE VEICULO ALCMS#PROCESSO;7;2026-07-10;
SEFAZ - RECEITA;0054052025-0#MONACO MOTOCENTER LAGOA COMERCIAL LTDA#AUTORIZAÇAO SAIDA DE VEICULO ALCMS#PROCESSO;7;2026-07-10;
SEFAZ - RECEITA;0065042025-0#ADONIAS DO NASCIMENTO FRAGOSO#AUTORIZAÇAO SAIDA DE VEICULO ALCMS#PROCESSO;9;2026-07-10;
SEFAZ - RECEITA;0065442025-4#JR RENT A CAR LTDA-ME#AUTORIZAÇAO SAIDA DE VEICULO ALCMS#PROCESSO;13;2026-07-10;
SEFAZ - RECEITA;0055062025-7#D.D. GOMES LTDA-ME#AUTORIZAÇAO SAIDA DE VEICULO ALCMS#PROCESSO;17;2026-07-10;
SEFAZ - RECEITA;0054952025-2#RACHEL LOIOLA LTDA#AUTORIZAÇAO SAIDA DE VEICULO ALCMS#PROCESSO;22;2026-07-10;
SEFAZ - RECEITA;0054032025-0#MONACO MOTOCENTER LAGOA COMERCIAL LTDA#AUTORIZAÇAO SAIDA DE VEICULO ALCMS#PROCESSO;7;2026-07-10;
SEFAZ - RECEITA;0054062025-4#MONACO MOTOCENTER LAGOA COMERCIAL LTDA#AUTORIZAÇAO SAIDA DE VEICULO ALCMS#PROCESSO;7;2026-07-10;
SEFAZ - RECEITA;0054082025-3#MONACO MOTOCENTER LAGOA COMERCIAL LTDA#AUTORIZAÇAO SAIDA DE VEICULO ALCMS#PROCESSO;7;2026-07-10;
SEFAZ - RECEITA;0054092025-8#MONACO MOTOCENTER LAGOA COMERCIAL LTDA#AUTORIZAÇAO SAIDA DE VEICULO ALCMS#PROCESSO;7;2026-07-10;
SEFAZ - RECEITA;0054102025-0#MONACO MOTOCENTER LAGOA COMERCIAL LTDA#AUTORIZAÇAO SAIDA DE VEICULO ALCMS#PROCESSO;7;2026-07-10;
SEFAZ - RECEITA;0071002025-2#MONACO MOTOCENTER LAGOA COMERCIAL LTDA#AUTORIZAÇAO SAIDA DE VEICULO ALCMS#PROCESSO;8;2026-07-10;
SEFAZ - RECEITA;0070992025-3#MONACO MOTOCENTER LAGOA COMERCIAL LTDA#AUTORIZAÇAO SAIDA DE VEICULO ALCMS#PROCESSO;7;2026-07-10;
SEFAZ - RECEITA;0070922025-1#MONACO MOTOCENTER LAGOA COMERCIAL LTDA#AUTORIZAÇAO SAIDA DE VEICULO ALCMS#PROCESSO;7;2026-07-10;
SEFAZ - RECEITA;0070972025-4#MONACO MOTOCENTER LAGOA COMERCIAL LTDA#AUTORIZAÇAO DE SAIDA VEICULO ALCMS#PROCESSO;7;2026-07-10;
SEFAZ - RECEITA;0071022025-1#MONACO MOTOCENTER LAGOA COMERCIAL LTDA#AUTORIZAÇAO DE SAIDA VEICULO ALCMS#PROCESSO;7;2026-07-10;
SEFAZ - RECEITA;0071132025-0#MONACO MOTOCENTER LAGOA COMERCIAL LTDA#AUTORIZAÇAO DE SAIDA VEICULO ALCMS#PROCESSO;7;2026-07-10;
SEFAZ - RECEITA;0071062025-0#MONACO MOTOCENTER LAGOA COMERCIAL LTDA#AUTORIZAÇAO DE SAIDA VEICULO ALCMS#PROCESSO;7;2026-07-10;
SEFAZ - RECEITA;0064902025-1#GEISA DA SILVA BARBOSA#AUTORIZAÇAO DE SAIDA VEICULO ALCMS#PROCESSO;11;2026-07-10;
SEFAZ - RECEITA;0071042025-0#MONACO MOTOCENTER LAGOA COMERCIAL LTDA#AUTORIZAÇAO DE SAIDA VEICULO ALCMS#PROCESSO;7;2026-07-10;
SEFAZ - RECEITA;0071012025-7#MONACO MOTOCENTER LAGOA COMERCIAL LTDA#AUTORIZAÇAO DE SAIDA VEICULO ALCMS#PROCESSO;7;2026-07-10;
SEFAZ - RECEITA;0070982025-9#MONACO MOTOCENTER LAGOA COMERCIAL LTDA#AUTORIZAÇAO DE SAIDA VEICULO ALCMS#PROCESSO;7;2026-07-10;
SEFAZ - RECEITA;0055032025-3#BIANCHI IMOVEIS EIRELI#AUTORIZAÇAO DE SAIDA VEICULO ALCMS#PROCESSO;18;2026-07-10;
SEFAZ - RECEITA;0058842025-5#COMERCIAL GRAO DE OURO LTDA#AUTORIZAÇAO DE SAIDA VEICULO ALCMS#PROCESSO;17;2026-07-10;
SEFAZ - RECEITA;0055082025-6#NELSON ANDRADE DE CARVALHO#AUTORIZAÇAO DE SAIDA VEICULO ALCMS#PROCESSO;14;2026-07-10;
SEFAZ - RECEITA;0059732025-0#MONACO MOTOCENTER LAGOA COMERCIAL LTDA#AUTORIZAÇAO DE SAIDA VEICULO ALCMS#PROCESSO;7;2026-07-10;
SEFAZ - RECEITA;0059662025-0#MONACO MOTOCENTER LAGOA COMERCIAL LTDA#AUTORIZAÇAO DE SAIDA VEICULO ALCMS#PROCESSO;7;2026-07-10;
SEFAZ - RECEITA;0070962025-0#MONACO MOTOCENTER LAGOA COMERCIAL LTDA#AUTORIZAÇAO DE SAIDA VEICULO ALCMS#PROCESSO;7;2026-07-10;
SEFAZ - RECEITA;0070952025-5#MONACO MOTOCENTER LAGOA COMERCIAL LTDA#AUTORIZAÇAO DE SAIDA VEICULO ALCMS#PROCESSO;7;2026-07-10;
SEFAZ - RECEITA;0070892025-0#MONACO MOTOCENTER LAGOA COMERCIAL LTDA#AUTORIZAÇAO DE SAIDA VEICULO ALCMS#PROCESSO;7;2026-07-10;
SEFAZ - RECEITA;0071462025-4#ELDORADO VEICULOS E PECAS LTDA#AUTORIZAÇAO DE SAIDA VEICULO ALCMS#PROCESSO;12;2026-07-10;
SEFAZ - RECEITA;0071782025-4#MAURO SERGIO ALVES QUEIROZ#AUTORIZAÇAO DE SAIDA VEICULO ALCMS#PROCESSO;10;2026-07-10;
SEFAZ - RECEITA;0059742025-4#MONACO MOTOCENTER LAGOA COMERCIO LTDA#AUTORIZAÇAO DE SAIDA VEICULO ALCMS#PROCESSO;7;2026-07-10;
SEFAZ - RECEITA;0059702025-6#MONACO MOTOCENTER LAGOA COMERCIAL LTDA#AUTORIZAÇAO DE SAIDA VEICULO ALCMS#PROCESSO;7;2026-07-10;
SEFAZ - RECEITA;0059712025-0#MONACO MOTOCENTER LAGOA COMERCIO LTDA#AUTORIZAÇAO DE SAIDA VEICULO ALCMS#PROCESSO;7;2026-07-10;
SEFAZ - RECEITA;0066032025-8#INACIO CIRILO DE LIRA JUNIOR#AUTORIZAÇAO DE SAIDA VEICULO ALCMS#PROCESSO;12;2026-07-10;
SEFAZ - RECEITA;0065392025-3#ADEIR DOS SANTOS TERRA#AUTORIZAÇAO DE SAIDA VEICULO ALCMS#PROCESSO;11;2026-07-10;
SEFAZ - RECEITA;0065822025-0#LOJINHA DO POVO JEANS LTDA#AUTORIZAÇAO SAIDA DE VEICULO ALCMS#PROCESSO;15;2026-07-10;
SEFAZ - RECEITA;0065852025-3#M.M CAMPOS PINTO LTDA#AUTORIZAÇAO SAIDA DE VEICULO ALCMS#PROCESSO;18;2026-07-10;
SEFAZ - RECEITA;PROCESSO Nº 003041-2014;15;2026-07-10;
SEFAZ - RECEITA;PROCESSO Nº 003184-2014;8;2026-07-10;
SEFAZ - RECEITA;PROCESSO Nº 003299-2014;20;2026-07-10;
SEFAZ - RECEITA;PROCESSO Nº 003371-2014;13;2026-07-10;
SEFAZ - RECEITA;PROCESSO Nº 003559-2014;20;2026-07-10;
SEFAZ - RECEITA;PROCESSO Nº 003705-2014;33;2026-07-10;
SEFAZ - RECEITA;PROCESSO Nº 003753-2014;15;2026-07-10;
SEFAZ - RECEITA;PROCESSO Nº 003945-2014;26;2026-07-10;
SEFAZ - RECEITA;PROCESSO Nº 004196-2014;7;2026-07-10;
SEFAZ - RECEITA;PROCESSO Nº 004165-2014;5;2026-07-10;
SEFAZ - RECEITA;PROCESSO Nº 011546-2014;19;2026-07-10;
SEFAZ - RECEITA;PROCESSO Nº 016908-2014;6;2026-07-10;
SEFAZ - RECEITA;PROCESSO Nº 016924-2014;19;2026-07-10;
SEFAZ - RECEITA;PROCESSO Nº 017207-2014;7;2026-07-10;
SEFAZ - RECEITA;PROCESSO Nº 017489-2014;6;2026-07-10;
SEFAZ - RECEITA;PROCESSO Nº 017492-2014;11;2026-07-10;
SEFAZ - RECEITA;PROCESSO Nº 017727-2014;41;2026-07-10;
SEFAZ - RECEITA;PROCESSO Nº 017853-2014;18;2026-07-10;
SEFAZ - RECEITA;PROCESSO Nº 017892-2014;21;2026-07-10;
SEFAZ - RECEITA;PROCESSO Nº 017915-2014;108;2026-07-10;
SEFAZ - RECEITA;PROCESSO Nº 0152252024-4;194;2026-07-10;
SEFAZ - RECEITA;PROCESSO Nº 001669-2007;142;2026-07-10;
SEFAZ - RECEITA;PROCESSO Nº 0230252025-4;9;2026-07-10;
SEFAZ - RECEITA;PROCESSO Nº 0230012025-9;8;2026-07-10;
SEFAZ - RECEITA;PROCESSO Nº 0224982025-2;14;2026-07-10;
SEFAZ - RECEITA;PROCESSO Nº 0233942025-3;9;2026-07-10;
SEFAZ - RECEITA;PROCESSO Nº 0233972025-7;10;2026-07-10;
SEFAZ - RECEITA;PROCESSO Nº 0230752025-2;12;2026-07-10;
SEFAZ - RECEITA;PROCESSO Nº 0230722025-9;12;2026-07-10;
SEFAZ - RECEITA;PROCESSO Nº 0230682025-2;12;2026-07-10;
SEFAZ - RECEITA;PROCESSO Nº 0230782025-6;14;2026-07-10;
SEFAZ - RECEITA;PROCESSO Nº 0230512025-7;13;2026-07-10;
SEFAZ - RECEITA;PROCESSO Nº 0229712025-7;10;2026-07-10;
SEFAZ - RECEITA;PROCESSO Nº 0149852024-3;23;2026-07-10;
SEFAZ - RECEITA;PROCESSO Nº 0155352024-6;14;2026-07-10;
SEFAZ - RECEITA;PROCESSO Nº 0126242020-2;27;2026-07-10;
SEFAZ - RECEITA;PROCESSO Nº 0159992021-2;5;2026-07-10;
SEFAZ - RECEITA;PROCESSO Nº 0201792021-5;25;2026-07-10;
SEFAZ - RECEITA;PROCESSO Nº 0188222021-8;11;2026-07-10;
SEFAZ - RECEITA;PROCESSO Nº 0189952021-0;15;2026-07-10;
SEFAZ - RECEITA;PROCESSO Nº 0130262019-3;12;2026-07-10;
SEFAZ - RECEITA;PROCESSO Nº 0142342019-5;11;2026-07-10;
SEFAZ - RECEITA;PROCESSO Nº 0174452021-6;41;2026-07-10;
SEFAZ - RECEITA;PROCESSO Nº 0175282021-5;49;2026-07-10;
SEFAZ - RECEITA;PROCESSO Nº 0124932020-8;3;2026-07-10;
SEFAZ - RECEITA;PROCESSO Nº 0179292021-0;4;2026-07-10;
SEFAZ - RECEITA;PROCESSO Nº 0130272021-0;17;2026-07-10;
SEFAZ - RECEITA;PROCESSO Nº 0143032019-2;8;2026-07-10;
SEFAZ - RECEITA;PROCESSO Nº 0199622019-5;10;2026-07-10;
SEFAZ - RECEITA;INFORMAÇAO FISCAL 0199622019-5;5;2026-07-10;
SEFAZ - RECEITA;PROCESSO Nº 0167332021-0;10;2026-07-10;
SEFAZ - RECEITA;PROCESSO Nº 0142282019-0;7;2026-07-10;
SEFAZ - RECEITA;TERMO DE EXCLUSAO DO SIMPLES NACIONAL;14;2026-07-10;
SEFAZ - RECEITA;PROCESSO Nº 0164282021-0;5;2026-07-10;
SEFAZ - RECEITA;PROCESSO Nº 0144412019-0;28;2026-07-10;
SEFAZ - RECEITA;PROCESSO Nº 0211662019-8;7;2026-07-10;
SEFAZ - RECEITA;MANUAL DOMICILIO SIMPLES NACIONAL;27;2026-07-10;
SEFAZ - RECEITA;PROCESSO Nº 0010242021-1;28;2026-07-10;
SEFAZ - RECEITA;PROCESSO Nº 0129102019-5;57;2026-07-10;
SEFAZ - RECEITA;PROCESSO Nº 0023332020-2;96;2026-07-10;
SEFAZ - RECEITA;PROCESSO Nº 0163992021-8;11;2026-07-10;
SEFAZ - RECEITA;PROCESSO Nº 0164142021-9;12;2026-07-10;
SEFAZ - RECEITA;PROCESSO Nº 0164682021-5;9;2026-07-10;
SEFAZ - RECEITA;PROCESSO Nº 0165642021-0;12;2026-07-10;
SEFAZ - RECEITA;PROCESSO Nº 0165462021-1;5;2026-07-10;
SEFAZ - RECEITA;PROCESSO Nº 0165632021-5;10;2026-07-10;
SEFAZ - RECEITA;PROCESSO Nº 0165652021-4;10;2026-07-10;
SEFAZ - RECEITA;PROCESSO Nº 0144202021-0;6;2026-07-10;
SEFAZ - RECEITA;PROCESSO Nº 0153002021-2;6;2026-07-10;
SEFAZ - RECEITA;PROCESSO Nº 0164592021-6;14;2026-07-10;
SEFAZ - RECEITA;PROCESSO Nº 0158042021-4;6;2026-07-10;
SEFAZ - RECEITA;PROCESSO Nº 0158192021-0;5;2026-07-10;
SEFAZ - RECEITA;PROCESSO Nº 0157832021-6;4;2026-07-10;
SEFAZ - RECEITA;PROCESSO Nº 0159002021-9;5;2026-07-10;
SEFAZ - RECEITA;PROCESSO Nº 0144522021-0;8;2026-07-10;
SEFAZ - RECEITA;PROCESSO Nº 0149202021-4;5;2026-07-10;
SEFAZ - RECEITA;PROCESSO Nº 0151582021-1;5;2026-07-10;
SEFAZ - RECEITA;PROCESSO Nº 0151542021-3;6;2026-07-10;
SEFAZ - RECEITA;PROCESSO Nº 0019512021-3;6;2026-07-10;
SEFAZ - RECEITA;PROCESSO Nº 0026672021-8;7;2026-07-10;
SEFAZ - RECEITA;PROCESSO Nº 0033382021-5;6;2026-07-10;
SEFAZ - RECEITA;PROCESSO Nº 0033782021-0;7;2026-07-10;
SEFAZ - RECEITA;PROCESSO Nº 0167122021-8;7;2026-07-10;
SEFAZ - RECEITA;PROCESSO Nº 0167142017-7;7;2026-07-10;
SEFAZ - RECEITA;PROCESSO Nº 0145842021-3;8;2026-07-10;
SEFAZ - RECEITA;PROCESSO Nº 0142912021-5;4;2026-07-10;
SEFAZ - RECEITA;PROCESSO Nº 0166522021-0;8;2026-07-10;
SEFAZ - RECEITA;PROCESSO Nº 0168582021-2;6;2026-07-10;
SEFAZ - RECEITA;PROCESSO Nº 0168572021-8;8;2026-07-10;
SEFAZ - RECEITA;PROCESSO Nº 0168562021-3;7;2026-07-10;
SEFAZ - RECEITA;PROCESSO Nº 0168512021-0;10;2026-07-10;
SEFAZ - RECEITA;PROCESSO Nº 0170902021-0;6;2026-07-10;
SEFAZ - RECEITA;PROCESSO Nº 0009932021-5;17;2026-07-10;
SEFAZ - RECEITA;PROCESSO Nº 0025312021-7;13;2026-07-10;
SEFAZ - RECEITA;PROCESSO Nº 0166892021-2;18;2026-07-10;
SEFAZ - RECEITA;PROCESSO Nº 0200772021-3;22;2026-07-10;
SEFAZ - RECEITA;PROCESSO Nº 0159482021-0;5;2026-07-10;
SEFAZ - RECEITA;PROCESSO Nº 0159502021-7;5;2026-07-10;
SEFAZ - RECEITA;PROCESSO Nº 0159512021-1;6;2026-07-10;
SEFAZ - RECEITA;PROCESSO Nº 0182432021-3;5;2026-07-10;
SEFAZ - RECEITA;PROCESSO Nº 0182632021-0;4;2026-07-10;
SEFAZ - RECEITA;PROCESSO Nº 0188452021-9;12;2026-07-10;
SEFAZ - RECEITA;PROCESSO Nº 0187472021-5;9;2026-07-10;
SEFAZ - RECEITA;PROCESSO Nº 0188462021-3;10;2026-07-10;
SEFAZ - RECEITA;PROCESSO Nº 0171862021-7;18;2026-07-10;
SEFAZ - RECEITA;PROCESSO Nº 0131922019-3;37;2026-07-10;
SEFAZ - RECEITA;PROCESSO Nº 0123192019-0;18;2026-07-10;
SEFAZ - RECEITA;PROCESSO Nº 0172192019-6;11;2026-07-10;
SEFAZ - RECEITA;PROCESSO Nº 0196812019-0;6;2026-07-10;
SEFAZ - RECEITA;PROCESSO Nº 0196862019-2;2;2026-07-10;
SEFAZ - RECEITA;PROCESSO Nº 0194562019-6;8;2026-07-10;
SEFAZ - RECEITA;PROCESSO Nº 0134992019-3;49;2026-07-10;
SEFAZ - RECEITA;PROCESSO Nº 0174902021-1;5;2026-07-10;
SEFAZ - RECEITA;PROCESSO Nº 0174692021-1;5;2026-07-10;
SEFAZ - RECEITA;PROCESSO Nº 0166462021-4;9;2026-07-10;
SEFAZ - RECEITA;PROCESSO Nº 0174992021-2;16;2026-07-10;
SEFAZ - RECEITA;PROCESSO Nº 0177522021-4;23;2026-07-10;
SEFAZ - RECEITA;PROCESSO Nº 0174092021-0;27;2026-07-10;
SEFAZ - RECEITA;PROCESSO Nº 0163982021-3;9;2026-07-10;
SEFAZ - RECEITA;PROCESSO Nº 0205832019-0;6;2026-07-10;
SEFAZ - RECEITA;PROCESSO Nº 0002182021-0;3;2026-07-10;
SEFAZ - RECEITA;PROCESSO Nº 0166052021-5;7;2026-07-10;
SEFAZ - RECEITA;PROCESSO Nº 0159542021-5;7;2026-07-10;
SEFAZ - RECEITA;PROCESSO Nº 0173712021-6;7;2026-07-10;
SEFAZ - RECEITA;PROCESSO Nº 0173702021-1;7;2026-07-10;
SEFAZ - RECEITA;PROCESSO Nº 0173162021-7;5;2026-07-10;
SEFAZ - RECEITA;PROCESSO Nº 0172682021-1;6;2026-07-10;
SEFAZ - RECEITA;PROCESSO Nº 0173132021-3;6;2026-07-10;
SEFAZ - RECEITA;PROCESSO Nº 0172772021-0;7;2026-07-10;
SEFAZ - RECEITA;PROCESSO Nº 0174292021-7;9;2026-07-10;
SEFAZ - RECEITA;0000-2021 POSTO NAUTICO ARAGUARI LTDA;9;2026-07-10;
SEFAZ - RECEITA;PROCESSO Nº 0184022021-0;25;2026-07-10;
SEFAZ - RECEITA;PROCESSO Nº 0197772021-8;18;2026-07-10;
SEFAZ - RECEITA;PROCESSO Nº 0138102021-6;7;2026-07-10;
SEFAZ - RECEITA;PROCESSO Nº 0144182021-3;6;2026-07-10;
SEFAZ - RECEITA;PROCESSO Nº 0205802019-7;7;2026-07-10;
SEFAZ - RECEITA;PROCESSO Nº 0142312019-1;5;2026-07-10;
SEFAZ - RECEITA;ORDEM DE SERVIÇO 2019 COTRI-SEFAZ;16;2026-07-10;
SEFAZ - RECEITA;INFORMAÇAO FISCAL 0034232019-0;11;2026-07-10;
SEFAZ - RECEITA;PROCESSO Nº 0165372019-0;20;2026-07-10;
SEFAZ - RECEITA;PROCESSO Nº 0164552021-8;29;2026-07-10;
SEFAZ - RECEITA;PROCESSO Nº 0157932021-0;11;2026-07-10;
SEFAZ - RECEITA;PROCESSO Nº 0164182021-7;12;2026-07-10;
SEFAZ - RECEITA;PROCESSO Nº 0020362021-6;8;2026-07-10;
SEFAZ - RECEITA;PROCESSO Nº 0160012021-0;5;2026-07-10;
SEFAZ - RECEITA;0000-2018#SEFAZ-AP#MANUAL DOMICILIO SIMPLES NACIONAL#DIVERSOS;27;2026-07-10;
SEFAZ - RECEITA;PROCESSO Nº 0168322021-8;5;2026-07-10;
SEFAZ - RECEITA;PROCESSO Nº 0138482021-3;22;2026-07-10;
SEFAZ - RECEITA;PROCESSO Nº 0020782020-1;128;2026-07-10;
SEFAZ - RECEITA;PROCESSO Nº 0021372019-1;161;2026-07-10;
SEFAZ - RECEITA;PROCESSO Nº 0036582018-0;640;2026-07-10;
SEFAZ - RECEITA;PROCESSO Nº 5368112025-0;7;2026-07-10;
SEFAZ - RECEITA;PROCESSO Nº 5368092025-3;7;2026-07-10;
SEFAZ - RECEITA;PROCESSO Nº 5368082025-9;7;2026-07-10;
SEFAZ - RECEITA;PROCESSO Nº 5868992025-0;12;2026-07-10;
SEFAZ - RECEITA;PROCESSO Nº 5869072025-1;13;2026-07-10;
SEFAZ - RECEITA;PROCESSO Nº 5400722025-5;38;2026-07-10;
SEFAZ - RECEITA;PROCESSO Nº 5832932025-1;11;2026-07-10;
SEFAZ - RECEITA;PROCESSO Nº 5367602025-1;7;2026-07-10;
SEFAZ - RECEITA;PROCESSO Nº 5367162025-0;7;2026-07-10;
SEFAZ - RECEITA;PROCESSO Nº 5367202025-7;7;2026-07-10;
SEFAZ - RECEITA;PROCESSO Nº 5367212025-1;7;2026-07-10;
SEFAZ - RECEITA;PROCESSO Nº 5368132025-0;7;2026-07-10;
SEFAZ - RECEITA;PROCESSO Nº 5367972025-4;7;2026-07-10;
SEFAZ - RECEITA;PROCESSO Nº 5368052025-5;7;2026-07-10;
SEFAZ - RECEITA;PROCESSO Nº 5909282025-3;10;2026-07-10;
SEFAZ - RECEITA;PROCESSO Nº 5829092025-3;2;2026-07-10;
SEFAZ - RECEITA;PROCESSO Nº 5909322025-0;10;2026-07-10;
SEFAZ - RECEITA;PROCESSO Nº 5876292025-1;22;2026-07-10;
SEFAZ - RECEITA;PROCESSO Nº 5876282025-7;23;2026-07-10;
SEFAZ - RECEITA;PROCESSO Nº 5872662025-1;9;2026-07-10;
SEFAZ - RECEITA;PROCESSO Nº 5875372025-3;20;2026-07-10;
SEFAZ - RECEITA;PROCESSO Nº 5873572025-5;10;2026-07-10;
SEFAZ - RECEITA;PROCESSO Nº 5873592025-4;10;2026-07-10;
SEFAZ - RECEITA;PROCESSO Nº 5873582025-0;13;2026-07-10;
SEFAZ - RECEITA;PROCESSO Nº 5913032025-9;9;2026-07-10;
SEFAZ - RECEITA;PROCESSO Nº 5912022025-1;28;2026-07-10;
SEFAZ - RECEITA;PROCESSO Nº 5988312025-7;13;2026-07-10;
SEFAZ - RECEITA;PROCESSO Nº 5956832025-3;7;2026-07-10;
SEFAZ - RECEITA;PROCESSO Nº 5954152025-1;16;2026-07-10;
SEFAZ - RECEITA;PROCESSO Nº 5953192025-7;13;2026-07-10;
SEFAZ - RECEITA;PROCESSO Nº 5953232025-3;23;2026-07-10;
SEFAZ - RECEITA;PROCESSO Nº 5913912025-2;27;2026-07-10;
SEFAZ - RECEITA;PROCESSO Nº 5914822025-6;20;2026-07-10;
SEFAZ - RECEITA;PROCESSO Nº 5914802025-7;18;2026-07-10;
SEFAZ - RECEITA;PROCESSO Nº 5989182025-4;13;2026-07-10;
SEFAZ - RECEITA;PROCESSO Nº 5990082025-8;11;2026-07-10;
SEFAZ - RECEITA;PROCESSO Nº 5990062025-9;13;2026-07-10;
SEFAZ - RECEITA;PROCESSO Nº 5989222025-0;14;2026-07-10;
SEFAZ - RECEITA;PROCESSO Nº 5990092025-2;13;2026-07-10;
SEFAZ - RECEITA;PROCESSO Nº 6114802025-0;9;2026-07-10;
SEFAZ - RECEITA;PROCESSO Nº 6113832025-0;8;2026-07-10;
SEFAZ - RECEITA;PROCESSO Nº 6116552025-7;19;2026-07-10;
SEFAZ - RECEITA;PROCESSO Nº 6156432025-1;20;2026-07-10;
SEFAZ - RECEITA;PROCESSO Nº 6155452025-8;11;2026-07-10;
SEFAZ - RECEITA;PROCESSO Nº 6156352025-7;16;2026-07-10;
SEFAZ - RECEITA;PROCESSO Nº 6156342025-2;12;2026-07-10;
SEFAZ - RECEITA;PROCESSO Nº 6156302025-4;11;2026-07-10;
SEFAZ - RECEITA;PROCESSO Nº 5403212025-0;11;2026-07-10;
SEFAZ - RECEITA;PROCESSO Nº 5403242025-4;11;2026-07-10;
SEFAZ - RECEITA;PROCESSO Nº 5403152025-5;11;2026-07-10;
SEFAZ - RECEITA;PROCESSO Nº 5403222025-5;11;2026-07-10;
SEFAZ - RECEITA;PROCESSO Nº 5403162025-0;12;2026-07-10;
SEFAZ - RECEITA;PROCESSO Nº 5403202025-6;11;2026-07-10;
SEFAZ - RECEITA;PROCESSO Nº 5405052025-7;7;2026-07-10;
SEFAZ - RECEITA;PROCESSO Nº 5405092025-5;7;2026-07-10;
SEFAZ - RECEITA;PROCESSO Nº 5405192025-9;7;2026-07-10;
SEFAZ - RECEITA;PROCESSO Nº 5405152025-0;7;2026-07-10;
SEFAZ - RECEITA;PROCESSO Nº 5405182025-4;7;2026-07-10;
SEFAZ - RECEITA;PROCESSO Nº 5405112025-2;7;2026-07-10;
SEFAZ - RECEITA;PROCESSO Nº 5405022025-3;7;2026-07-10;
SEFAZ - RECEITA;PROCESSO Nº 5405082025-0;7;2026-07-10;
SEFAZ - RECEITA;PROCESSO Nº 5405232025-5;7;2026-07-10;
SEFAZ - RECEITA;PROCESSO Nº 5405162025-5;7;2026-07-10;
SEFAZ - RECEITA;PROCESSO Nº 5406082025-3;7;2026-07-10;
SEFAZ - RECEITA;PROCESSO Nº 5405242025-0;8;2026-07-10;
SEFAZ - RECEITA;PROCESSO Nº 5405842025-1;8;2026-07-10;
SEFAZ - RECEITA;PROCESSO Nº 5403172025-4;11;2026-07-10;
SEFAZ - RECEITA;PROCESSO Nº 5405172025-0;7;2026-07-10;
SEFAZ - RECEITA;PROCESSO Nº 5405102025-8;7;2026-07-10;
SEFAZ - RECEITA;PROCESSO Nº 5405042025-2;8;2026-07-10;
SEFAZ - RECEITA;PROCESSO Nº 5406182025-7;22;2026-07-10;
SEFAZ - RECEITA;PROCESSO Nº 5440272025-7;10;2026-07-10;
SEFAZ - RECEITA;PROCESSO Nº 5440282025-1;10;2026-07-10;
SEFAZ - RECEITA;PROCESSO Nº 5678092025-8;7;2026-07-10;
SEFAZ - RECEITA;PROCESSO Nº 5678942025-8;9;2026-07-10;
SEFAZ - RECEITA;PROCESSO Nº 5680722025-1;10;2026-07-10;
SEFAZ - RECEITA;PROCESSO Nº 5679002025-0;9;2026-07-10;
SEFAZ - RECEITA;PROCESSO Nº 5829372025-5;9;2026-07-10;
SEFAZ - RECEITA;PROCESSO Nº 5716852025-3;12;2026-07-10;
SEFAZ - RECEITA;PROCESSO Nº 5717692025-7;11;2026-07-10;
SEFAZ - RECEITA;PROCESSO Nº 5717722025-9;8;2026-07-10;
SEFAZ - RECEITA;PROCESSO Nº 5717712025-4;9;2026-07-10;
SEFAZ - RECEITA;PROCESSO Nº 5717732025-3;7;2026-07-10;
SEFAZ - RECEITA;PROCESSO Nº 5718592025-6;7;2026-07-10;
SEFAZ - RECEITA;PROCESSO Nº 5721372025-2;9;2026-07-10;
SEFAZ - RECEITA;PROCESSO Nº 5721342025-9;11;2026-07-10;
SEFAZ - RECEITA;PROCESSO Nº 5721332025-4;11;2026-07-10;
SEFAZ - RECEITA;PROCESSO Nº 5721322025-0;11;2026-07-10;
SEFAZ - RECEITA;PROCESSO Nº 5721312025-5;11;2026-07-10;
SEFAZ - RECEITA;PROCESSO Nº 5721092025-0;11;2026-07-10;
SEFAZ - RECEITA;PROCESSO Nº 0154302017-8;34;2026-07-10;
SEFAZ - RECEITA;PROCESSO Nº 0081732018-0;10;2026-07-10;
SEFAZ - RECEITA;PROCESSO Nº 0081712018-1;15;2026-07-10;
SEFAZ - RECEITA;INFORMAÇÕES SOBRE SIMPLES NACIONAL - F DA SILVA BARBOSA - ME;10;2026-07-10;
SEFAZ - RECEITA;PROCESSO Nº 0154342017-6;86;2026-07-10;
SEFAZ - RECEITA;PROCESSO Nº 0166772017-1;10;2026-07-10;
SEFAZ - RECEITA;PROCESSO Nº 0166752017-2;9;2026-07-10;
SEFAZ - RECEITA;PROCESSO Nº 0166782017-6;7;2026-07-10;
SEFAZ - RECEITA;PROCESSO Nº 0166792017-0;7;2026-07-10;
SEFAZ - RECEITA;RELATORIO DA AÇÃO COM O PROCOM NOS POSTOS DE COMBUSTIVEIS;2;2026-07-10;
SEFAZ - RECEITA;MALHA DE RESTAURANTES, PADARIAS E LANCHONETES OPTANTES PELO SIMPLES NACIONAL;14;2026-07-10;
SEFAZ - RECEITA;PORTARIA Nº 234-2018;1;2026-07-10;
SEFAZ - RECEITA;CONVENIO DE COOPERAÇÃO TECNICA , DE 11 DE OUTUBRO DE 2013;10;2026-07-10;
SEFAZ - RECEITA;CONTROLE DE PRAZOS POR SERVIDOR - NUFES;53;2026-07-10;
SEFAZ - RECEITA;MEMORANDO Nº 049-2016;111;2026-07-10;
SEFAZ - RECEITA;PROTOCOLO DE DESLOCAMENTO DE VEICULOS;9;2026-07-10;
SEFAZ - RECEITA;PROCESSO Nº 0081822018-0;12;2026-07-10;
SEFAZ - RECEITA;PROCESSO Nº 0141762017-0;17;2026-07-10;
SEFAZ - RECEITA;PROCESSO Nº 0141772017-4;5;2026-07-10;
SEFAZ - RECEITA;PROCESSO Nº 0081842018-9;8;2026-07-10;
SEFAZ - RECEITA;PROCESSO Nº 0081792018-8;20;2026-07-10;
SEFAZ - RECEITA;PROCESSO Nº 0081762018-4;20;2026-07-10;
SEFAZ - RECEITA;PROCESSO Nº 0081832018-4;37;2026-07-10;
SEFAZ - RECEITA;PROCESSO Nº 0081772018-9;48;2026-07-10;
SEFAZ - RECEITA;PROCESSO Nº 0081802018-0;21;2026-07-10;
SEFAZ - RECEITA;PROCESSO Nº 0081782018-3;26;2026-07-10;
SEFAZ - RECEITA;MAPA DE CONTROLE DE VEICULOS 2017;45;2026-07-10;
SEFAZ - RECEITA;PROJETO DE FORTALECIMENTO DA GESTAO FISCAL ESTADO DO AMAPA;8;2026-07-10;
SEFAZ - RECEITA;BENECIFIOS FISCAIS CONCEDIDOS PELO ESTADO DO AMAPA EM RELAÇAO AO ICMS;29;2026-07-10;
SEFAZ - RECEITA;PROCESSO Nº 002420-2014;18;2026-07-10;
SEFAZ - RECEITA;PROCESSO Nº 002493-2014;20;2026-07-10;
SEFAZ - RECEITA;PROCESSO Nº 002543-2014;17;2026-07-10;
SEFAZ - RECEITA;PROCESSO Nº 002671-2014;5;2026-07-10;
SEFAZ - RECEITA;PROCESSO Nº 002675-2014;21;2026-07-10;
SEFAZ - RECEITA;PROCESSO Nº 002849-2014;33;2026-07-10;
SEFAZ - RECEITA;PROCESSO Nº 002955-2014;22;2026-07-10;
SEFAZ - RECEITA;PROCESSO Nº 001126-2014;21;2026-07-10;
SEFAZ - RECEITA;PROCESSO Nº 001102-2014;41;2026-07-10;
SEFAZ - RECEITA;PROCESSO Nº 001298-2014;15;2026-07-10;
SEFAZ - RECEITA;PROCESSO Nº 001329-2014;24;2026-07-10;
SEFAZ - RECEITA;PROCESSO Nº 001332-2014;17;2026-07-10;
SEFAZ - RECEITA;PROCESSO Nº 001364-2014;18;2026-07-10;
SEFAZ - RECEITA;PROCESSO Nº 001370-2014;15;2026-07-10;
SEFAZ - RECEITA;PROCESSO Nº 001397-2014;18;2026-07-10;
SEFAZ - RECEITA;PROCESSO Nº 001454-2014;36;2026-07-10;
SEFAZ - RECEITA;PROCESSO Nº 001521-2014;21;2026-07-10;
SEFAZ - RECEITA;PROCESSO Nº 001574-2014;13;2026-07-10;
SEFAZ - RECEITA;PROCESSO Nº 001583-2014;15;2026-07-10;
SEFAZ - RECEITA;PROCESSO Nº 001625-2014;28;2026-07-10;
SEFAZ - RECEITA;PROCESSO Nº 001654-2014;20;2026-07-10;
SEFAZ - RECEITA;PROCESSO Nº 001680-2014;33;2026-07-10;
SEFAZ - RECEITA;PROCESSO Nº 001710-2014;8;2026-07-10;
SEFAZ - RECEITA;PROCESSO Nº 001726-2014;22;2026-07-10;
SEFAZ - RECEITA;PROCESSO Nº 001881-2014;22;2026-07-10;
SEFAZ - RECEITA;PROCESSO Nº 001974-2014;7;2026-07-10;
SEFAZ - RECEITA;PROCESSO Nº 000171-2014;41;2026-07-10;
SEFAZ - RECEITA;PROCESSO Nº 000181-2014;82;2026-07-10;
SEFAZ - RECEITA;PROCESSO Nº 000236-2014;23;2026-07-10;
SEFAZ - RECEITA;PROCESSO Nº 000336-2014;14;2026-07-10;
SEFAZ - RECEITA;PROCESSO Nº 000349-2014;16;2026-07-10;
SEFAZ - RECEITA;PROCESSO Nº 000438-2014;10;2026-07-10;
SEFAZ - RECEITA;PROCESSO Nº 000440-2014;11;2026-07-10;
SEFAZ - RECEITA;PROCESSO Nº 000446-2014;25;2026-07-10;
SEFAZ - RECEITA;PROCESSO Nº 000515-2014;43;2026-07-10;
SEFAZ - RECEITA;PROCESSO Nº 000527-2014;13;2026-07-10;
SEFAZ - RECEITA;PROCESSO Nº 000544-2014;39;2026-07-10;
SEFAZ - RECEITA;PROCESSO Nº 000592-2014;12;2026-07-10;
SEFAZ - RECEITA;PROCESSO Nº 000628-2014;29;2026-07-10;
SEFAZ - RECEITA;PROCESSO Nº 000633-2014;22;2026-07-10;
SEFAZ - RECEITA;PROCESSO Nº 000724-2014;16;2026-07-10;
SEFAZ - RECEITA;PROCESSO Nº 000854-2014;26;2026-07-10;
SEFAZ - RECEITA;PROCESSO Nº 000911-2014;19;2026-07-10;
SEFAZ - RECEITA;PROCESSO Nº 000981-2014;25;2026-07-10;
SEFAZ - RECEITA;PROCESSO Nº 000982-2014;9;2026-07-10;
SEFAZ - RECEITA;PROCESSO Nº 025548-2014;20;2026-07-10;
SEFAZ - RECEITA;PROCESSO Nº 024935-2014;22;2026-07-10;
SEFAZ - RECEITA;PROCESSO Nº 023063-2014;131;2026-07-10;
SEFAZ - RECEITA;PROCESSO Nº 023213-2014;24;2026-07-10;
SEFAZ - RECEITA;PROCESSO Nº 023981-2014;21;2026-07-10;
SEFAZ - RECEITA;PROCESSO Nº 022669-2014;21;2026-07-10;
SEFAZ - RECEITA;PROCESSO Nº 022498-2014;24;2026-07-10;
SEFAZ - RECEITA;PROCESSO Nº 022134-2014;5;2026-07-10;
SEFAZ - RECEITA;PROCESSO Nº 007072-2014;17;2026-07-10;
SEFAZ - RECEITA;PROCESSO Nº 007082-2014;8;2026-07-10;
SEFAZ - RECEITA;PROCESSO Nº 007083-2014;8;2026-07-10;
SEFAZ - RECEITA;PROCESSO Nº 007119-2014;93;2026-07-10;
SEFAZ - RECEITA;PROCESSO Nº 007124-2014;83;2026-07-10;
SEFAZ - RECEITA;PROCESSO Nº 0071582014-1;20;2026-07-10;
SEFAZ - RECEITA;PROCESSO Nº 007209-2014;6;2026-07-10;
SEFAZ - RECEITA;PROCESSO Nº 007228-2014;172;2026-07-10;
SEFAZ - RECEITA;PROCESSO Nº 007345-2014;32;2026-07-10;
SEFAZ - RECEITA;PROCESSO Nº 007473-2014;16;2026-07-10;
SEFAZ - RECEITA;PROCESSO Nº 007480-2014;16;2026-07-10;
SEFAZ - RECEITA;PROCESSO Nº 007547-2014;20;2026-07-10;
SEFAZ - RECEITA;PROCESSO Nº 007556-2014;13;2026-07-10;
SEFAZ - RECEITA;PROCESSO Nº 007563-2014;89;2026-07-10;
SEFAZ - RECEITA;PROCESSO Nº 007649-2014;27;2026-07-10;
SEFAZ - RECEITA;PROCESSO Nº 007713-2014;20;2026-07-10;
SEFAZ - RECEITA;PROCESSO Nº 007750-2014;20;2026-07-10;
SEFAZ - RECEITA;PROCESSO Nº 007759-2014;7;2026-07-10;
SEFAZ - RECEITA;PROCESSO Nº 007789-2014;15;2026-07-10;
SEFAZ - RECEITA;PROCESSO Nº 007853-2014;6;2026-07-10;
SEFAZ - RECEITA;PROCESSO Nº 7246412025-1;21;2026-07-10;
SEFAZ - RECEITA;PROCESSO Nº 7724762025-0;24;2026-07-10;
SEFAZ - RECEITA;PROCESSO Nº 7151862025-6;21;2026-07-10;
SEFAZ - RECEITA;PROCESSO Nº 7869432025-8;25;2026-07-10;
SEFAZ - RECEITA;PROCESSO Nº 7870502025-5;22;2026-07-10;
SEFAZ - RECEITA;PROCESSO Nº 7771782025-0;15;2026-07-10;
SEFAZ - RECEITA;PROCESSO Nº 7821682025-9;28;2026-07-10;
SEFAZ - RECEITA;PROCESSO Nº 8122322025-7;27;2026-07-10;
SEFAZ - RECEITA;PROCESSO Nº 8076582025-0;26;2026-07-10;
SEFAZ - RECEITA;PROCESSO Nº 8076552025-7;27;2026-07-10;
SEFAZ - RECEITA;PROCESSO Nº 8127192025-5;30;2026-07-10;
SEFAZ - RECEITA;PROCESSO Nº 4973282025-0;24;2026-07-10;
SEFAZ - RECEITA;PROCESSO Nº 6597652025-1;23;2026-07-10;
SEFAZ - RECEITA;PROCESSO Nº 0079062023-5;31;2026-07-10;
SEFAZ - RECEITA;PROCESSO Nº 0217422024-5;16;2026-07-10;
SEFAZ - RECEITA;PROCESSO Nº 0387612024-1;27;2026-07-10;
SEFAZ - RECEITA;PROCESSO Nº 0128062023-4;21;2026-07-10;
SEFAZ - RECEITA;PROCESSO Nº 0164082024-8;41;2026-07-10;
SEFAZ - RECEITA;PROCESSO Nº 0046132023-1;30;2026-07-10;
SEFAZ - RECEITA;PROCESSO Nº 0128782022-0;22;2026-07-10;
SEFAZ - RECEITA;PROCESSO Nº 0151222023-0;25;2026-07-10;
SEFAZ - RECEITA;PROCESSO Nº 0151212023-5;23;2026-07-10;
SEFAZ - RECEITA;PROCESSO Nº 0330292024-5;36;2026-07-10;
SEFAZ - RECEITA;PROCESSO Nº 0274102024-8;21;2026-07-10;
SEFAZ - RECEITA;PROCESSO Nº 0339632024-7;22;2026-07-10;
SEFAZ - RECEITA;PROCESSO Nº 0120112024-1;28;2026-07-10;
SEFAZ - RECEITA;PROCESSO Nº 0181662019-0;48;2026-07-10;
SEFAZ - RECEITA;PROCESSO Nº 0181672019-4;43;2026-07-10;
SEFAZ - RECEITA;PROCESSO Nº 0170352024-6;21;2026-07-10;
SEFAZ - RECEITA;PROCESSO Nº 0092792016-6;20;2026-07-10;
SEFAZ - RECEITA;PROCESSO Nº 0074092016-2;21;2026-07-10;
SEFAZ - RECEITA;PROCESSO Nº 0013072017-8;3;2026-07-10;
SEFAZ - RECEITA;PROCESSO Nº 0092712016-0;11;2026-07-10;
SEFAZ - RECEITA;PROCESSO Nº 0180122016-6;5;2026-07-10;
SEFAZ - RECEITA;PROCESSO Nº 0090042016-2;7;2026-07-10;
SEFAZ - RECEITA;PROCESSO Nº 0193842016-0;8;2026-07-10;
SEFAZ - RECEITA;PROCESSO Nº 0190692016-8;11;2026-07-10;
SEFAZ - RECEITA;PROCESSO Nº 0113472016-5;69;2026-07-10;
SEFAZ - RECEITA;PROCESSO Nº 7190312025-0;23;2026-07-10;
SEFAZ - RECEITA;PROCESSO Nº 7197662025-2;23;2026-07-10;
SEFAZ - RECEITA;PROCESSO Nº 7861452025-5;19;2026-07-10;
SEFAZ - RECEITA;PROCESSO Nº 7820522025-5;29;2026-07-10;
SEFAZ - RECEITA;PROCESSO Nº 7101472025-7;22;2026-07-10;
SEFAZ - RECEITA;PROCESSO Nº 7821672025-4;10;2026-07-10;
SEFAZ - RECEITA;PROCESSO Nº 7723802025-4;26;2026-07-10;
SEFAZ - RECEITA;PROCESSO Nº 7817182025-5;23;2026-07-10;
SEFAZ - RECEITA;PROCESSO Nº 7717832025-7;19;2026-07-10;
SEFAZ - RECEITA;PROCESSO Nº 7722372025-5;27;2026-07-10;
SEFAZ - RECEITA;PROCESSO Nº 7721382025-7;20;2026-07-10;
SEFAZ - RECEITA;PROCESSO Nº 7717842025-1;27;2026-07-10;
SEFAZ - RECEITA;PROCESSO Nº 7724812025-1;22;2026-07-10;
SEFAZ - RECEITA;PROCESSO Nº 7761472025-3;21;2026-07-10;
SEFAZ - RECEITA;PROCESSO Nº 7724782025-0;26;2026-07-10;
SEFAZ - RECEITA;PROCESSO Nº 7765802025-7;15;2026-07-10;
SEFAZ - RECEITA;PROCESSO Nº 7772282025-5;26;2026-07-10;
SEFAZ - RECEITA;PROCESSO Nº 7821642025-0;24;2026-07-10;
SEFAZ - RECEITA;PROCESSO Nº 7861412025-7;22;2026-07-10;
SEFAZ - RECEITA;PROCESSO Nº 7861462025-0;21;2026-07-10;
SEFAZ - RECEITA;PROCESSO Nº 7818362025-6;23;2026-07-10;
SEFAZ - RECEITA;PROCESSO Nº 7818662025-7;29;2026-07-10;
SEFAZ - RECEITA;PROCESSO Nº 7816102025-6;21;2026-07-10;
SEFAZ - RECEITA;PROCESSO Nº 8123552025-0;22;2026-07-10;
SEFAZ - RECEITA;PROCESSO Nº 8172852025-8;22;2026-07-10;
SEFAZ - RECEITA;PROCESSO Nº 8075382025-0;24;2026-07-10;
SEFAZ - RECEITA;PROCESSO Nº 8076572025-6;24;2026-07-10;
SEFAZ - RECEITA;PROCESSO Nº 8120742025-5;16;2026-07-10;
SEFAZ - RECEITA;PROCESSO Nº 6818602025-0;22;2026-07-10;
SEFAZ - RECEITA;PROCESSO Nº 6591542025-7;30;2026-07-10;
SEFAZ - RECEITA;PROCESSO Nº 5955042025-6;20;2026-07-10;
SEFAZ - RECEITA;PROCESSO Nº 5641012025-7;26;2026-07-10;
SEFAZ - RECEITA;PROCESSO Nº 5367172025-5;24;2026-07-10;
SEFAZ - RECEITA;PROCESSO Nº 5328902025-8;23;2026-07-10;
SEFAZ - RECEITA;PROCESSO Nº 5368122025-5;22;2026-07-10;
SEFAZ - RECEITA;PROCESSO Nº 6596642025-4;24;2026-07-10;
SEFAZ - RECEITA;PROCESSO Nº 6869882025-5;22;2026-07-10;
SEFAZ - RECEITA;PROCESSO Nº 4934742025-5;25;2026-07-10;
SEFAZ - RECEITA;PROCESSO Nº 4899692025-8;24;2026-07-10;
SEFAZ - RECEITA;PROCESSO Nº 4673722025-8;29;2026-07-10;
SEFAZ - RECEITA;PROCESSO Nº 5329262025-2;24;2026-07-10;
SEFAZ - RECEITA;PROCESSO Nº 0263422024-3;52;2026-07-10;
SEFAZ - RECEITA;PROCESSO Nº 0239062024-8;52;2026-07-10;
SEFAZ - RECEITA;PROCESSO Nº 0263652023-6;7;2026-07-10;
SEFAZ - RECEITA;PROCESSO Nº 0263742023-5;7;2026-07-10;
SEFAZ - RECEITA;PROCESSO Nº 0125502024-5;32;2026-07-10;
SEFAZ - RECEITA;PROCESSO Nº 0349022024-2;30;2026-07-10;
SEFAZ - RECEITA;PROCESSO Nº 0267152024-7;5;2026-07-10;
SEFAZ - RECEITA;PROCESSO Nº 0327022024-3;5;2026-07-10;
SEFAZ - RECEITA;PROCESSO Nº 0216472024-5;13;2026-07-10;
SEFAZ - RECEITA;PROCESSO Nº 0378612024-2;26;2026-07-10;
SEFAZ - RECEITA;PROCESSO Nº 0056732023-5;3;2026-07-10;
SEFAZ - RECEITA;PROCESSO Nº 0080612022-3;11;2026-07-10;
SEFAZ - RECEITA;PROCESSO Nº 0035442023-2;25;2026-07-10;
SEFAZ - RECEITA;PROCESSO Nº 0080002023-5;6;2026-07-10;
SEFAZ - RECEITA;PROCESSO Nº 0334752024-6;34;2026-07-10;
SEFAZ - RECEITA;PROCESSO Nº 0145592022-3;7;2026-07-10;
SEFAZ - RECEITA;PROCESSO Nº 0129812022-5;6;2026-07-10;
SEFAZ - RECEITA;PROCESSO Nº 0033612023-0;13;2026-07-10;
SEFAZ - RECEITA;PROCESSO Nº 0090442021-3;9;2026-07-10;
SEFAZ - RECEITA;PROCESSO Nº 0099492021-0;10;2026-07-10;
SEFAZ - RECEITA;PROCESSO Nº 0134192021-6;8;2026-07-10;
SEFAZ - RECEITA;PROCESSO Nº 0253072023-1;18;2026-07-10;
SEFAZ - RECEITA;PROCESSO Nº 0239042024-9;29;2026-07-10;
SEFAZ - RECEITA;PROCESSO Nº 0223312024-8;5;2026-07-10;
SEFAZ - RECEITA;PROCESSO Nº 0209932021-7;9;2026-07-10;
SEFAZ - RECEITA;PROCESSO Nº 0363012024-5;14;2026-07-10;
SEFAZ - RECEITA;PROCESSO Nº 0175872024-7;28;2026-07-10;
SEFAZ - RECEITA;PROCESSO Nº 0034792023-3;36;2026-07-10;
SEFAZ - RECEITA;PROCESSO Nº 0272942024-0;8;2026-07-10;
SEFAZ - RECEITA;PROCESSO Nº 0202322024-6;35;2026-07-10;
SEFAZ - RECEITA;PROCESSO Nº 0253432023-8;15;2026-07-10;
SEFAZ - RECEITA;PROCESSO Nº 0158892024-0;43;2026-07-10;
SEFAZ - RECEITA;PROCESSO Nº 0230812024-0;15;2026-07-10;
SEFAZ - RECEITA;PROCESSO Nº 0072952023-4;26;2026-07-10;
SEFAZ - RECEITA;PROCESSO Nº 0055522023-0;10;2026-07-10;
SEFAZ - RECEITA;PROCESSO Nº 0074942023-5;10;2026-07-10;
SEFAZ - RECEITA;PROCESSO Nº 0103392023-1;9;2026-07-10;
SEFAZ - RECEITA;PROCESSO Nº 0221182024-7;37;2026-07-10;
SEFAZ - RECEITA;PROCESSO Nº 0164992022-9;17;2026-07-10;
SEFAZ - RECEITA;PROCESSO Nº 0028522022-5;24;2026-07-10;
SEFAZ - RECEITA;PROCESSO Nº 0022192022-6;20;2026-07-10;
SEFAZ - RECEITA;PROCESSO Nº 0140392016-8;11;2026-07-10;
SEFAZ - RECEITA;PROCESSO Nº 0061722017-4;31;2026-07-10;
SEFAZ - RECEITA;PROCESSO Nº 0140882016-1;11;2026-07-10;
SEFAZ - RECEITA;PROCESSO Nº 0110972016-5;7;2026-07-10;
SEFAZ - RECEITA;PROCESSO Nº 0192562016-6;9;2026-07-10;
SEFAZ - RECEITA;PROCESSO Nº 0203982016-7;9;2026-07-10;
SEFAZ - RECEITA;PROCESSO Nº 0013102017-0;3;2026-07-10;
SEFAZ - RECEITA;PROCESSO Nº 0013112017-4;5;2026-07-10;
SEFAZ - RECEITA;PROCESSO Nº 0053362017-1;9;2026-07-10;
SEFAZ - RECEITA;PROCESSO Nº 0059782017-1;14;2026-07-10;
SEFAZ - RECEITA;PROCESSO Nº 0001522017-6;7;2026-07-10;
SEFAZ - RECEITA;PROCESSO Nº 0001502017-7;9;2026-07-10;
SEFAZ - RECEITA;PROCESSO Nº 0001492017-4;7;2026-07-10;
SEFAZ - RECEITA;PROCESSO Nº 0001472017-5;7;2026-07-10;
SEFAZ - RECEITA;PROCESSO Nº 0001512017-1;7;2026-07-10;
SEFAZ - RECEITA;PROCESSO Nº 0112582016-0;7;2026-07-10;
SEFAZ - RECEITA;PROCESSO Nº 0199692016-2;8;2026-07-10;
SEFAZ - RECEITA;PROCESSO Nº 0155672016-5;5;2026-07-10;
SEFAZ - RECEITA;PROCESSO Nº 0164222016-7;10;2026-07-10;
SEFAZ - RECEITA;PROCESSO Nº 0001462017-0;7;2026-07-10;
SEFAZ - RECEITA;PROCESSO Nº 0001432017-7;7;2026-07-10;
SEFAZ - RECEITA;PROCESSO Nº 0001412017-8;7;2026-07-10;
SEFAZ - RECEITA;PROCESSO Nº 0071422017-5;9;2026-07-10;
SEFAZ - RECEITA;PROCESSO Nº 0071432017-0;7;2026-07-10;
SEFAZ - RECEITA;PROCESSO Nº 0071372017-4;7;2026-07-10;
SEFAZ - RECEITA;PROCESSO Nº 0071412017-0;7;2026-07-10;
SEFAZ - RECEITA;PROCESSO Nº 0071282017-5;9;2026-07-10;
SEFAZ - RECEITA;PROCESSO Nº 0070912017-6;11;2026-07-10;
SEFAZ - RECEITA;PROCESSO Nº 0070942017-0;7;2026-07-10;
SEFAZ - RECEITA;PROCESSO Nº 0046692017-2;10;2026-07-10;
SEFAZ - RECEITA;PROCESSO Nº 0075532017-4;10;2026-07-10;
SEFAZ - RECEITA;PROCESSO Nº 0044482017-5;6;2026-07-10;
SEFAZ - RECEITA;PROCESSO Nº 0044442017-7;14;2026-07-10;
SEFAZ - RECEITA;PROCESSO Nº 0148382016-5;7;2026-07-10;
SEFAZ - RECEITA;PROCESSO Nº 0019002017-2;7;2026-07-10;
SEFAZ - RECEITA;PROCESSO Nº 0033112017-8;6;2026-07-10;
SEFAZ - RECEITA;PROCESSO Nº 0019012017-7;9;2026-07-10;
SEFAZ - RECEITA;PROCESSO Nº 0118762016-5;16;2026-07-10;
SEFAZ - RECEITA;PROCESSO Nº 0114142016-3;9;2026-07-10;
SEFAZ - RECEITA;PROCESSO Nº 0198032016-0;9;2026-07-10;
SEFAZ - RECEITA;PROCESSO Nº 0128192016-9;8;2026-07-10;
SEFAZ - RECEITA;PROCESSO Nº 0125382016-3;11;2026-07-10;
SEFAZ - RECEITA;PROCESSO Nº 0182962016-9;6;2026-07-10;
SEFAZ - RECEITA;PROCESSO Nº 0118802016-1;5;2026-07-10;
SEFAZ - RECEITA;PROCESSO Nº 0107572016-8;7;2026-07-10;
SEFAZ - RECEITA;PROCESSO Nº 0157252016-7;6;2026-07-10;
SEFAZ - RECEITA;PROCESSO Nº 0157302016-8;8;2026-07-10;
SEFAZ - RECEITA;PROCESSO Nº 0090462017-4;12;2026-07-10;
SEFAZ - RECEITA;PROCESSO Nº 0138952016-1;28;2026-07-10;
SEFAZ - RECEITA;PROCESSO Nº 0130622016-5;6;2026-07-10;
SEFAZ - RECEITA;PROCESSO Nº 0191852016-0;9;2026-07-10;
SEFAZ - RECEITA;PROCESSO Nº 0138972016-0;26;2026-07-10;
SEFAZ - RECEITA;PROCESSO Nº 0096252016-0;8;2026-07-10;
SEFAZ - RECEITA;PROCESSO Nº 0192652016-5;11;2026-07-10;
SEFAZ - RECEITA;PROCESSO Nº 0076932016-3;11;2026-07-10;
SEFAZ - RECEITA;PROCESSO Nº 0024162017-1;7;2026-07-10;
SEFAZ - RECEITA;PROCESSO Nº 0188972016-0;7;2026-07-10;
SEFAZ - RECEITA;PROCESSO Nº 0195272016-8;6;2026-07-10;
SEFAZ - RECEITA;PROCESSO Nº 0195252016-9;7;2026-07-10;
SEFAZ - RECEITA;PROCESSO Nº 0160822016-8;10;2026-07-10;
SEFAZ - RECEITA;PROCESSO Nº 002022-2014;14;2026-07-10;
SEFAZ - RECEITA;PROCESSO Nº 002097-2014;12;2026-07-10;
SEFAZ - RECEITA;PROCESSO Nº 002126-2014;11;2026-07-10;
SEFAZ - RECEITA;PROCESSO Nº 002221-2014;6;2026-07-10;
SEFAZ - RECEITA;PROCESSO Nº 002260-2014;13;2026-07-10;
SEFAZ - RECEITA;PROCESSO Nº 002331-2014;18;2026-07-10;
SEFAZ - RECEITA;PROCESSO Nº 002333-2014;16;2026-07-10;
SEFAZ - RECEITA;PROCESSO Nº 002393-2014;46;2026-07-10;
SEFAZ - RECEITA;PROCESSO Nº 002404-2014;27;2026-07-10;
SEFAZ - RECEITA;PROCESSO Nº 001099-2014;16;2026-07-10;
SEFAZ - RECEITA;PROCESSO Nº 001561-2014;16;2026-07-10;
SEFAZ - RECEITA;PROCESSO Nº 001759-2014;19;2026-07-10;
SEFAZ - RECEITA;PROCESSO Nº 001767-2014;5;2026-07-10;
SEFAZ - RECEITA;PROCESSO Nº 001861-2014;9;2026-07-10;
SEFAZ - RECEITA;PROCESSO Nº 000037-2014;16;2026-07-10;
SEFAZ - RECEITA;PROCESSO Nº 000575-2014;20;2026-07-10;
SEFAZ - RECEITA;PROCESSO Nº 026002-2014;28;2026-07-10;
SEFAZ - RECEITA;PROCESSO Nº 026058-2014;39;2026-07-10;
SEFAZ - RECEITA;PROCESSO Nº 026201-2014;30;2026-07-10;
SEFAZ - RECEITA;PROCESSO Nº 026308-2014;14;2026-07-10;
SEFAZ - RECEITA;PROCESSO Nº 026381-2014;17;2026-07-10;
SEFAZ - RECEITA;PROCESSO Nº 025328-2014;6;2026-07-10;
SEFAZ - RECEITA;PROCESSO Nº 025359-2014;18;2026-07-10;
SEFAZ - RECEITA;PROCESSO Nº 025439-2014;20;2026-07-10;
SEFAZ - RECEITA;PROCESSO Nº 025524-2014;10;2026-07-10;
SEFAZ - RECEITA;PROCESSO Nº 024382-2014;20;2026-07-10;
SEFAZ - RECEITA;PROCESSO Nº 024447-2014;19;2026-07-10;
SEFAZ - RECEITA;PROCESSO Nº 024549-2014;21;2026-07-10;
SEFAZ - RECEITA;PROCESSO Nº 024564-2014;9;2026-07-10;
SEFAZ - RECEITA;PROCESSO Nº 024733-2014;6;2026-07-10;
SEFAZ - RECEITA;PROCESSO Nº 024750-2014;12;2026-07-10;
SEFAZ - RECEITA;PROCESSO Nº 024857-2014;14;2026-07-10;
SEFAZ - RECEITA;PROCESSO Nº 024906-2014;20;2026-07-10;
SEFAZ - RECEITA;PROCESSO Nº 023062-2014;29;2026-07-10;
SEFAZ - RECEITA;PROCESSO Nº 023084-2014;9;2026-07-10;
SEFAZ - RECEITA;PROCESSO Nº 022975-2014;23;2026-07-10;
SEFAZ - RECEITA;PROCESSO Nº 022826-2014;9;2026-07-10;
SEFAZ - RECEITA;PROCESSO Nº 022806-2014;6;2026-07-10;
SEFAZ - RECEITA;PROCESSO Nº 022756-2014;15;2026-07-10;
SEFAZ - RECEITA;PROCESSO Nº 022676-2014;21;2026-07-10;
SEFAZ - RECEITA;PROCESSO Nº 022278-2014;4;2026-07-10;
SEFAZ - RECEITA;PROCESSO Nº 022106-2014;20;2026-07-10;
SEFAZ - RECEITA;PROCESSO Nº 022082-2014;25;2026-07-10;
SEFAZ - RECEITA;PROCESSO Nº 007003-2014;15;2026-07-10;
SEFAZ - RECEITA;PROCESSO Nº 0132792020-4;461;2026-07-10;
SEFAZ - RECEITA;PROCESSO Nº 0132842020-5;449;2026-07-10;
;Total pages;69329;;
